{
  "type": "FeatureCollection",
  "metadata": {
    "source": "OpenStreetMap",
    "dataStatus": "REAL_PUBLIC_DATA",
    "region": "Duvvada, Visakhapatnam, Andhra Pradesh, India",
    "coordinatesBBox": [
      83.135,
      17.69,
      83.17,
      17.725
    ],
    "generatedAt": "2026-09-11T13:53:36.826Z",
    "disclaimer": "Building footprints are real geospatial vectors extracted from OpenStreetMap contributors under ODbL."
  },
  "features": [
    {
      "type": "Feature",
      "id": "B001",
      "properties": {
        "Building_ID": "B001",
        "Parcel_ID": "LP001",
        "Osm_ID": 487132882,
        "Name": "KBC Heights",
        "Building_Type": "Apartment",
        "Latitude": 17.695596,
        "Longitude": 83.163853,
        "Area_sq_m": 811,
        "Floors": 5,
        "HasRealLevels": true,
        "RealFloors": 5,
        "Height_m": 16,
        "HasRealHeight": false,
        "RealHeight": 16,
        "Street": "Kurmannapalem Road",
        "City": "Visakhapatnam",
        "Postcode": "530046",
        "State": "Andhra Pradesh",
        "Source": "OpenStreetMap",
        "DataStatus": "REAL_PUBLIC_DATA",
        "HeightStatus": "DERIVED_FROM_LEVELS"
      },
      "geometry": {
        "type": "Polygon",
        "coordinates": [
          [
            [
              83.1640041,
              17.6954164
            ],
            [
              83.16411,
              17.6955991
            ],
            [
              83.163933,
              17.6957065
            ],
            [
              83.1638914,
              17.6956285
            ],
            [
              83.1638767,
              17.69564
            ],
            [
              83.1639182,
              17.6957129
            ],
            [
              83.1638351,
              17.6957563
            ],
            [
              83.1637855,
              17.6956681
            ],
            [
              83.163827,
              17.6956502
            ],
            [
              83.1638203,
              17.6956413
            ],
            [
              83.1637935,
              17.6956515
            ],
            [
              83.163756,
              17.6955876
            ],
            [
              83.1637667,
              17.69558
            ],
            [
              83.1637251,
              17.6955008
            ],
            [
              83.1638015,
              17.6954624
            ],
            [
              83.1638337,
              17.6955314
            ],
            [
              83.1638565,
              17.6955225
            ],
            [
              83.163827,
              17.6954701
            ],
            [
              83.1640041,
              17.6954164
            ]
          ]
        ]
      }
    },
    {
      "type": "Feature",
      "id": "B002",
      "properties": {
        "Building_ID": "B002",
        "Parcel_ID": "LP002",
        "Osm_ID": 487132996,
        "Name": "Lakshmi Nilayam",
        "Building_Type": "Independent House",
        "Latitude": 17.695579,
        "Longitude": 83.163643,
        "Area_sq_m": 243.7,
        "Floors": 3,
        "HasRealLevels": true,
        "RealFloors": 3,
        "Height_m": 9.600000000000001,
        "HasRealHeight": false,
        "RealHeight": 9.600000000000001,
        "Street": "Kurmannapalem Road",
        "City": "Visakhapatnam",
        "Postcode": "530046",
        "State": "Andhra Pradesh",
        "Source": "OpenStreetMap",
        "DataStatus": "REAL_PUBLIC_DATA",
        "HeightStatus": "DERIVED_FROM_LEVELS"
      },
      "geometry": {
        "type": "Polygon",
        "coordinates": [
          [
            [
              83.1636434,
              17.695677
            ],
            [
              83.1637507,
              17.6956285
            ],
            [
              83.1636702,
              17.69547
            ],
            [
              83.1635522,
              17.6955237
            ],
            [
              83.1635978,
              17.6955952
            ],
            [
              83.1636434,
              17.695677
            ]
          ]
        ]
      }
    },
    {
      "type": "Feature",
      "id": "B003",
      "properties": {
        "Building_ID": "B003",
        "Parcel_ID": "LP003",
        "Osm_ID": 487133035,
        "Name": "Sadgun Rao Residency",
        "Building_Type": "Independent House",
        "Latitude": 17.695702,
        "Longitude": 83.1633,
        "Area_sq_m": 246.8,
        "Floors": 3,
        "HasRealLevels": true,
        "RealFloors": 3,
        "Height_m": 9.600000000000001,
        "HasRealHeight": false,
        "RealHeight": 9.600000000000001,
        "Street": "Kurmannapalem Road",
        "City": "Visakhapatnam",
        "Postcode": "530046",
        "State": "Andhra Pradesh",
        "Source": "OpenStreetMap",
        "DataStatus": "REAL_PUBLIC_DATA",
        "HeightStatus": "DERIVED_FROM_LEVELS"
      },
      "geometry": {
        "type": "Polygon",
        "coordinates": [
          [
            [
              83.1632549,
              17.6957961
            ],
            [
              83.1631949,
              17.6956777
            ],
            [
              83.1633454,
              17.6956084
            ],
            [
              83.1634055,
              17.6957268
            ],
            [
              83.1632549,
              17.6957961
            ]
          ]
        ]
      }
    },
    {
      "type": "Feature",
      "id": "B004",
      "properties": {
        "Building_ID": "B004",
        "Parcel_ID": "LP004",
        "Osm_ID": 487133598,
        "Name": "Kamala Nilayam",
        "Building_Type": "Independent House",
        "Latitude": 17.695648,
        "Longitude": 83.162934,
        "Area_sq_m": 168.5,
        "Floors": 3,
        "HasRealLevels": true,
        "RealFloors": 3,
        "Height_m": 9.600000000000001,
        "HasRealHeight": false,
        "RealHeight": 9.600000000000001,
        "Street": "Kurmannapalem Road",
        "City": "Visakhapatnam",
        "Postcode": "530046",
        "State": "Andhra Pradesh",
        "Source": "OpenStreetMap",
        "DataStatus": "REAL_PUBLIC_DATA",
        "HeightStatus": "DERIVED_FROM_LEVELS"
      },
      "geometry": {
        "type": "Polygon",
        "coordinates": [
          [
            [
              83.1628853,
              17.6957269
            ],
            [
              83.1630233,
              17.6956527
            ],
            [
              83.162988,
              17.6955684
            ],
            [
              83.1628393,
              17.6956443
            ],
            [
              83.1628853,
              17.6957269
            ]
          ]
        ]
      }
    },
    {
      "type": "Feature",
      "id": "B005",
      "properties": {
        "Building_ID": "B005",
        "Parcel_ID": "LP005",
        "Osm_ID": 487134175,
        "Name": "Rajmannar Residency",
        "Building_Type": "Independent House",
        "Latitude": 17.695554,
        "Longitude": 83.162887,
        "Area_sq_m": 207.2,
        "Floors": 3,
        "HasRealLevels": true,
        "RealFloors": 3,
        "Height_m": 9.600000000000001,
        "HasRealHeight": false,
        "RealHeight": 9.600000000000001,
        "Street": "Kurmannapalem Road",
        "City": "Visakhapatnam",
        "Postcode": "530046",
        "State": "Andhra Pradesh",
        "Source": "OpenStreetMap",
        "DataStatus": "REAL_PUBLIC_DATA",
        "HeightStatus": "DERIVED_FROM_LEVELS"
      },
      "geometry": {
        "type": "Polygon",
        "coordinates": [
          [
            [
              83.1627951,
              17.6955364
            ],
            [
              83.162926,
              17.6954673
            ],
            [
              83.162988,
              17.6955684
            ],
            [
              83.1628393,
              17.6956443
            ],
            [
              83.1627951,
              17.6955364
            ]
          ]
        ]
      }
    },
    {
      "type": "Feature",
      "id": "B006",
      "properties": {
        "Building_ID": "B006",
        "Parcel_ID": "LP006",
        "Osm_ID": 487134249,
        "Name": "Krishnama Raju Residency",
        "Building_Type": "Independent House",
        "Latitude": 17.695447,
        "Longitude": 83.163208,
        "Area_sq_m": 170.5,
        "Floors": 2,
        "HasRealLevels": true,
        "RealFloors": 2,
        "Height_m": 6.4,
        "HasRealHeight": false,
        "RealHeight": 6.4,
        "Street": "Kurmannapalem Road",
        "City": "Visakhapatnam",
        "Postcode": "530046",
        "State": "Andhra Pradesh",
        "Source": "OpenStreetMap",
        "DataStatus": "REAL_PUBLIC_DATA",
        "HeightStatus": "DERIVED_FROM_LEVELS"
      },
      "geometry": {
        "type": "Polygon",
        "coordinates": [
          [
            [
              83.1632026,
              17.6955377
            ],
            [
              83.1632881,
              17.695496
            ],
            [
              83.1632126,
              17.6953553
            ],
            [
              83.163127,
              17.695397
            ],
            [
              83.1632026,
              17.6955377
            ]
          ]
        ]
      }
    },
    {
      "type": "Feature",
      "id": "B007",
      "properties": {
        "Building_ID": "B007",
        "Parcel_ID": "LP007",
        "Osm_ID": 487134302,
        "Name": "Prabhavati Residency",
        "Building_Type": "Independent House",
        "Latitude": 17.695342,
        "Longitude": 83.163446,
        "Area_sq_m": 188.9,
        "Floors": 3,
        "HasRealLevels": true,
        "RealFloors": 3,
        "Height_m": 9.600000000000001,
        "HasRealHeight": false,
        "RealHeight": 9.600000000000001,
        "Street": "Kurmannapalem Road",
        "City": "Visakhapatnam",
        "Postcode": "530046",
        "State": "Andhra Pradesh",
        "Source": "OpenStreetMap",
        "DataStatus": "REAL_PUBLIC_DATA",
        "HeightStatus": "DERIVED_FROM_LEVELS"
      },
      "geometry": {
        "type": "Polygon",
        "coordinates": [
          [
            [
              83.1634442,
              17.6954399
            ],
            [
              83.1633641,
              17.6952858
            ],
            [
              83.1634488,
              17.6952389
            ],
            [
              83.1635289,
              17.6954018
            ],
            [
              83.1634442,
              17.6954399
            ]
          ]
        ]
      }
    },
    {
      "type": "Feature",
      "id": "B008",
      "properties": {
        "Building_ID": "B008",
        "Parcel_ID": "LP008",
        "Osm_ID": 487135832,
        "Name": "Hanumantha Rao Residency",
        "Building_Type": "Independent House",
        "Latitude": 17.69534,
        "Longitude": 83.163049,
        "Area_sq_m": 124.6,
        "Floors": 2,
        "HasRealLevels": true,
        "RealFloors": 2,
        "Height_m": 6.4,
        "HasRealHeight": false,
        "RealHeight": 6.4,
        "Street": "Kurmannapalem Road",
        "City": "Visakhapatnam",
        "Postcode": "530046",
        "State": "Andhra Pradesh",
        "Source": "OpenStreetMap",
        "DataStatus": "REAL_PUBLIC_DATA",
        "HeightStatus": "DERIVED_FROM_LEVELS"
      },
      "geometry": {
        "type": "Polygon",
        "coordinates": [
          [
            [
              83.1630569,
              17.6954275
            ],
            [
              83.1631152,
              17.6953907
            ],
            [
              83.1630417,
              17.6952506
            ],
            [
              83.162981,
              17.6952895
            ],
            [
              83.1630569,
              17.6954275
            ]
          ]
        ]
      }
    },
    {
      "type": "Feature",
      "id": "B009",
      "properties": {
        "Building_ID": "B009",
        "Parcel_ID": "LP009",
        "Osm_ID": 487135869,
        "Name": "Ramakrishna Chowdary Residency",
        "Building_Type": "Independent House",
        "Latitude": 17.6953,
        "Longitude": 83.163132,
        "Area_sq_m": 153.1,
        "Floors": 2,
        "HasRealLevels": false,
        "RealFloors": null,
        "Height_m": 6.4,
        "HasRealHeight": false,
        "RealHeight": null,
        "Street": "Kurmannapalem Road / Duvvada",
        "City": "Visakhapatnam",
        "Postcode": "530046",
        "State": "Andhra Pradesh",
        "Source": "OpenStreetMap",
        "DataStatus": "REAL_PUBLIC_DATA",
        "HeightStatus": "DEMO_ILLUSTRATIVE_HEIGHT"
      },
      "geometry": {
        "type": "Polygon",
        "coordinates": [
          [
            [
              83.1631257,
              17.6953885
            ],
            [
              83.1630592,
              17.6952506
            ],
            [
              83.1631398,
              17.6952083
            ],
            [
              83.1632028,
              17.6953507
            ],
            [
              83.1631257,
              17.6953885
            ]
          ]
        ]
      }
    },
    {
      "type": "Feature",
      "id": "B010",
      "properties": {
        "Building_ID": "B010",
        "Parcel_ID": "LP010",
        "Osm_ID": 487135919,
        "Name": "Mallikarjuna Residency",
        "Building_Type": "Independent House",
        "Latitude": 17.695109,
        "Longitude": 83.163524,
        "Area_sq_m": 246.2,
        "Floors": 3,
        "HasRealLevels": true,
        "RealFloors": 3,
        "Height_m": 9.600000000000001,
        "HasRealHeight": false,
        "RealHeight": 9.600000000000001,
        "Street": "Kurmannapalem Road",
        "City": "Visakhapatnam",
        "Postcode": "530046",
        "State": "Andhra Pradesh",
        "Source": "OpenStreetMap",
        "DataStatus": "REAL_PUBLIC_DATA",
        "HeightStatus": "DERIVED_FROM_LEVELS"
      },
      "geometry": {
        "type": "Polygon",
        "coordinates": [
          [
            [
              83.1635192,
              17.6952172
            ],
            [
              83.1634281,
              17.6950515
            ],
            [
              83.163532,
              17.6949948
            ],
            [
              83.1636184,
              17.6951727
            ],
            [
              83.1635192,
              17.6952172
            ]
          ]
        ]
      }
    },
    {
      "type": "Feature",
      "id": "B011",
      "properties": {
        "Building_ID": "B011",
        "Parcel_ID": "LP011",
        "Osm_ID": 487135947,
        "Name": "VVK Top Hills",
        "Building_Type": "Apartment",
        "Latitude": 17.695118,
        "Longitude": 83.163752,
        "Area_sq_m": 844.9,
        "Floors": 5,
        "HasRealLevels": true,
        "RealFloors": 5,
        "Height_m": 16,
        "HasRealHeight": false,
        "RealHeight": 16,
        "Street": "Kurmannapalem Road",
        "City": "Visakhapatnam",
        "Postcode": "530046",
        "State": "Andhra Pradesh",
        "Source": "OpenStreetMap",
        "DataStatus": "REAL_PUBLIC_DATA",
        "HeightStatus": "DERIVED_FROM_LEVELS"
      },
      "geometry": {
        "type": "Polygon",
        "coordinates": [
          [
            [
              83.1636756,
              17.6953418
            ],
            [
              83.1635834,
              17.6950204
            ],
            [
              83.1637352,
              17.6949703
            ],
            [
              83.1637644,
              17.6950593
            ],
            [
              83.1638414,
              17.6950382
            ],
            [
              83.1639103,
              17.6952806
            ],
            [
              83.1636756,
              17.6953418
            ]
          ]
        ]
      }
    },
    {
      "type": "Feature",
      "id": "B012",
      "properties": {
        "Building_ID": "B012",
        "Parcel_ID": "LP012",
        "Osm_ID": 487135979,
        "Name": "Balaji Towers",
        "Building_Type": "Apartment",
        "Latitude": 17.694823,
        "Longitude": 83.163545,
        "Area_sq_m": 351.1,
        "Floors": 6,
        "HasRealLevels": true,
        "RealFloors": 6,
        "Height_m": 19.200000000000003,
        "HasRealHeight": false,
        "RealHeight": 19.200000000000003,
        "Street": "Kurmannapalem Road / Duvvada",
        "City": "Visakhapatnam",
        "Postcode": "530046",
        "State": "Andhra Pradesh",
        "Source": "OpenStreetMap",
        "DataStatus": "REAL_PUBLIC_DATA",
        "HeightStatus": "DERIVED_FROM_LEVELS"
      },
      "geometry": {
        "type": "Polygon",
        "coordinates": [
          [
            [
              83.1634783,
              17.6949302
            ],
            [
              83.163413,
              17.6947989
            ],
            [
              83.1636091,
              17.6947177
            ],
            [
              83.163678,
              17.6948467
            ],
            [
              83.1634783,
              17.6949302
            ]
          ]
        ]
      }
    },
    {
      "type": "Feature",
      "id": "B013",
      "properties": {
        "Building_ID": "B013",
        "Parcel_ID": "LP013",
        "Osm_ID": 487136665,
        "Name": "Rama Heights",
        "Building_Type": "Apartment",
        "Latitude": 17.694677,
        "Longitude": 83.163445,
        "Area_sq_m": 304.6,
        "Floors": 5,
        "HasRealLevels": true,
        "RealFloors": 5,
        "Height_m": 16,
        "HasRealHeight": false,
        "RealHeight": 16,
        "Street": "Kurmannapalem Road",
        "City": "Visakhapatnam",
        "Postcode": "530046",
        "State": "Andhra Pradesh",
        "Source": "OpenStreetMap",
        "DataStatus": "REAL_PUBLIC_DATA",
        "HeightStatus": "DERIVED_FROM_LEVELS"
      },
      "geometry": {
        "type": "Polygon",
        "coordinates": [
          [
            [
              83.1634013,
              17.6947802
            ],
            [
              83.1633266,
              17.6946523
            ],
            [
              83.1634865,
              17.69457
            ],
            [
              83.1635636,
              17.6947046
            ],
            [
              83.1634013,
              17.6947802
            ]
          ]
        ]
      }
    },
    {
      "type": "Feature",
      "id": "B014",
      "properties": {
        "Building_ID": "B014",
        "Parcel_ID": "LP014",
        "Osm_ID": 487136712,
        "Name": "Sri Sai Residency",
        "Building_Type": "Apartment",
        "Latitude": 17.694764,
        "Longitude": 83.16328,
        "Area_sq_m": 203,
        "Floors": 5,
        "HasRealLevels": true,
        "RealFloors": 5,
        "Height_m": 16,
        "HasRealHeight": false,
        "RealHeight": 16,
        "Street": "Kurmannapalem Road",
        "City": "Visakhapatnam",
        "Postcode": "530046",
        "State": "Andhra Pradesh",
        "Source": "OpenStreetMap",
        "DataStatus": "REAL_PUBLIC_DATA",
        "HeightStatus": "DERIVED_FROM_LEVELS"
      },
      "geometry": {
        "type": "Polygon",
        "coordinates": [
          [
            [
              83.163246,
              17.6948492
            ],
            [
              83.1633733,
              17.6947891
            ],
            [
              83.1633161,
              17.6946757
            ],
            [
              83.1631841,
              17.6947413
            ],
            [
              83.163246,
              17.6948492
            ]
          ]
        ]
      }
    },
    {
      "type": "Feature",
      "id": "B015",
      "properties": {
        "Building_ID": "B015",
        "Parcel_ID": "LP015",
        "Osm_ID": 487136736,
        "Name": "Ramachandra Residency",
        "Building_Type": "Apartment",
        "Latitude": 17.694869,
        "Longitude": 83.163081,
        "Area_sq_m": 231.6,
        "Floors": 5,
        "HasRealLevels": true,
        "RealFloors": 5,
        "Height_m": 16,
        "HasRealHeight": false,
        "RealHeight": 16,
        "Street": "Kurmannapalem Road",
        "City": "Visakhapatnam",
        "Postcode": "530046",
        "State": "Andhra Pradesh",
        "Source": "OpenStreetMap",
        "DataStatus": "REAL_PUBLIC_DATA",
        "HeightStatus": "DERIVED_FROM_LEVELS"
      },
      "geometry": {
        "type": "Polygon",
        "coordinates": [
          [
            [
              83.1630253,
              17.6949582
            ],
            [
              83.1631911,
              17.6948781
            ],
            [
              83.1631386,
              17.6947791
            ],
            [
              83.1629705,
              17.6948625
            ],
            [
              83.1630253,
              17.6949582
            ]
          ]
        ]
      }
    },
    {
      "type": "Feature",
      "id": "B016",
      "properties": {
        "Building_ID": "B016",
        "Parcel_ID": "LP016",
        "Osm_ID": 487136774,
        "Name": "Vasantha Nilayam",
        "Building_Type": "Independent House",
        "Latitude": 17.6949,
        "Longitude": 83.162934,
        "Area_sq_m": 162.5,
        "Floors": 2,
        "HasRealLevels": true,
        "RealFloors": 2,
        "Height_m": 6.4,
        "HasRealHeight": false,
        "RealHeight": 6.4,
        "Street": "Kurmannapalem Road / Duvvada",
        "City": "Visakhapatnam",
        "Postcode": "530046",
        "State": "Andhra Pradesh",
        "Source": "OpenStreetMap",
        "DataStatus": "REAL_PUBLIC_DATA",
        "HeightStatus": "DERIVED_FROM_LEVELS"
      },
      "geometry": {
        "type": "Polygon",
        "coordinates": [
          [
            [
              83.1629226,
              17.694986
            ],
            [
              83.1630113,
              17.6949459
            ],
            [
              83.1629436,
              17.6948102
            ],
            [
              83.1628572,
              17.694857
            ],
            [
              83.1629226,
              17.694986
            ]
          ]
        ]
      }
    },
    {
      "type": "Feature",
      "id": "B017",
      "properties": {
        "Building_ID": "B017",
        "Parcel_ID": "LP017",
        "Osm_ID": 487136776,
        "Name": "rama padmini nilayam",
        "Building_Type": "Independent House",
        "Latitude": 17.694987,
        "Longitude": 83.162772,
        "Area_sq_m": 145,
        "Floors": 3,
        "HasRealLevels": true,
        "RealFloors": 3,
        "Height_m": 9.600000000000001,
        "HasRealHeight": false,
        "RealHeight": 9.600000000000001,
        "Street": "Kurmannapalem Road / Duvvada",
        "City": "Visakhapatnam",
        "Postcode": "530046",
        "State": "Andhra Pradesh",
        "Source": "OpenStreetMap",
        "DataStatus": "REAL_PUBLIC_DATA",
        "HeightStatus": "DERIVED_FROM_LEVELS"
      },
      "geometry": {
        "type": "Polygon",
        "coordinates": [
          [
            [
              83.1627662,
              17.6950705
            ],
            [
              83.1626984,
              17.6949437
            ],
            [
              83.162779,
              17.6949026
            ],
            [
              83.1628455,
              17.6950327
            ],
            [
              83.1627662,
              17.6950705
            ]
          ]
        ]
      }
    },
    {
      "type": "Feature",
      "id": "B018",
      "properties": {
        "Building_ID": "B018",
        "Parcel_ID": "LP018",
        "Osm_ID": 487136808,
        "Name": "satyanarayana Residency",
        "Building_Type": "Independent House",
        "Latitude": 17.695029,
        "Longitude": 83.162691,
        "Area_sq_m": 117.6,
        "Floors": 3,
        "HasRealLevels": true,
        "RealFloors": 3,
        "Height_m": 9.600000000000001,
        "HasRealHeight": false,
        "RealHeight": 9.600000000000001,
        "Street": "Kurmannapalem Road / Duvvada",
        "City": "Visakhapatnam",
        "Postcode": "530046",
        "State": "Andhra Pradesh",
        "Source": "OpenStreetMap",
        "DataStatus": "REAL_PUBLIC_DATA",
        "HeightStatus": "DERIVED_FROM_LEVELS"
      },
      "geometry": {
        "type": "Polygon",
        "coordinates": [
          [
            [
              83.1626903,
              17.6951094
            ],
            [
              83.1627568,
              17.6950783
            ],
            [
              83.1626891,
              17.6949482
            ],
            [
              83.1626261,
              17.6949793
            ],
            [
              83.1626903,
              17.6951094
            ]
          ]
        ]
      }
    },
    {
      "type": "Feature",
      "id": "B019",
      "properties": {
        "Building_ID": "B019",
        "Parcel_ID": "LP019",
        "Osm_ID": 487136817,
        "Name": "Sattibabu Residency",
        "Building_Type": "Independent House",
        "Latitude": 17.695181,
        "Longitude": 83.162775,
        "Area_sq_m": 154.9,
        "Floors": 2,
        "HasRealLevels": true,
        "RealFloors": 2,
        "Height_m": 6.4,
        "HasRealHeight": false,
        "RealHeight": 6.4,
        "Street": "Kurmannapalem Road",
        "City": "Visakhapatnam",
        "Postcode": "530046",
        "State": "Andhra Pradesh",
        "Source": "OpenStreetMap",
        "DataStatus": "REAL_PUBLIC_DATA",
        "HeightStatus": "DERIVED_FROM_LEVELS"
      },
      "geometry": {
        "type": "Polygon",
        "coordinates": [
          [
            [
              83.1627744,
              17.6952739
            ],
            [
              83.1628507,
              17.6952323
            ],
            [
              83.1627754,
              17.6950899
            ],
            [
              83.1627013,
              17.6951287
            ],
            [
              83.1627744,
              17.6952739
            ]
          ]
        ]
      }
    },
    {
      "type": "Feature",
      "id": "B020",
      "properties": {
        "Building_ID": "B020",
        "Parcel_ID": "LP020",
        "Osm_ID": 487136854,
        "Name": "VenkatRao Residency",
        "Building_Type": "Independent House",
        "Latitude": 17.695134,
        "Longitude": 83.162852,
        "Area_sq_m": 124.7,
        "Floors": 1,
        "HasRealLevels": true,
        "RealFloors": 1,
        "Height_m": 3.2,
        "HasRealHeight": false,
        "RealHeight": 3.2,
        "Street": "Kurmannapalem Road",
        "City": "Visakhapatnam",
        "Postcode": "530046",
        "State": "Andhra Pradesh",
        "Source": "OpenStreetMap",
        "DataStatus": "REAL_PUBLIC_DATA",
        "HeightStatus": "DERIVED_FROM_LEVELS"
      },
      "geometry": {
        "type": "Polygon",
        "coordinates": [
          [
            [
              83.1628547,
              17.6952139
            ],
            [
              83.1627805,
              17.6950861
            ],
            [
              83.1628496,
              17.6950532
            ],
            [
              83.1629218,
              17.6951829
            ],
            [
              83.1628547,
              17.6952139
            ]
          ]
        ]
      }
    },
    {
      "type": "Feature",
      "id": "B021",
      "properties": {
        "Building_ID": "B021",
        "Parcel_ID": "LP021",
        "Osm_ID": 487136923,
        "Name": "Vasanth Rai Residency",
        "Building_Type": "Independent House",
        "Latitude": 17.695096,
        "Longitude": 83.162934,
        "Area_sq_m": 127.8,
        "Floors": 1,
        "HasRealLevels": true,
        "RealFloors": 1,
        "Height_m": 3.2,
        "HasRealHeight": false,
        "RealHeight": 3.2,
        "Street": "Kurmannapalem Road",
        "City": "Visakhapatnam",
        "Postcode": "530046",
        "State": "Andhra Pradesh",
        "Source": "OpenStreetMap",
        "DataStatus": "REAL_PUBLIC_DATA",
        "HeightStatus": "DERIVED_FROM_LEVELS"
      },
      "geometry": {
        "type": "Polygon",
        "coordinates": [
          [
            [
              83.162935,
              17.6951781
            ],
            [
              83.1628639,
              17.6950483
            ],
            [
              83.162932,
              17.6950125
            ],
            [
              83.1630031,
              17.6951442
            ],
            [
              83.162935,
              17.6951781
            ]
          ]
        ]
      }
    },
    {
      "type": "Feature",
      "id": "B022",
      "properties": {
        "Building_ID": "B022",
        "Parcel_ID": "LP022",
        "Osm_ID": 487136985,
        "Name": "Lakshmi nivas",
        "Building_Type": "Independent House",
        "Latitude": 17.695028,
        "Longitude": 83.163084,
        "Area_sq_m": 159.7,
        "Floors": 2,
        "HasRealLevels": true,
        "RealFloors": 2,
        "Height_m": 6.4,
        "HasRealHeight": false,
        "RealHeight": 6.4,
        "Street": "Kurmannapalem Road / Duvvada",
        "City": "Visakhapatnam",
        "Postcode": "530046",
        "State": "Andhra Pradesh",
        "Source": "OpenStreetMap",
        "DataStatus": "REAL_PUBLIC_DATA",
        "HeightStatus": "DERIVED_FROM_LEVELS"
      },
      "geometry": {
        "type": "Polygon",
        "coordinates": [
          [
            [
              83.1630804,
              17.6951151
            ],
            [
              83.1630062,
              17.6949728
            ],
            [
              83.1630905,
              17.694937
            ],
            [
              83.1631596,
              17.6950861
            ],
            [
              83.1630804,
              17.6951151
            ]
          ]
        ]
      }
    },
    {
      "type": "Feature",
      "id": "B023",
      "properties": {
        "Building_ID": "B023",
        "Parcel_ID": "LP023",
        "Osm_ID": 487136999,
        "Name": "Siva Prasad Residency",
        "Building_Type": "Independent House",
        "Latitude": 17.694986,
        "Longitude": 83.163166,
        "Area_sq_m": 132,
        "Floors": 2,
        "HasRealLevels": true,
        "RealFloors": 2,
        "Height_m": 6.4,
        "HasRealHeight": false,
        "RealHeight": 6.4,
        "Street": "Kurmannapalem Road",
        "City": "Visakhapatnam",
        "Postcode": "530046",
        "State": "Andhra Pradesh",
        "Source": "OpenStreetMap",
        "DataStatus": "REAL_PUBLIC_DATA",
        "HeightStatus": "DERIVED_FROM_LEVELS"
      },
      "geometry": {
        "type": "Polygon",
        "coordinates": [
          [
            [
              83.1631647,
              17.6950686
            ],
            [
              83.1630976,
              17.6949331
            ],
            [
              83.1631688,
              17.6948992
            ],
            [
              83.1632338,
              17.6950425
            ],
            [
              83.1631647,
              17.6950686
            ]
          ]
        ]
      }
    },
    {
      "type": "Feature",
      "id": "B024",
      "properties": {
        "Building_ID": "B024",
        "Parcel_ID": "LP024",
        "Osm_ID": 487137058,
        "Name": "Sri Vatsavai Nilayam",
        "Building_Type": "Apartment",
        "Latitude": 17.6949,
        "Longitude": 83.163342,
        "Area_sq_m": 237,
        "Floors": 2,
        "HasRealLevels": true,
        "RealFloors": 2,
        "Height_m": 6.4,
        "HasRealHeight": false,
        "RealHeight": 6.4,
        "Street": "Kurmannapalem Road",
        "City": "Visakhapatnam",
        "Postcode": "530046",
        "State": "Andhra Pradesh",
        "Source": "OpenStreetMap",
        "DataStatus": "REAL_PUBLIC_DATA",
        "HeightStatus": "DERIVED_FROM_LEVELS"
      },
      "geometry": {
        "type": "Polygon",
        "coordinates": [
          [
            [
              83.1633141,
              17.6949915
            ],
            [
              83.1634412,
              17.6949441
            ],
            [
              83.163369,
              17.6948027
            ],
            [
              83.163242,
              17.6948598
            ],
            [
              83.1633141,
              17.6949915
            ]
          ]
        ]
      }
    },
    {
      "type": "Feature",
      "id": "B025",
      "properties": {
        "Building_ID": "B025",
        "Parcel_ID": "LP025",
        "Osm_ID": 487142921,
        "Name": "Rekha Nivas",
        "Building_Type": "Independent House",
        "Latitude": 17.694253,
        "Longitude": 83.162,
        "Area_sq_m": 152.9,
        "Floors": 2,
        "HasRealLevels": true,
        "RealFloors": 2,
        "Height_m": 6.4,
        "HasRealHeight": false,
        "RealHeight": 6.4,
        "Street": "Kurmannapalem Road / Duvvada",
        "City": "Visakhapatnam",
        "Postcode": "530046",
        "State": "Andhra Pradesh",
        "Source": "OpenStreetMap",
        "DataStatus": "REAL_PUBLIC_DATA",
        "HeightStatus": "DERIVED_FROM_LEVELS"
      },
      "geometry": {
        "type": "Polygon",
        "coordinates": [
          [
            [
              83.1619577,
              17.6943229
            ],
            [
              83.162075,
              17.694291
            ],
            [
              83.162043,
              17.6941837
            ],
            [
              83.1619256,
              17.6942155
            ],
            [
              83.1619577,
              17.6943229
            ]
          ]
        ]
      }
    },
    {
      "type": "Feature",
      "id": "B026",
      "properties": {
        "Building_ID": "B026",
        "Parcel_ID": "LP026",
        "Osm_ID": 487143206,
        "Name": "Vijay Kumar Singh Residency",
        "Building_Type": "Independent House",
        "Latitude": 17.694352,
        "Longitude": 83.161453,
        "Area_sq_m": 262,
        "Floors": 1,
        "HasRealLevels": true,
        "RealFloors": 1,
        "Height_m": 3.2,
        "HasRealHeight": false,
        "RealHeight": 3.2,
        "Street": "Kurmannapalem Road / Duvvada",
        "City": "Visakhapatnam",
        "Postcode": "530046",
        "State": "Andhra Pradesh",
        "Source": "OpenStreetMap",
        "DataStatus": "REAL_PUBLIC_DATA",
        "HeightStatus": "DERIVED_FROM_LEVELS"
      },
      "geometry": {
        "type": "Polygon",
        "coordinates": [
          [
            [
              83.1613407,
              17.6943581
            ],
            [
              83.1614299,
              17.6944568
            ],
            [
              83.1615657,
              17.6943454
            ],
            [
              83.1614766,
              17.6942467
            ],
            [
              83.1613407,
              17.6943581
            ]
          ]
        ]
      }
    },
    {
      "type": "Feature",
      "id": "B027",
      "properties": {
        "Building_ID": "B027",
        "Parcel_ID": "LP027",
        "Osm_ID": 487157097,
        "Name": "colony library",
        "Building_Type": "Independent House",
        "Latitude": 17.694561,
        "Longitude": 83.162164,
        "Area_sq_m": 25.1,
        "Floors": 2,
        "HasRealLevels": false,
        "RealFloors": null,
        "Height_m": 6.4,
        "HasRealHeight": false,
        "RealHeight": null,
        "Street": "Kurmannapalem Road / Duvvada",
        "City": "Visakhapatnam",
        "Postcode": "530046",
        "State": "Andhra Pradesh",
        "Source": "OpenStreetMap",
        "DataStatus": "REAL_PUBLIC_DATA",
        "HeightStatus": "DEMO_ILLUSTRATIVE_HEIGHT"
      },
      "geometry": {
        "type": "Polygon",
        "coordinates": [
          [
            [
              83.1621533,
              17.6945901
            ],
            [
              83.1621338,
              17.6945446
            ],
            [
              83.1621763,
              17.6945294
            ],
            [
              83.162194,
              17.69458
            ],
            [
              83.1621533,
              17.6945901
            ]
          ]
        ]
      }
    },
    {
      "type": "Feature",
      "id": "B028",
      "properties": {
        "Building_ID": "B028",
        "Parcel_ID": "LP028",
        "Osm_ID": 487157506,
        "Name": "Manmadha residency",
        "Building_Type": "Apartment",
        "Latitude": 17.694633,
        "Longitude": 83.161634,
        "Area_sq_m": 228.9,
        "Floors": 5,
        "HasRealLevels": false,
        "RealFloors": null,
        "Height_m": 16,
        "HasRealHeight": false,
        "RealHeight": null,
        "Street": "Kurmannapalem Road / Duvvada",
        "City": "Visakhapatnam",
        "Postcode": "530046",
        "State": "Andhra Pradesh",
        "Source": "OpenStreetMap",
        "DataStatus": "REAL_PUBLIC_DATA",
        "HeightStatus": "DEMO_ILLUSTRATIVE_HEIGHT"
      },
      "geometry": {
        "type": "Polygon",
        "coordinates": [
          [
            [
              83.1615764,
              17.6947233
            ],
            [
              83.1617409,
              17.694639
            ],
            [
              83.1616932,
              17.6945379
            ],
            [
              83.1615251,
              17.6946323
            ],
            [
              83.1615764,
              17.6947233
            ]
          ]
        ]
      }
    },
    {
      "type": "Feature",
      "id": "B029",
      "properties": {
        "Building_ID": "B029",
        "Parcel_ID": "LP029",
        "Osm_ID": 487157584,
        "Name": "Vishnu Executive Avenue",
        "Building_Type": "Apartment",
        "Latitude": 17.694841,
        "Longitude": 83.161729,
        "Area_sq_m": 411.4,
        "Floors": 5,
        "HasRealLevels": true,
        "RealFloors": 5,
        "Height_m": 16,
        "HasRealHeight": false,
        "RealHeight": 16,
        "Street": "Kurmannapalem Road / Duvvada",
        "City": "Visakhapatnam",
        "Postcode": "530046",
        "State": "Andhra Pradesh",
        "Source": "OpenStreetMap",
        "DataStatus": "REAL_PUBLIC_DATA",
        "HeightStatus": "DERIVED_FROM_LEVELS"
      },
      "geometry": {
        "type": "Polygon",
        "coordinates": [
          [
            [
              83.161736,
              17.6949935
            ],
            [
              83.1618534,
              17.6949371
            ],
            [
              83.1617215,
              17.6946881
            ],
            [
              83.1616042,
              17.6947445
            ],
            [
              83.161736,
              17.6949935
            ]
          ]
        ]
      }
    },
    {
      "type": "Feature",
      "id": "B030",
      "properties": {
        "Building_ID": "B030",
        "Parcel_ID": "LP030",
        "Osm_ID": 487157695,
        "Name": "SVR Mansion",
        "Building_Type": "Independent House",
        "Latitude": 17.695017,
        "Longitude": 83.161836,
        "Area_sq_m": 186.5,
        "Floors": 3,
        "HasRealLevels": true,
        "RealFloors": 3,
        "Height_m": 9.600000000000001,
        "HasRealHeight": false,
        "RealHeight": 9.600000000000001,
        "Street": "Kurmannapalem Road / Duvvada",
        "City": "Visakhapatnam",
        "Postcode": "530046",
        "State": "Andhra Pradesh",
        "Source": "OpenStreetMap",
        "DataStatus": "REAL_PUBLIC_DATA",
        "HeightStatus": "DERIVED_FROM_LEVELS"
      },
      "geometry": {
        "type": "Polygon",
        "coordinates": [
          [
            [
              83.1617887,
              17.6950959
            ],
            [
              83.1617392,
              17.6950082
            ],
            [
              83.161886,
              17.694934
            ],
            [
              83.1619303,
              17.6950318
            ],
            [
              83.1617887,
              17.6950959
            ]
          ]
        ]
      }
    },
    {
      "type": "Feature",
      "id": "B031",
      "properties": {
        "Building_ID": "B031",
        "Parcel_ID": "LP031",
        "Osm_ID": 487158001,
        "Name": "Ganesh Nivas",
        "Building_Type": "Independent House",
        "Latitude": 17.695142,
        "Longitude": 83.161896,
        "Area_sq_m": 240,
        "Floors": 2,
        "HasRealLevels": true,
        "RealFloors": 2,
        "Height_m": 6.4,
        "HasRealHeight": false,
        "RealHeight": 6.4,
        "Street": "Kurmannapalem Road / Duvvada",
        "City": "Visakhapatnam",
        "Postcode": "530046",
        "State": "Andhra Pradesh",
        "Source": "OpenStreetMap",
        "DataStatus": "REAL_PUBLIC_DATA",
        "HeightStatus": "DERIVED_FROM_LEVELS"
      },
      "geometry": {
        "type": "Polygon",
        "coordinates": [
          [
            [
              83.1618557,
              17.6952355
            ],
            [
              83.1619987,
              17.6951667
            ],
            [
              83.1619355,
              17.6950476
            ],
            [
              83.1617925,
              17.6951163
            ],
            [
              83.1618557,
              17.6952355
            ]
          ]
        ]
      }
    },
    {
      "type": "Feature",
      "id": "B032",
      "properties": {
        "Building_ID": "B032",
        "Parcel_ID": "LP032",
        "Osm_ID": 487158211,
        "Name": "Gopichand Residency",
        "Building_Type": "Independent House",
        "Latitude": 17.695942,
        "Longitude": 83.163097,
        "Area_sq_m": 241.8,
        "Floors": 2,
        "HasRealLevels": true,
        "RealFloors": 2,
        "Height_m": 6.4,
        "HasRealHeight": false,
        "RealHeight": 6.4,
        "Street": "Kurmannapalem Road",
        "City": "Visakhapatnam",
        "Postcode": "530046",
        "State": "Andhra Pradesh",
        "Source": "OpenStreetMap",
        "DataStatus": "REAL_PUBLIC_DATA",
        "HeightStatus": "DERIVED_FROM_LEVELS"
      },
      "geometry": {
        "type": "Polygon",
        "coordinates": [
          [
            [
              83.1630449,
              17.6960342
            ],
            [
              83.1629902,
              17.695926
            ],
            [
              83.1631471,
              17.6958505
            ],
            [
              83.1632063,
              17.6959592
            ],
            [
              83.1630449,
              17.6960342
            ]
          ]
        ]
      }
    },
    {
      "type": "Feature",
      "id": "B033",
      "properties": {
        "Building_ID": "B033",
        "Parcel_ID": "LP033",
        "Osm_ID": 487160168,
        "Name": "Gopichand Residency",
        "Building_Type": "Independent House",
        "Latitude": 17.696067,
        "Longitude": 83.163191,
        "Area_sq_m": 190.6,
        "Floors": 2,
        "HasRealLevels": true,
        "RealFloors": 2,
        "Height_m": 6.4,
        "HasRealHeight": false,
        "RealHeight": 6.4,
        "Street": "Kurmannapalem Road",
        "City": "Visakhapatnam",
        "Postcode": "530046",
        "State": "Andhra Pradesh",
        "Source": "OpenStreetMap",
        "DataStatus": "REAL_PUBLIC_DATA",
        "HeightStatus": "DERIVED_FROM_LEVELS"
      },
      "geometry": {
        "type": "Polygon",
        "coordinates": [
          [
            [
              83.1631745,
              17.6961587
            ],
            [
              83.163108,
              17.6960181
            ],
            [
              83.1632083,
              17.695975
            ],
            [
              83.1632749,
              17.6961157
            ],
            [
              83.1631745,
              17.6961587
            ]
          ]
        ]
      }
    },
    {
      "type": "Feature",
      "id": "B034",
      "properties": {
        "Building_ID": "B034",
        "Parcel_ID": "LP034",
        "Osm_ID": 487160220,
        "Name": "Appala raju Residency",
        "Building_Type": "Independent House",
        "Latitude": 17.695909,
        "Longitude": 83.163416,
        "Area_sq_m": 244.1,
        "Floors": 3,
        "HasRealLevels": true,
        "RealFloors": 3,
        "Height_m": 9.600000000000001,
        "HasRealHeight": false,
        "RealHeight": 9.600000000000001,
        "Street": "Kurmannapalem Road",
        "City": "Visakhapatnam",
        "Postcode": "530046",
        "State": "Andhra Pradesh",
        "Source": "OpenStreetMap",
        "DataStatus": "REAL_PUBLIC_DATA",
        "HeightStatus": "DERIVED_FROM_LEVELS"
      },
      "geometry": {
        "type": "Polygon",
        "coordinates": [
          [
            [
              83.1633607,
              17.696001
            ],
            [
              83.163306,
              17.6958952
            ],
            [
              83.1634714,
              17.6958176
            ],
            [
              83.1635261,
              17.6959234
            ],
            [
              83.1633607,
              17.696001
            ]
          ]
        ]
      }
    },
    {
      "type": "Feature",
      "id": "B035",
      "properties": {
        "Building_ID": "B035",
        "Parcel_ID": "LP035",
        "Osm_ID": 487160356,
        "Name": "grocery store",
        "Building_Type": "Independent House",
        "Latitude": 17.696245,
        "Longitude": 83.163947,
        "Area_sq_m": 92,
        "Floors": 1,
        "HasRealLevels": true,
        "RealFloors": 1,
        "Height_m": 3.2,
        "HasRealHeight": false,
        "RealHeight": 3.2,
        "Street": "Kurmannapalem Road",
        "City": "Visakhapatnam",
        "Postcode": "530046",
        "State": "Andhra Pradesh",
        "Source": "OpenStreetMap",
        "DataStatus": "REAL_PUBLIC_DATA",
        "HeightStatus": "DERIVED_FROM_LEVELS"
      },
      "geometry": {
        "type": "Polygon",
        "coordinates": [
          [
            [
              83.1639199,
              17.6963041
            ],
            [
              83.1638797,
              17.6962401
            ],
            [
              83.1639741,
              17.6961864
            ],
            [
              83.1640142,
              17.6962504
            ],
            [
              83.1639199,
              17.6963041
            ]
          ]
        ]
      }
    },
    {
      "type": "Feature",
      "id": "B036",
      "properties": {
        "Building_ID": "B036",
        "Parcel_ID": "LP036",
        "Osm_ID": 487160451,
        "Name": "Ravikumar Residency",
        "Building_Type": "Apartment",
        "Latitude": 17.695838,
        "Longitude": 83.163042,
        "Area_sq_m": 222.4,
        "Floors": 1,
        "HasRealLevels": true,
        "RealFloors": 1,
        "Height_m": 3.2,
        "HasRealHeight": false,
        "RealHeight": 3.2,
        "Street": "Kurmannapalem Road",
        "City": "Visakhapatnam",
        "Postcode": "530046",
        "State": "Andhra Pradesh",
        "Source": "OpenStreetMap",
        "DataStatus": "REAL_PUBLIC_DATA",
        "HeightStatus": "DERIVED_FROM_LEVELS"
      },
      "geometry": {
        "type": "Polygon",
        "coordinates": [
          [
            [
              83.1629902,
              17.695926
            ],
            [
              83.1629368,
              17.6958254
            ],
            [
              83.1630938,
              17.6957499
            ],
            [
              83.1631471,
              17.6958505
            ],
            [
              83.1629902,
              17.695926
            ]
          ]
        ]
      }
    },
    {
      "type": "Feature",
      "id": "B037",
      "properties": {
        "Building_ID": "B037",
        "Parcel_ID": "LP037",
        "Osm_ID": 487160563,
        "Name": "servicing center",
        "Building_Type": "Commercial",
        "Latitude": 17.697012,
        "Longitude": 83.16329,
        "Area_sq_m": 402,
        "Floors": 1,
        "HasRealLevels": true,
        "RealFloors": 1,
        "Height_m": 3.2,
        "HasRealHeight": false,
        "RealHeight": 3.2,
        "Street": "Kurmannapalem Road",
        "City": "Visakhapatnam",
        "Postcode": "530046",
        "State": "Andhra Pradesh",
        "Source": "OpenStreetMap",
        "DataStatus": "REAL_PUBLIC_DATA",
        "HeightStatus": "DERIVED_FROM_LEVELS"
      },
      "geometry": {
        "type": "Polygon",
        "coordinates": [
          [
            [
              83.1632648,
              17.6971431
            ],
            [
              83.1631656,
              17.6969503
            ],
            [
              83.1633155,
              17.6968804
            ],
            [
              83.1634146,
              17.6970731
            ],
            [
              83.1632648,
              17.6971431
            ]
          ]
        ]
      }
    },
    {
      "type": "Feature",
      "id": "B038",
      "properties": {
        "Building_ID": "B038",
        "Parcel_ID": "LP038",
        "Osm_ID": 487160783,
        "Name": "indian overseas bank",
        "Building_Type": "Independent House",
        "Latitude": 17.696879,
        "Longitude": 83.163396,
        "Area_sq_m": 71.1,
        "Floors": 1,
        "HasRealLevels": true,
        "RealFloors": 1,
        "Height_m": 3.2,
        "HasRealHeight": false,
        "RealHeight": 3.2,
        "Street": "Kurmannapalem Road",
        "City": "Visakhapatnam",
        "Postcode": "530046",
        "State": "Andhra Pradesh",
        "Source": "OpenStreetMap",
        "DataStatus": "REAL_PUBLIC_DATA",
        "HeightStatus": "DERIVED_FROM_LEVELS"
      },
      "geometry": {
        "type": "Polygon",
        "coordinates": [
          [
            [
              83.1633355,
              17.69687
            ],
            [
              83.16336,
              17.6969263
            ],
            [
              83.1634561,
              17.6968884
            ],
            [
              83.1634316,
              17.6968321
            ],
            [
              83.1633355,
              17.69687
            ]
          ]
        ]
      }
    },
    {
      "type": "Feature",
      "id": "B039",
      "properties": {
        "Building_ID": "B039",
        "Parcel_ID": "LP039",
        "Osm_ID": 487160824,
        "Name": "Apparao Residency",
        "Building_Type": "Independent House",
        "Latitude": 17.696419,
        "Longitude": 83.162591,
        "Area_sq_m": 200.7,
        "Floors": 3,
        "HasRealLevels": true,
        "RealFloors": 3,
        "Height_m": 9.600000000000001,
        "HasRealHeight": false,
        "RealHeight": 9.600000000000001,
        "Street": "Kurmannapalem Road / Duvvada",
        "City": "Visakhapatnam",
        "Postcode": "530046",
        "State": "Andhra Pradesh",
        "Source": "OpenStreetMap",
        "DataStatus": "REAL_PUBLIC_DATA",
        "HeightStatus": "DERIVED_FROM_LEVELS"
      },
      "geometry": {
        "type": "Polygon",
        "coordinates": [
          [
            [
              83.1624928,
              17.6964055
            ],
            [
              83.16255,
              17.6965049
            ],
            [
              83.1626883,
              17.6964327
            ],
            [
              83.1626312,
              17.6963333
            ],
            [
              83.1624928,
              17.6964055
            ]
          ]
        ]
      }
    },
    {
      "type": "Feature",
      "id": "B040",
      "properties": {
        "Building_ID": "B040",
        "Parcel_ID": "LP040",
        "Osm_ID": 487160901,
        "Name": "Duvvada Building B040",
        "Building_Type": "Independent House",
        "Latitude": 17.695938,
        "Longitude": 83.162309,
        "Area_sq_m": 242.1,
        "Floors": 2,
        "HasRealLevels": false,
        "RealFloors": null,
        "Height_m": 6.4,
        "HasRealHeight": false,
        "RealHeight": null,
        "Street": "Kurmannapalem Road / Duvvada",
        "City": "Visakhapatnam",
        "Postcode": "530046",
        "State": "Andhra Pradesh",
        "Source": "OpenStreetMap",
        "DataStatus": "REAL_PUBLIC_DATA",
        "HeightStatus": "DEMO_ILLUSTRATIVE_HEIGHT"
      },
      "geometry": {
        "type": "Polygon",
        "coordinates": [
          [
            [
              83.1622632,
              17.6960321
            ],
            [
              83.1622019,
              17.6959222
            ],
            [
              83.1623551,
              17.6958448
            ],
            [
              83.1624163,
              17.6959547
            ],
            [
              83.1622632,
              17.6960321
            ]
          ]
        ]
      }
    },
    {
      "type": "Feature",
      "id": "B041",
      "properties": {
        "Building_ID": "B041",
        "Parcel_ID": "LP041",
        "Osm_ID": 487161017,
        "Name": "Duvvada Building B041",
        "Building_Type": "Independent House",
        "Latitude": 17.695658,
        "Longitude": 83.162359,
        "Area_sq_m": 214.5,
        "Floors": 2,
        "HasRealLevels": false,
        "RealFloors": null,
        "Height_m": 6.4,
        "HasRealHeight": false,
        "RealHeight": null,
        "Street": "Kurmannapalem Road / Duvvada",
        "City": "Visakhapatnam",
        "Postcode": "530046",
        "State": "Andhra Pradesh",
        "Source": "OpenStreetMap",
        "DataStatus": "REAL_PUBLIC_DATA",
        "HeightStatus": "DEMO_ILLUSTRATIVE_HEIGHT"
      },
      "geometry": {
        "type": "Polygon",
        "coordinates": [
          [
            [
              83.1622548,
              17.6956555
            ],
            [
              83.162315,
              17.695748
            ],
            [
              83.1624642,
              17.6956598
            ],
            [
              83.1624039,
              17.6955673
            ],
            [
              83.1622548,
              17.6956555
            ]
          ]
        ]
      }
    },
    {
      "type": "Feature",
      "id": "B042",
      "properties": {
        "Building_ID": "B042",
        "Parcel_ID": "LP042",
        "Osm_ID": 487161057,
        "Name": "Tilak Residency",
        "Building_Type": "Independent House",
        "Latitude": 17.695457,
        "Longitude": 83.162252,
        "Area_sq_m": 151.8,
        "Floors": 2,
        "HasRealLevels": false,
        "RealFloors": null,
        "Height_m": 6.4,
        "HasRealHeight": false,
        "RealHeight": null,
        "Street": "Kurmannapalem Road / Duvvada",
        "City": "Visakhapatnam",
        "Postcode": "530046",
        "State": "Andhra Pradesh",
        "Source": "OpenStreetMap",
        "DataStatus": "REAL_PUBLIC_DATA",
        "HeightStatus": "DEMO_ILLUSTRATIVE_HEIGHT"
      },
      "geometry": {
        "type": "Polygon",
        "coordinates": [
          [
            [
              83.1621609,
              17.6954512
            ],
            [
              83.1622069,
              17.6955295
            ],
            [
              83.1623419,
              17.695461
            ],
            [
              83.1622995,
              17.6953851
            ],
            [
              83.1621609,
              17.6954512
            ]
          ]
        ]
      }
    },
    {
      "type": "Feature",
      "id": "B043",
      "properties": {
        "Building_ID": "B043",
        "Parcel_ID": "LP043",
        "Osm_ID": 487162103,
        "Name": "Duvvada Building B043",
        "Building_Type": "Independent House",
        "Latitude": 17.695433,
        "Longitude": 83.162054,
        "Area_sq_m": 238.5,
        "Floors": 2,
        "HasRealLevels": false,
        "RealFloors": null,
        "Height_m": 6.4,
        "HasRealHeight": false,
        "RealHeight": null,
        "Street": "Kurmannapalem Road / Duvvada",
        "City": "Visakhapatnam",
        "Postcode": "530046",
        "State": "Andhra Pradesh",
        "Source": "OpenStreetMap",
        "DataStatus": "REAL_PUBLIC_DATA",
        "HeightStatus": "DEMO_ILLUSTRATIVE_HEIGHT"
      },
      "geometry": {
        "type": "Polygon",
        "coordinates": [
          [
            [
              83.1619492,
              17.6954149
            ],
            [
              83.1620995,
              17.6953408
            ],
            [
              83.1621609,
              17.6954512
            ],
            [
              83.1620082,
              17.6955259
            ],
            [
              83.1619492,
              17.6954149
            ]
          ]
        ]
      }
    },
    {
      "type": "Feature",
      "id": "B044",
      "properties": {
        "Building_ID": "B044",
        "Parcel_ID": "LP044",
        "Osm_ID": 487162120,
        "Name": "MuralidharReddy Residency",
        "Building_Type": "Independent House",
        "Latitude": 17.695355,
        "Longitude": 83.162211,
        "Area_sq_m": 256.5,
        "Floors": 2,
        "HasRealLevels": false,
        "RealFloors": null,
        "Height_m": 6.4,
        "HasRealHeight": false,
        "RealHeight": null,
        "Street": "Kurmannapalem Road / Duvvada",
        "City": "Visakhapatnam",
        "Postcode": "530046",
        "State": "Andhra Pradesh",
        "Source": "OpenStreetMap",
        "DataStatus": "REAL_PUBLIC_DATA",
        "HeightStatus": "DEMO_ILLUSTRATIVE_HEIGHT"
      },
      "geometry": {
        "type": "Polygon",
        "coordinates": [
          [
            [
              83.1620995,
              17.6953408
            ],
            [
              83.1622611,
              17.6952592
            ],
            [
              83.1623225,
              17.6953696
            ],
            [
              83.1621609,
              17.6954512
            ],
            [
              83.1620995,
              17.6953408
            ]
          ]
        ]
      }
    },
    {
      "type": "Feature",
      "id": "B045",
      "properties": {
        "Building_ID": "B045",
        "Parcel_ID": "LP045",
        "Osm_ID": 487162142,
        "Name": "venkateshwara Nilayam",
        "Building_Type": "Independent House",
        "Latitude": 17.694722,
        "Longitude": 83.160889,
        "Area_sq_m": 210,
        "Floors": 2,
        "HasRealLevels": false,
        "RealFloors": null,
        "Height_m": 6.4,
        "HasRealHeight": false,
        "RealHeight": null,
        "Street": "Kurmannapalem Road / Duvvada",
        "City": "Visakhapatnam",
        "Postcode": "530046",
        "State": "Andhra Pradesh",
        "Source": "OpenStreetMap",
        "DataStatus": "REAL_PUBLIC_DATA",
        "HeightStatus": "DEMO_ILLUSTRATIVE_HEIGHT"
      },
      "geometry": {
        "type": "Polygon",
        "coordinates": [
          [
            [
              83.1607973,
              17.6946591
            ],
            [
              83.1608981,
              17.6948303
            ],
            [
              83.1609812,
              17.6947858
            ],
            [
              83.1608804,
              17.6946146
            ],
            [
              83.1607973,
              17.6946591
            ]
          ]
        ]
      }
    },
    {
      "type": "Feature",
      "id": "B046",
      "properties": {
        "Building_ID": "B046",
        "Parcel_ID": "LP046",
        "Osm_ID": 487162146,
        "Name": "Trivedi Residency",
        "Building_Type": "Independent House",
        "Latitude": 17.694692,
        "Longitude": 83.160994,
        "Area_sq_m": 215,
        "Floors": 2,
        "HasRealLevels": false,
        "RealFloors": null,
        "Height_m": 6.4,
        "HasRealHeight": false,
        "RealHeight": null,
        "Street": "Kurmannapalem Road / Duvvada",
        "City": "Visakhapatnam",
        "Postcode": "530046",
        "State": "Andhra Pradesh",
        "Source": "OpenStreetMap",
        "DataStatus": "REAL_PUBLIC_DATA",
        "HeightStatus": "DEMO_ILLUSTRATIVE_HEIGHT"
      },
      "geometry": {
        "type": "Polygon",
        "coordinates": [
          [
            [
              83.1610064,
              17.694799
            ],
            [
              83.160897,
              17.694637
            ],
            [
              83.1609806,
              17.6945858
            ],
            [
              83.1610901,
              17.6947476
            ],
            [
              83.1610064,
              17.694799
            ]
          ]
        ]
      }
    },
    {
      "type": "Feature",
      "id": "B047",
      "properties": {
        "Building_ID": "B047",
        "Parcel_ID": "LP047",
        "Osm_ID": 487162210,
        "Name": "SVR Mansion",
        "Building_Type": "Independent House",
        "Latitude": 17.694634,
        "Longitude": 83.161131,
        "Area_sq_m": 263.1,
        "Floors": 3,
        "HasRealLevels": true,
        "RealFloors": 3,
        "Height_m": 9.600000000000001,
        "HasRealHeight": false,
        "RealHeight": 9.600000000000001,
        "Street": "Kurmannapalem Road / Duvvada",
        "City": "Visakhapatnam",
        "Postcode": "530046",
        "State": "Andhra Pradesh",
        "Source": "OpenStreetMap",
        "DataStatus": "REAL_PUBLIC_DATA",
        "HeightStatus": "DERIVED_FROM_LEVELS"
      },
      "geometry": {
        "type": "Polygon",
        "coordinates": [
          [
            [
              83.1610225,
              17.6946103
            ],
            [
              83.1610977,
              17.6947346
            ],
            [
              83.1612393,
              17.6946569
            ],
            [
              83.1611641,
              17.6945326
            ],
            [
              83.1610225,
              17.6946103
            ]
          ]
        ]
      }
    },
    {
      "type": "Feature",
      "id": "B048",
      "properties": {
        "Building_ID": "B048",
        "Parcel_ID": "LP048",
        "Osm_ID": 487162233,
        "Name": "emerald",
        "Building_Type": "Independent House",
        "Latitude": 17.694838,
        "Longitude": 83.161293,
        "Area_sq_m": 150.9,
        "Floors": 2,
        "HasRealLevels": false,
        "RealFloors": null,
        "Height_m": 6.4,
        "HasRealHeight": false,
        "RealHeight": null,
        "Street": "Kurmannapalem Road / Duvvada",
        "City": "Visakhapatnam",
        "Postcode": "530046",
        "State": "Andhra Pradesh",
        "Source": "OpenStreetMap",
        "DataStatus": "REAL_PUBLIC_DATA",
        "HeightStatus": "DEMO_ILLUSTRATIVE_HEIGHT"
      },
      "geometry": {
        "type": "Polygon",
        "coordinates": [
          [
            [
              83.1612927,
              17.6949251
            ],
            [
              83.161371,
              17.6948852
            ],
            [
              83.1612931,
              17.6947513
            ],
            [
              83.1612165,
              17.6947919
            ],
            [
              83.1612927,
              17.6949251
            ]
          ]
        ]
      }
    },
    {
      "type": "Feature",
      "id": "B049",
      "properties": {
        "Building_ID": "B049",
        "Parcel_ID": "LP049",
        "Osm_ID": 487162234,
        "Name": "Ganesh Nivas",
        "Building_Type": "Independent House",
        "Latitude": 17.694959,
        "Longitude": 83.161362,
        "Area_sq_m": 122.5,
        "Floors": 2,
        "HasRealLevels": false,
        "RealFloors": null,
        "Height_m": 6.4,
        "HasRealHeight": false,
        "RealHeight": null,
        "Street": "Kurmannapalem Road / Duvvada",
        "City": "Visakhapatnam",
        "Postcode": "530046",
        "State": "Andhra Pradesh",
        "Source": "OpenStreetMap",
        "DataStatus": "REAL_PUBLIC_DATA",
        "HeightStatus": "DEMO_ILLUSTRATIVE_HEIGHT"
      },
      "geometry": {
        "type": "Polygon",
        "coordinates": [
          [
            [
              83.1613534,
              17.6950335
            ],
            [
              83.1612927,
              17.6949251
            ],
            [
              83.161371,
              17.6948852
            ],
            [
              83.1614318,
              17.6949937
            ],
            [
              83.1613534,
              17.6950335
            ]
          ]
        ]
      }
    },
    {
      "type": "Feature",
      "id": "B050",
      "properties": {
        "Building_ID": "B050",
        "Parcel_ID": "LP050",
        "Osm_ID": 487162306,
        "Name": "Murali Residency",
        "Building_Type": "Independent House",
        "Latitude": 17.694843,
        "Longitude": 83.161437,
        "Area_sq_m": 127.1,
        "Floors": 2,
        "HasRealLevels": false,
        "RealFloors": null,
        "Height_m": 6.4,
        "HasRealHeight": false,
        "RealHeight": null,
        "Street": "Kurmannapalem Road / Duvvada",
        "City": "Visakhapatnam",
        "Postcode": "530046",
        "State": "Andhra Pradesh",
        "Source": "OpenStreetMap",
        "DataStatus": "REAL_PUBLIC_DATA",
        "HeightStatus": "DEMO_ILLUSTRATIVE_HEIGHT"
      },
      "geometry": {
        "type": "Polygon",
        "coordinates": [
          [
            [
              83.1613945,
              17.694908
            ],
            [
              83.1613571,
              17.6948319
            ],
            [
              83.1614791,
              17.6947775
            ],
            [
              83.1615165,
              17.6948537
            ],
            [
              83.1613945,
              17.694908
            ]
          ]
        ]
      }
    },
    {
      "type": "Feature",
      "id": "B051",
      "properties": {
        "Building_ID": "B051",
        "Parcel_ID": "LP051",
        "Osm_ID": 487162365,
        "Name": "Satish Kumar Residency",
        "Building_Type": "Independent House",
        "Latitude": 17.694922,
        "Longitude": 83.16149,
        "Area_sq_m": 148.2,
        "Floors": 2,
        "HasRealLevels": false,
        "RealFloors": null,
        "Height_m": 6.4,
        "HasRealHeight": false,
        "RealHeight": null,
        "Street": "Kurmannapalem Road / Duvvada",
        "City": "Visakhapatnam",
        "Postcode": "530046",
        "State": "Andhra Pradesh",
        "Source": "OpenStreetMap",
        "DataStatus": "REAL_PUBLIC_DATA",
        "HeightStatus": "DEMO_ILLUSTRATIVE_HEIGHT"
      },
      "geometry": {
        "type": "Polygon",
        "coordinates": [
          [
            [
              83.1614516,
              17.6949854
            ],
            [
              83.1613945,
              17.694908
            ],
            [
              83.1615385,
              17.6948535
            ],
            [
              83.1615742,
              17.6949391
            ],
            [
              83.1614516,
              17.6949854
            ]
          ]
        ]
      }
    },
    {
      "type": "Feature",
      "id": "B052",
      "properties": {
        "Building_ID": "B052",
        "Parcel_ID": "LP052",
        "Osm_ID": 487162433,
        "Name": "Seshagiri Rao Residency",
        "Building_Type": "Independent House",
        "Latitude": 17.695249,
        "Longitude": 83.16137,
        "Area_sq_m": 116.1,
        "Floors": 2,
        "HasRealLevels": false,
        "RealFloors": null,
        "Height_m": 6.4,
        "HasRealHeight": false,
        "RealHeight": null,
        "Street": "Kurmannapalem Road / Duvvada",
        "City": "Visakhapatnam",
        "Postcode": "530046",
        "State": "Andhra Pradesh",
        "Source": "OpenStreetMap",
        "DataStatus": "REAL_PUBLIC_DATA",
        "HeightStatus": "DEMO_ILLUSTRATIVE_HEIGHT"
      },
      "geometry": {
        "type": "Polygon",
        "coordinates": [
          [
            [
              83.1613554,
              17.6953175
            ],
            [
              83.1613041,
              17.6952128
            ],
            [
              83.1613846,
              17.6951771
            ],
            [
              83.1614355,
              17.6952895
            ],
            [
              83.1613554,
              17.6953175
            ]
          ]
        ]
      }
    },
    {
      "type": "Feature",
      "id": "B053",
      "properties": {
        "Building_ID": "B053",
        "Parcel_ID": "LP053",
        "Osm_ID": 487162498,
        "Name": "Shanti Nivas",
        "Building_Type": "Independent House",
        "Latitude": 17.695274,
        "Longitude": 83.161285,
        "Area_sq_m": 134.8,
        "Floors": 2,
        "HasRealLevels": false,
        "RealFloors": null,
        "Height_m": 6.4,
        "HasRealHeight": false,
        "RealHeight": null,
        "Street": "Kurmannapalem Road / Duvvada",
        "City": "Visakhapatnam",
        "Postcode": "530046",
        "State": "Andhra Pradesh",
        "Source": "OpenStreetMap",
        "DataStatus": "REAL_PUBLIC_DATA",
        "HeightStatus": "DEMO_ILLUSTRATIVE_HEIGHT"
      },
      "geometry": {
        "type": "Polygon",
        "coordinates": [
          [
            [
              83.1612763,
              17.6953533
            ],
            [
              83.1612146,
              17.6952295
            ],
            [
              83.1612938,
              17.6951937
            ],
            [
              83.1613554,
              17.6953175
            ],
            [
              83.1612763,
              17.6953533
            ]
          ]
        ]
      }
    },
    {
      "type": "Feature",
      "id": "B054",
      "properties": {
        "Building_ID": "B054",
        "Parcel_ID": "LP054",
        "Osm_ID": 487162732,
        "Name": "Duvvada Building B054",
        "Building_Type": "Independent House",
        "Latitude": 17.695151,
        "Longitude": 83.161523,
        "Area_sq_m": 166.8,
        "Floors": 2,
        "HasRealLevels": false,
        "RealFloors": null,
        "Height_m": 6.4,
        "HasRealHeight": false,
        "RealHeight": null,
        "Street": "Kurmannapalem Road / Duvvada",
        "City": "Visakhapatnam",
        "Postcode": "530046",
        "State": "Andhra Pradesh",
        "Source": "OpenStreetMap",
        "DataStatus": "REAL_PUBLIC_DATA",
        "HeightStatus": "DEMO_ILLUSTRATIVE_HEIGHT"
      },
      "geometry": {
        "type": "Polygon",
        "coordinates": [
          [
            [
              83.1615081,
              17.6952362
            ],
            [
              83.1616038,
              17.6952008
            ],
            [
              83.1615358,
              17.6950649
            ],
            [
              83.1614462,
              17.6951026
            ],
            [
              83.1615081,
              17.6952362
            ]
          ]
        ]
      }
    },
    {
      "type": "Feature",
      "id": "B055",
      "properties": {
        "Building_ID": "B055",
        "Parcel_ID": "LP055",
        "Osm_ID": 487162848,
        "Name": "Duvvada Building B055",
        "Building_Type": "Independent House",
        "Latitude": 17.695286,
        "Longitude": 83.161587,
        "Area_sq_m": 106.9,
        "Floors": 2,
        "HasRealLevels": false,
        "RealFloors": null,
        "Height_m": 6.4,
        "HasRealHeight": false,
        "RealHeight": null,
        "Street": "Kurmannapalem Road / Duvvada",
        "City": "Visakhapatnam",
        "Postcode": "530046",
        "State": "Andhra Pradesh",
        "Source": "OpenStreetMap",
        "DataStatus": "REAL_PUBLIC_DATA",
        "HeightStatus": "DEMO_ILLUSTRATIVE_HEIGHT"
      },
      "geometry": {
        "type": "Polygon",
        "coordinates": [
          [
            [
              83.161575,
              17.695356
            ],
            [
              83.1615267,
              17.695244
            ],
            [
              83.1615995,
              17.6952156
            ],
            [
              83.1616478,
              17.6953275
            ],
            [
              83.161575,
              17.695356
            ]
          ]
        ]
      }
    },
    {
      "type": "Feature",
      "id": "B056",
      "properties": {
        "Building_ID": "B056",
        "Parcel_ID": "LP056",
        "Osm_ID": 487162951,
        "Name": "Duvvada Building B056",
        "Building_Type": "Independent House",
        "Latitude": 17.695239,
        "Longitude": 83.16168,
        "Area_sq_m": 153.6,
        "Floors": 2,
        "HasRealLevels": false,
        "RealFloors": null,
        "Height_m": 6.4,
        "HasRealHeight": false,
        "RealHeight": null,
        "Street": "Kurmannapalem Road / Duvvada",
        "City": "Visakhapatnam",
        "Postcode": "530046",
        "State": "Andhra Pradesh",
        "Source": "OpenStreetMap",
        "DataStatus": "REAL_PUBLIC_DATA",
        "HeightStatus": "DEMO_ILLUSTRATIVE_HEIGHT"
      },
      "geometry": {
        "type": "Polygon",
        "coordinates": [
          [
            [
              83.1616563,
              17.6953172
            ],
            [
              83.1616038,
              17.6952008
            ],
            [
              83.1617031,
              17.6951602
            ],
            [
              83.1617556,
              17.6952765
            ],
            [
              83.1616563,
              17.6953172
            ]
          ]
        ]
      }
    },
    {
      "type": "Feature",
      "id": "B057",
      "properties": {
        "Building_ID": "B057",
        "Parcel_ID": "LP057",
        "Osm_ID": 487163512,
        "Name": "nayak Residency",
        "Building_Type": "Independent House",
        "Latitude": 17.69548,
        "Longitude": 83.161202,
        "Area_sq_m": 140.6,
        "Floors": 2,
        "HasRealLevels": true,
        "RealFloors": 2,
        "Height_m": 6.4,
        "HasRealHeight": false,
        "RealHeight": 6.4,
        "Street": "Kurmannapalem Road / Duvvada",
        "City": "Visakhapatnam",
        "Postcode": "530046",
        "State": "Andhra Pradesh",
        "Source": "OpenStreetMap",
        "DataStatus": "REAL_PUBLIC_DATA",
        "HeightStatus": "DERIVED_FROM_LEVELS"
      },
      "geometry": {
        "type": "Polygon",
        "coordinates": [
          [
            [
              83.1611948,
              17.6955616
            ],
            [
              83.1611293,
              17.6954368
            ],
            [
              83.1612095,
              17.6953985
            ],
            [
              83.1612751,
              17.6955234
            ],
            [
              83.1611948,
              17.6955616
            ]
          ]
        ]
      }
    },
    {
      "type": "Feature",
      "id": "B058",
      "properties": {
        "Building_ID": "B058",
        "Parcel_ID": "LP058",
        "Osm_ID": 487163574,
        "Name": "RAMA",
        "Building_Type": "Independent House",
        "Latitude": 17.695384,
        "Longitude": 83.161088,
        "Area_sq_m": 198.3,
        "Floors": 3,
        "HasRealLevels": true,
        "RealFloors": 3,
        "Height_m": 9.600000000000001,
        "HasRealHeight": false,
        "RealHeight": 9.600000000000001,
        "Street": "Kurmannapalem Road / Duvvada",
        "City": "Visakhapatnam",
        "Postcode": "530046",
        "State": "Andhra Pradesh",
        "Source": "OpenStreetMap",
        "DataStatus": "REAL_PUBLIC_DATA",
        "HeightStatus": "DERIVED_FROM_LEVELS"
      },
      "geometry": {
        "type": "Polygon",
        "coordinates": [
          [
            [
              83.1610598,
              17.6954715
            ],
            [
              83.160996,
              17.6953583
            ],
            [
              83.1611172,
              17.6952964
            ],
            [
              83.1611809,
              17.6954097
            ],
            [
              83.1610598,
              17.6954715
            ]
          ]
        ]
      }
    },
    {
      "type": "Feature",
      "id": "B059",
      "properties": {
        "Building_ID": "B059",
        "Parcel_ID": "LP059",
        "Osm_ID": 487163715,
        "Name": "Bhavana Residency",
        "Building_Type": "Independent House",
        "Latitude": 17.695734,
        "Longitude": 83.161248,
        "Area_sq_m": 133.2,
        "Floors": 2,
        "HasRealLevels": false,
        "RealFloors": null,
        "Height_m": 6.4,
        "HasRealHeight": false,
        "RealHeight": null,
        "Street": "Kurmannapalem Road / Duvvada",
        "City": "Visakhapatnam",
        "Postcode": "530046",
        "State": "Andhra Pradesh",
        "Source": "OpenStreetMap",
        "DataStatus": "REAL_PUBLIC_DATA",
        "HeightStatus": "DEMO_ILLUSTRATIVE_HEIGHT"
      },
      "geometry": {
        "type": "Polygon",
        "coordinates": [
          [
            [
              83.1612427,
              17.6958142
            ],
            [
              83.1611771,
              17.6956892
            ],
            [
              83.161253,
              17.695653
            ],
            [
              83.1613187,
              17.695778
            ],
            [
              83.1612427,
              17.6958142
            ]
          ]
        ]
      }
    },
    {
      "type": "Feature",
      "id": "B060",
      "properties": {
        "Building_ID": "B060",
        "Parcel_ID": "LP060",
        "Osm_ID": 487163752,
        "Name": "Duvvada Building B060",
        "Building_Type": "Independent House",
        "Latitude": 17.695689,
        "Longitude": 83.161334,
        "Area_sq_m": 142.6,
        "Floors": 2,
        "HasRealLevels": false,
        "RealFloors": null,
        "Height_m": 6.4,
        "HasRealHeight": false,
        "RealHeight": null,
        "Street": "Kurmannapalem Road / Duvvada",
        "City": "Visakhapatnam",
        "Postcode": "530046",
        "State": "Andhra Pradesh",
        "Source": "OpenStreetMap",
        "DataStatus": "REAL_PUBLIC_DATA",
        "HeightStatus": "DEMO_ILLUSTRATIVE_HEIGHT"
      },
      "geometry": {
        "type": "Polygon",
        "coordinates": [
          [
            [
              83.1613254,
              17.6957728
            ],
            [
              83.1612634,
              17.6956398
            ],
            [
              83.1613431,
              17.695606
            ],
            [
              83.1614052,
              17.6957391
            ],
            [
              83.1613254,
              17.6957728
            ]
          ]
        ]
      }
    },
    {
      "type": "Feature",
      "id": "B061",
      "properties": {
        "Building_ID": "B061",
        "Parcel_ID": "LP061",
        "Osm_ID": 487163764,
        "Name": "Duvvada Building B061",
        "Building_Type": "Independent House",
        "Latitude": 17.695771,
        "Longitude": 83.161479,
        "Area_sq_m": 118.3,
        "Floors": 2,
        "HasRealLevels": false,
        "RealFloors": null,
        "Height_m": 6.4,
        "HasRealHeight": false,
        "RealHeight": null,
        "Street": "Kurmannapalem Road / Duvvada",
        "City": "Visakhapatnam",
        "Postcode": "530046",
        "State": "Andhra Pradesh",
        "Source": "OpenStreetMap",
        "DataStatus": "REAL_PUBLIC_DATA",
        "HeightStatus": "DEMO_ILLUSTRATIVE_HEIGHT"
      },
      "geometry": {
        "type": "Polygon",
        "coordinates": [
          [
            [
              83.1614698,
              17.695845
            ],
            [
              83.1614121,
              17.6957321
            ],
            [
              83.1614876,
              17.6956971
            ],
            [
              83.1615453,
              17.69581
            ],
            [
              83.1614698,
              17.695845
            ]
          ]
        ]
      }
    },
    {
      "type": "Feature",
      "id": "B062",
      "properties": {
        "Building_ID": "B062",
        "Parcel_ID": "LP062",
        "Osm_ID": 487163838,
        "Name": "Madhav",
        "Building_Type": "Independent House",
        "Latitude": 17.696071,
        "Longitude": 83.161443,
        "Area_sq_m": 190.9,
        "Floors": 2,
        "HasRealLevels": false,
        "RealFloors": null,
        "Height_m": 6.4,
        "HasRealHeight": false,
        "RealHeight": null,
        "Street": "Kurmannapalem Road / Duvvada",
        "City": "Visakhapatnam",
        "Postcode": "530046",
        "State": "Andhra Pradesh",
        "Source": "OpenStreetMap",
        "DataStatus": "REAL_PUBLIC_DATA",
        "HeightStatus": "DEMO_ILLUSTRATIVE_HEIGHT"
      },
      "geometry": {
        "type": "Polygon",
        "coordinates": [
          [
            [
              83.1614243,
              17.6961608
            ],
            [
              83.1615298,
              17.6961104
            ],
            [
              83.1614619,
              17.6959816
            ],
            [
              83.1613564,
              17.696032
            ],
            [
              83.1614243,
              17.6961608
            ]
          ]
        ]
      }
    },
    {
      "type": "Feature",
      "id": "B063",
      "properties": {
        "Building_ID": "B063",
        "Parcel_ID": "LP063",
        "Osm_ID": 487163858,
        "Name": "Srishti Residency",
        "Building_Type": "Independent House",
        "Latitude": 17.695998,
        "Longitude": 83.161615,
        "Area_sq_m": 178.5,
        "Floors": 2,
        "HasRealLevels": false,
        "RealFloors": null,
        "Height_m": 6.4,
        "HasRealHeight": false,
        "RealHeight": null,
        "Street": "Kurmannapalem Road / Duvvada",
        "City": "Visakhapatnam",
        "Postcode": "530046",
        "State": "Andhra Pradesh",
        "Source": "OpenStreetMap",
        "DataStatus": "REAL_PUBLIC_DATA",
        "HeightStatus": "DEMO_ILLUSTRATIVE_HEIGHT"
      },
      "geometry": {
        "type": "Polygon",
        "coordinates": [
          [
            [
              83.1616005,
              17.6960871
            ],
            [
              83.1615324,
              17.695955
            ],
            [
              83.1616294,
              17.6959096
            ],
            [
              83.1616975,
              17.6960417
            ],
            [
              83.1616005,
              17.6960871
            ]
          ]
        ]
      }
    },
    {
      "type": "Feature",
      "id": "B064",
      "properties": {
        "Building_ID": "B064",
        "Parcel_ID": "LP064",
        "Osm_ID": 487163863,
        "Name": "Duvvada Building B064",
        "Building_Type": "Independent House",
        "Latitude": 17.696239,
        "Longitude": 83.161555,
        "Area_sq_m": 145.4,
        "Floors": 2,
        "HasRealLevels": false,
        "RealFloors": null,
        "Height_m": 6.4,
        "HasRealHeight": false,
        "RealHeight": null,
        "Street": "Kurmannapalem Road / Duvvada",
        "City": "Visakhapatnam",
        "Postcode": "530046",
        "State": "Andhra Pradesh",
        "Source": "OpenStreetMap",
        "DataStatus": "REAL_PUBLIC_DATA",
        "HeightStatus": "DEMO_ILLUSTRATIVE_HEIGHT"
      },
      "geometry": {
        "type": "Polygon",
        "coordinates": [
          [
            [
              83.1615115,
              17.6963105
            ],
            [
              83.1616421,
              17.6962435
            ],
            [
              83.1615986,
              17.6961666
            ],
            [
              83.161468,
              17.6962336
            ],
            [
              83.1615115,
              17.6963105
            ]
          ]
        ]
      }
    },
    {
      "type": "Feature",
      "id": "B065",
      "properties": {
        "Building_ID": "B065",
        "Parcel_ID": "LP065",
        "Osm_ID": 487163981,
        "Name": "Duvvada Building B065",
        "Building_Type": "Independent House",
        "Latitude": 17.696319,
        "Longitude": 83.161755,
        "Area_sq_m": 147.8,
        "Floors": 2,
        "HasRealLevels": false,
        "RealFloors": null,
        "Height_m": 6.4,
        "HasRealHeight": false,
        "RealHeight": null,
        "Street": "Kurmannapalem Road / Duvvada",
        "City": "Visakhapatnam",
        "Postcode": "530046",
        "State": "Andhra Pradesh",
        "Source": "OpenStreetMap",
        "DataStatus": "REAL_PUBLIC_DATA",
        "HeightStatus": "DEMO_ILLUSTRATIVE_HEIGHT"
      },
      "geometry": {
        "type": "Polygon",
        "coordinates": [
          [
            [
              83.161717,
              17.6963913
            ],
            [
              83.161839,
              17.6963293
            ],
            [
              83.1617943,
              17.6962441
            ],
            [
              83.1616703,
              17.6963099
            ],
            [
              83.161717,
              17.6963913
            ]
          ]
        ]
      }
    },
    {
      "type": "Feature",
      "id": "B066",
      "properties": {
        "Building_ID": "B066",
        "Parcel_ID": "LP066",
        "Osm_ID": 487164288,
        "Name": "Duvvada Apartments B066",
        "Building_Type": "Apartment",
        "Latitude": 17.696535,
        "Longitude": 83.161709,
        "Area_sq_m": 160.6,
        "Floors": 5,
        "HasRealLevels": false,
        "RealFloors": null,
        "Height_m": 16,
        "HasRealHeight": false,
        "RealHeight": null,
        "Street": "Kurmannapalem Road / Duvvada",
        "City": "Visakhapatnam",
        "Postcode": "530046",
        "State": "Andhra Pradesh",
        "Source": "OpenStreetMap",
        "DataStatus": "REAL_PUBLIC_DATA",
        "HeightStatus": "DEMO_ILLUSTRATIVE_HEIGHT"
      },
      "geometry": {
        "type": "Polygon",
        "coordinates": [
          [
            [
              83.1616662,
              17.6966121
            ],
            [
              83.1616196,
              17.6965269
            ],
            [
              83.1617514,
              17.6964589
            ],
            [
              83.1617981,
              17.6965419
            ],
            [
              83.1616662,
              17.6966121
            ]
          ]
        ]
      }
    },
    {
      "type": "Feature",
      "id": "B067",
      "properties": {
        "Building_ID": "B067",
        "Parcel_ID": "LP067",
        "Osm_ID": 487182677,
        "Name": "Chanakya Residency",
        "Building_Type": "Apartment",
        "Latitude": 17.696576,
        "Longitude": 83.161394,
        "Area_sq_m": 231.9,
        "Floors": 5,
        "HasRealLevels": true,
        "RealFloors": 5,
        "Height_m": 16,
        "HasRealHeight": false,
        "RealHeight": 16,
        "Street": "Kurmannapalem Road / Duvvada",
        "City": "Visakhapatnam",
        "Postcode": "530046",
        "State": "Andhra Pradesh",
        "Source": "OpenStreetMap",
        "DataStatus": "REAL_PUBLIC_DATA",
        "HeightStatus": "DERIVED_FROM_LEVELS"
      },
      "geometry": {
        "type": "Polygon",
        "coordinates": [
          [
            [
              83.1614136,
              17.6967049
            ],
            [
              83.1614883,
              17.6966702
            ],
            [
              83.161374,
              17.6964467
            ],
            [
              83.1612993,
              17.6964813
            ],
            [
              83.1614136,
              17.6967049
            ]
          ]
        ]
      }
    },
    {
      "type": "Feature",
      "id": "B068",
      "properties": {
        "Building_ID": "B068",
        "Parcel_ID": "LP068",
        "Osm_ID": 487182767,
        "Name": "Panchajanya Heights",
        "Building_Type": "Apartment",
        "Latitude": 17.696808,
        "Longitude": 83.161529,
        "Area_sq_m": 256,
        "Floors": 5,
        "HasRealLevels": true,
        "RealFloors": 5,
        "Height_m": 16,
        "HasRealHeight": false,
        "RealHeight": 16,
        "Street": "Kurmannapalem Road / Duvvada",
        "City": "Visakhapatnam",
        "Postcode": "530046",
        "State": "Andhra Pradesh",
        "Source": "OpenStreetMap",
        "DataStatus": "REAL_PUBLIC_DATA",
        "HeightStatus": "DERIVED_FROM_LEVELS"
      },
      "geometry": {
        "type": "Polygon",
        "coordinates": [
          [
            [
              83.1615464,
              17.6969371
            ],
            [
              83.1616292,
              17.6968967
            ],
            [
              83.1615117,
              17.6966786
            ],
            [
              83.1614289,
              17.696719
            ],
            [
              83.1615464,
              17.6969371
            ]
          ]
        ]
      }
    },
    {
      "type": "Feature",
      "id": "B069",
      "properties": {
        "Building_ID": "B069",
        "Parcel_ID": "LP069",
        "Osm_ID": 487183042,
        "Name": "Sri Lakshmi Venkateshwara Nilayam",
        "Building_Type": "Independent House",
        "Latitude": 17.696705,
        "Longitude": 83.161992,
        "Area_sq_m": 207.7,
        "Floors": 2,
        "HasRealLevels": true,
        "RealFloors": 2,
        "Height_m": 6.4,
        "HasRealHeight": false,
        "RealHeight": 6.4,
        "Street": "Kurmannapalem Road / Duvvada",
        "City": "Visakhapatnam",
        "Postcode": "530046",
        "State": "Andhra Pradesh",
        "Source": "OpenStreetMap",
        "DataStatus": "REAL_PUBLIC_DATA",
        "HeightStatus": "DERIVED_FROM_LEVELS"
      },
      "geometry": {
        "type": "Polygon",
        "coordinates": [
          [
            [
              83.1619819,
              17.6968026
            ],
            [
              83.1620823,
              17.6967537
            ],
            [
              83.1620006,
              17.6966069
            ],
            [
              83.1619025,
              17.6966558
            ],
            [
              83.1619819,
              17.6968026
            ]
          ]
        ]
      }
    },
    {
      "type": "Feature",
      "id": "B070",
      "properties": {
        "Building_ID": "B070",
        "Parcel_ID": "LP070",
        "Osm_ID": 487183240,
        "Name": "Murali Residency",
        "Building_Type": "Independent House",
        "Latitude": 17.696546,
        "Longitude": 83.161881,
        "Area_sq_m": 130.6,
        "Floors": 2,
        "HasRealLevels": false,
        "RealFloors": null,
        "Height_m": 6.4,
        "HasRealHeight": false,
        "RealHeight": null,
        "Street": "Kurmannapalem Road / Duvvada",
        "City": "Visakhapatnam",
        "Postcode": "530046",
        "State": "Andhra Pradesh",
        "Source": "OpenStreetMap",
        "DataStatus": "REAL_PUBLIC_DATA",
        "HeightStatus": "DEMO_ILLUSTRATIVE_HEIGHT"
      },
      "geometry": {
        "type": "Polygon",
        "coordinates": [
          [
            [
              83.1618385,
              17.696615
            ],
            [
              83.1619638,
              17.6965488
            ],
            [
              83.161923,
              17.6964781
            ],
            [
              83.1617981,
              17.6965419
            ],
            [
              83.1618385,
              17.696615
            ]
          ]
        ]
      }
    },
    {
      "type": "Feature",
      "id": "B071",
      "properties": {
        "Building_ID": "B071",
        "Parcel_ID": "LP071",
        "Osm_ID": 487183352,
        "Name": "Mallepudi Nivas",
        "Building_Type": "Independent House",
        "Latitude": 17.696469,
        "Longitude": 83.161837,
        "Area_sq_m": 149.8,
        "Floors": 2,
        "HasRealLevels": false,
        "RealFloors": null,
        "Height_m": 6.4,
        "HasRealHeight": false,
        "RealHeight": null,
        "Street": "Kurmannapalem Road / Duvvada",
        "City": "Visakhapatnam",
        "Postcode": "530046",
        "State": "Andhra Pradesh",
        "Source": "OpenStreetMap",
        "DataStatus": "REAL_PUBLIC_DATA",
        "HeightStatus": "DEMO_ILLUSTRATIVE_HEIGHT"
      },
      "geometry": {
        "type": "Polygon",
        "coordinates": [
          [
            [
              83.1617981,
              17.6965419
            ],
            [
              83.161923,
              17.6964781
            ],
            [
              83.1618763,
              17.6963951
            ],
            [
              83.1617514,
              17.6964589
            ],
            [
              83.1617981,
              17.6965419
            ]
          ]
        ]
      }
    },
    {
      "type": "Feature",
      "id": "B072",
      "properties": {
        "Building_ID": "B072",
        "Parcel_ID": "LP072",
        "Osm_ID": 487185367,
        "Name": "Rama Raju Nivas",
        "Building_Type": "Independent House",
        "Latitude": 17.69628,
        "Longitude": 83.162028,
        "Area_sq_m": 149.5,
        "Floors": 2,
        "HasRealLevels": false,
        "RealFloors": null,
        "Height_m": 6.4,
        "HasRealHeight": false,
        "RealHeight": null,
        "Street": "Kurmannapalem Road / Duvvada",
        "City": "Visakhapatnam",
        "Postcode": "530046",
        "State": "Andhra Pradesh",
        "Source": "OpenStreetMap",
        "DataStatus": "REAL_PUBLIC_DATA",
        "HeightStatus": "DEMO_ILLUSTRATIVE_HEIGHT"
      },
      "geometry": {
        "type": "Polygon",
        "coordinates": [
          [
            [
              83.1619876,
              17.6963528
            ],
            [
              83.1621124,
              17.6962882
            ],
            [
              83.1620743,
              17.6962093
            ],
            [
              83.1619383,
              17.6962691
            ],
            [
              83.1619876,
              17.6963528
            ]
          ]
        ]
      }
    },
    {
      "type": "Feature",
      "id": "B073",
      "properties": {
        "Building_ID": "B073",
        "Parcel_ID": "LP073",
        "Osm_ID": 487185980,
        "Name": "Madhava Rao Residency",
        "Building_Type": "Independent House",
        "Latitude": 17.696139,
        "Longitude": 83.162118,
        "Area_sq_m": 141.4,
        "Floors": 2,
        "HasRealLevels": true,
        "RealFloors": 2,
        "Height_m": 6.4,
        "HasRealHeight": false,
        "RealHeight": 6.4,
        "Street": "Kurmannapalem Road / Duvvada",
        "City": "Visakhapatnam",
        "Postcode": "530046",
        "State": "Andhra Pradesh",
        "Source": "OpenStreetMap",
        "DataStatus": "REAL_PUBLIC_DATA",
        "HeightStatus": "DERIVED_FROM_LEVELS"
      },
      "geometry": {
        "type": "Polygon",
        "coordinates": [
          [
            [
              83.1620743,
              17.6962093
            ],
            [
              83.162032,
              17.6961332
            ],
            [
              83.1621614,
              17.696068
            ],
            [
              83.1622037,
              17.696144
            ],
            [
              83.1620743,
              17.6962093
            ]
          ]
        ]
      }
    },
    {
      "type": "Feature",
      "id": "B074",
      "properties": {
        "Building_ID": "B074",
        "Parcel_ID": "LP074",
        "Osm_ID": 487187629,
        "Name": "Duvvada Building B074",
        "Building_Type": "Independent House",
        "Latitude": 17.696087,
        "Longitude": 83.161945,
        "Area_sq_m": 270.2,
        "Floors": 2,
        "HasRealLevels": false,
        "RealFloors": null,
        "Height_m": 6.4,
        "HasRealHeight": false,
        "RealHeight": null,
        "Street": "Kurmannapalem Road / Duvvada",
        "City": "Visakhapatnam",
        "Postcode": "530046",
        "State": "Andhra Pradesh",
        "Source": "OpenStreetMap",
        "DataStatus": "REAL_PUBLIC_DATA",
        "HeightStatus": "DEMO_ILLUSTRATIVE_HEIGHT"
      },
      "geometry": {
        "type": "Polygon",
        "coordinates": [
          [
            [
              83.1619029,
              17.6962016
            ],
            [
              83.162032,
              17.6961332
            ],
            [
              83.1619984,
              17.6960549
            ],
            [
              83.1619574,
              17.6959849
            ],
            [
              83.161832,
              17.6960607
            ],
            [
              83.1619029,
              17.6962016
            ]
          ]
        ]
      }
    },
    {
      "type": "Feature",
      "id": "B075",
      "properties": {
        "Building_ID": "B075",
        "Parcel_ID": "LP075",
        "Osm_ID": 487189443,
        "Name": "Srinivasa Residency",
        "Building_Type": "Independent House",
        "Latitude": 17.696561,
        "Longitude": 83.162267,
        "Area_sq_m": 129.5,
        "Floors": 3,
        "HasRealLevels": true,
        "RealFloors": 3,
        "Height_m": 9.600000000000001,
        "HasRealHeight": false,
        "RealHeight": 9.600000000000001,
        "Street": "Kurmannapalem Road / Duvvada",
        "City": "Visakhapatnam",
        "Postcode": "530046",
        "State": "Andhra Pradesh",
        "Source": "OpenStreetMap",
        "DataStatus": "REAL_PUBLIC_DATA",
        "HeightStatus": "DERIVED_FROM_LEVELS"
      },
      "geometry": {
        "type": "Polygon",
        "coordinates": [
          [
            [
              83.1622592,
              17.696639
            ],
            [
              83.162197,
              17.6965201
            ],
            [
              83.1622747,
              17.6964832
            ],
            [
              83.1623369,
              17.6966022
            ],
            [
              83.1622592,
              17.696639
            ]
          ]
        ]
      }
    },
    {
      "type": "Feature",
      "id": "B076",
      "properties": {
        "Building_ID": "B076",
        "Parcel_ID": "LP076",
        "Osm_ID": 487191012,
        "Name": "Venkata rao Residency",
        "Building_Type": "Independent House",
        "Latitude": 17.696511,
        "Longitude": 83.162346,
        "Area_sq_m": 117.2,
        "Floors": 3,
        "HasRealLevels": true,
        "RealFloors": 3,
        "Height_m": 9.600000000000001,
        "HasRealHeight": false,
        "RealHeight": 9.600000000000001,
        "Street": "Kurmannapalem Road / Duvvada",
        "City": "Visakhapatnam",
        "Postcode": "530046",
        "State": "Andhra Pradesh",
        "Source": "OpenStreetMap",
        "DataStatus": "REAL_PUBLIC_DATA",
        "HeightStatus": "DERIVED_FROM_LEVELS"
      },
      "geometry": {
        "type": "Polygon",
        "coordinates": [
          [
            [
              83.162335,
              17.6965837
            ],
            [
              83.1622797,
              17.696474
            ],
            [
              83.162357,
              17.6964386
            ],
            [
              83.1624123,
              17.6965484
            ],
            [
              83.162335,
              17.6965837
            ]
          ]
        ]
      }
    },
    {
      "type": "Feature",
      "id": "B077",
      "properties": {
        "Building_ID": "B077",
        "Parcel_ID": "LP077",
        "Osm_ID": 487191013,
        "Name": "Jagannadha Raju Residency",
        "Building_Type": "Independent House",
        "Latitude": 17.696352,
        "Longitude": 83.162239,
        "Area_sq_m": 165.8,
        "Floors": 3,
        "HasRealLevels": true,
        "RealFloors": 3,
        "Height_m": 9.600000000000001,
        "HasRealHeight": false,
        "RealHeight": 9.600000000000001,
        "Street": "Kurmannapalem Road / Duvvada",
        "City": "Visakhapatnam",
        "Postcode": "530046",
        "State": "Andhra Pradesh",
        "Source": "OpenStreetMap",
        "DataStatus": "REAL_PUBLIC_DATA",
        "HeightStatus": "DERIVED_FROM_LEVELS"
      },
      "geometry": {
        "type": "Polygon",
        "coordinates": [
          [
            [
              83.1621948,
              17.6964282
            ],
            [
              83.1623296,
              17.6963621
            ],
            [
              83.1622827,
              17.6962754
            ],
            [
              83.162148,
              17.6963416
            ],
            [
              83.1621948,
              17.6964282
            ]
          ]
        ]
      }
    },
    {
      "type": "Feature",
      "id": "B078",
      "properties": {
        "Building_ID": "B078",
        "Parcel_ID": "LP078",
        "Osm_ID": 487191087,
        "Name": "Duvvada Building B078",
        "Building_Type": "Independent House",
        "Latitude": 17.695624,
        "Longitude": 83.161785,
        "Area_sq_m": 137,
        "Floors": 2,
        "HasRealLevels": false,
        "RealFloors": null,
        "Height_m": 6.4,
        "HasRealHeight": false,
        "RealHeight": null,
        "Street": "Kurmannapalem Road / Duvvada",
        "City": "Visakhapatnam",
        "Postcode": "530046",
        "State": "Andhra Pradesh",
        "Source": "OpenStreetMap",
        "DataStatus": "REAL_PUBLIC_DATA",
        "HeightStatus": "DEMO_ILLUSTRATIVE_HEIGHT"
      },
      "geometry": {
        "type": "Polygon",
        "coordinates": [
          [
            [
              83.1617729,
              17.6957022
            ],
            [
              83.1617128,
              17.6955862
            ],
            [
              83.1617975,
              17.6955466
            ],
            [
              83.1618576,
              17.6956625
            ],
            [
              83.1617729,
              17.6957022
            ]
          ]
        ]
      }
    },
    {
      "type": "Feature",
      "id": "B079",
      "properties": {
        "Building_ID": "B079",
        "Parcel_ID": "LP079",
        "Osm_ID": 487191121,
        "Name": "Duvvada Building B079",
        "Building_Type": "Independent House",
        "Latitude": 17.69549,
        "Longitude": 83.161716,
        "Area_sq_m": 153,
        "Floors": 2,
        "HasRealLevels": false,
        "RealFloors": null,
        "Height_m": 6.4,
        "HasRealHeight": false,
        "RealHeight": null,
        "Street": "Kurmannapalem Road / Duvvada",
        "City": "Visakhapatnam",
        "Postcode": "530046",
        "State": "Andhra Pradesh",
        "Source": "OpenStreetMap",
        "DataStatus": "REAL_PUBLIC_DATA",
        "HeightStatus": "DEMO_ILLUSTRATIVE_HEIGHT"
      },
      "geometry": {
        "type": "Polygon",
        "coordinates": [
          [
            [
              83.1617082,
              17.6955716
            ],
            [
              83.1617929,
              17.6955349
            ],
            [
              83.1617251,
              17.6954042
            ],
            [
              83.1616388,
              17.6954483
            ],
            [
              83.1617082,
              17.6955716
            ]
          ]
        ]
      }
    },
    {
      "type": "Feature",
      "id": "B080",
      "properties": {
        "Building_ID": "B080",
        "Parcel_ID": "LP080",
        "Osm_ID": 487191258,
        "Name": "Duvvada Building B080",
        "Building_Type": "Independent House",
        "Latitude": 17.695889,
        "Longitude": 83.161799,
        "Area_sq_m": 120.9,
        "Floors": 2,
        "HasRealLevels": false,
        "RealFloors": null,
        "Height_m": 6.4,
        "HasRealHeight": false,
        "RealHeight": null,
        "Street": "Kurmannapalem Road / Duvvada",
        "City": "Visakhapatnam",
        "Postcode": "530046",
        "State": "Andhra Pradesh",
        "Source": "OpenStreetMap",
        "DataStatus": "REAL_PUBLIC_DATA",
        "HeightStatus": "DEMO_ILLUSTRATIVE_HEIGHT"
      },
      "geometry": {
        "type": "Polygon",
        "coordinates": [
          [
            [
              83.1617931,
              17.6959653
            ],
            [
              83.1618662,
              17.6959302
            ],
            [
              83.161804,
              17.6958127
            ],
            [
              83.1617309,
              17.6958479
            ],
            [
              83.1617931,
              17.6959653
            ]
          ]
        ]
      }
    },
    {
      "type": "Feature",
      "id": "B081",
      "properties": {
        "Building_ID": "B081",
        "Parcel_ID": "LP081",
        "Osm_ID": 487191429,
        "Name": "Duvvada Building B081",
        "Building_Type": "Independent House",
        "Latitude": 17.695982,
        "Longitude": 83.161874,
        "Area_sq_m": 127.2,
        "Floors": 2,
        "HasRealLevels": false,
        "RealFloors": null,
        "Height_m": 6.4,
        "HasRealHeight": false,
        "RealHeight": null,
        "Street": "Kurmannapalem Road / Duvvada",
        "City": "Visakhapatnam",
        "Postcode": "530046",
        "State": "Andhra Pradesh",
        "Source": "OpenStreetMap",
        "DataStatus": "REAL_PUBLIC_DATA",
        "HeightStatus": "DEMO_ILLUSTRATIVE_HEIGHT"
      },
      "geometry": {
        "type": "Polygon",
        "coordinates": [
          [
            [
              83.1618273,
              17.696048
            ],
            [
              83.1619574,
              17.6959849
            ],
            [
              83.1619188,
              17.6959157
            ],
            [
              83.1617905,
              17.6959786
            ],
            [
              83.1618273,
              17.696048
            ]
          ]
        ]
      }
    },
    {
      "type": "Feature",
      "id": "B082",
      "properties": {
        "Building_ID": "B082",
        "Parcel_ID": "LP082",
        "Osm_ID": 487191463,
        "Name": "Satish",
        "Building_Type": "Independent House",
        "Latitude": 17.695845,
        "Longitude": 83.161884,
        "Area_sq_m": 126.6,
        "Floors": 2,
        "HasRealLevels": false,
        "RealFloors": null,
        "Height_m": 6.4,
        "HasRealHeight": false,
        "RealHeight": null,
        "Street": "Kurmannapalem Road / Duvvada",
        "City": "Visakhapatnam",
        "Postcode": "530046",
        "State": "Andhra Pradesh",
        "Source": "OpenStreetMap",
        "DataStatus": "REAL_PUBLIC_DATA",
        "HeightStatus": "DEMO_ILLUSTRATIVE_HEIGHT"
      },
      "geometry": {
        "type": "Polygon",
        "coordinates": [
          [
            [
              83.1618757,
              17.6959231
            ],
            [
              83.1618153,
              17.6958022
            ],
            [
              83.1618921,
              17.6957682
            ],
            [
              83.1619519,
              17.6958874
            ],
            [
              83.1618757,
              17.6959231
            ]
          ]
        ]
      }
    },
    {
      "type": "Feature",
      "id": "B083",
      "properties": {
        "Building_ID": "B083",
        "Parcel_ID": "LP083",
        "Osm_ID": 487192037,
        "Name": "Shiva Residency",
        "Building_Type": "Independent House",
        "Latitude": 17.695919,
        "Longitude": 83.162,
        "Area_sq_m": 123.7,
        "Floors": 2,
        "HasRealLevels": true,
        "RealFloors": 2,
        "Height_m": 6.4,
        "HasRealHeight": false,
        "RealHeight": 6.4,
        "Street": "Kurmannapalem Road / Duvvada",
        "City": "Visakhapatnam",
        "Postcode": "530046",
        "State": "Andhra Pradesh",
        "Source": "OpenStreetMap",
        "DataStatus": "REAL_PUBLIC_DATA",
        "HeightStatus": "DERIVED_FROM_LEVELS"
      },
      "geometry": {
        "type": "Polygon",
        "coordinates": [
          [
            [
              83.1619574,
              17.6959849
            ],
            [
              83.1619188,
              17.6959157
            ],
            [
              83.1620431,
              17.6958529
            ],
            [
              83.1620816,
              17.6959221
            ],
            [
              83.1619574,
              17.6959849
            ]
          ]
        ]
      }
    },
    {
      "type": "Feature",
      "id": "B084",
      "properties": {
        "Building_ID": "B084",
        "Parcel_ID": "LP084",
        "Osm_ID": 487192118,
        "Name": "lakshmi nivas",
        "Building_Type": "Independent House",
        "Latitude": 17.695807,
        "Longitude": 83.161967,
        "Area_sq_m": 147.4,
        "Floors": 2,
        "HasRealLevels": true,
        "RealFloors": 2,
        "Height_m": 6.4,
        "HasRealHeight": false,
        "RealHeight": 6.4,
        "Street": "Kurmannapalem Road / Duvvada",
        "City": "Visakhapatnam",
        "Postcode": "530046",
        "State": "Andhra Pradesh",
        "Source": "OpenStreetMap",
        "DataStatus": "REAL_PUBLIC_DATA",
        "HeightStatus": "DERIVED_FROM_LEVELS"
      },
      "geometry": {
        "type": "Polygon",
        "coordinates": [
          [
            [
              83.1618921,
              17.6957682
            ],
            [
              83.1619818,
              17.6957274
            ],
            [
              83.1620416,
              17.6958466
            ],
            [
              83.1619519,
              17.6958874
            ],
            [
              83.1618921,
              17.6957682
            ]
          ]
        ]
      }
    },
    {
      "type": "Feature",
      "id": "B085",
      "properties": {
        "Building_ID": "B085",
        "Parcel_ID": "LP085",
        "Osm_ID": 487193021,
        "Name": "shakila grocery store",
        "Building_Type": "Apartment",
        "Latitude": 17.699362,
        "Longitude": 83.15987,
        "Area_sq_m": 373.3,
        "Floors": 5,
        "HasRealLevels": false,
        "RealFloors": null,
        "Height_m": 16,
        "HasRealHeight": false,
        "RealHeight": null,
        "Street": "Kurmannapalem Road / Duvvada",
        "City": "Visakhapatnam",
        "Postcode": "530046",
        "State": "Andhra Pradesh",
        "Source": "OpenStreetMap",
        "DataStatus": "REAL_PUBLIC_DATA",
        "HeightStatus": "DEMO_ILLUSTRATIVE_HEIGHT"
      },
      "geometry": {
        "type": "Polygon",
        "coordinates": [
          [
            [
              83.1597439,
              17.6993575
            ],
            [
              83.1598425,
              17.6992166
            ],
            [
              83.1599842,
              17.6993751
            ],
            [
              83.1599103,
              17.6994984
            ],
            [
              83.1597439,
              17.6993575
            ]
          ]
        ]
      }
    },
    {
      "type": "Feature",
      "id": "B086",
      "properties": {
        "Building_ID": "B086",
        "Parcel_ID": "LP086",
        "Osm_ID": 487193227,
        "Name": "Duvvada Building B086",
        "Building_Type": "Independent House",
        "Latitude": 17.698747,
        "Longitude": 83.159942,
        "Area_sq_m": 68.5,
        "Floors": 2,
        "HasRealLevels": false,
        "RealFloors": null,
        "Height_m": 6.4,
        "HasRealHeight": false,
        "RealHeight": null,
        "Street": "Kurmannapalem Road / Duvvada",
        "City": "Visakhapatnam",
        "Postcode": "530046",
        "State": "Andhra Pradesh",
        "Source": "OpenStreetMap",
        "DataStatus": "REAL_PUBLIC_DATA",
        "HeightStatus": "DEMO_ILLUSTRATIVE_HEIGHT"
      },
      "geometry": {
        "type": "Polygon",
        "coordinates": [
          [
            [
              83.159918,
              17.6987991
            ],
            [
              83.1598891,
              17.6987587
            ],
            [
              83.1599582,
              17.6986852
            ],
            [
              83.1600011,
              17.6987452
            ],
            [
              83.159918,
              17.6987991
            ]
          ]
        ]
      }
    },
    {
      "type": "Feature",
      "id": "B087",
      "properties": {
        "Building_ID": "B087",
        "Parcel_ID": "LP087",
        "Osm_ID": 495476165,
        "Name": "Pastry Chef(Bakery)",
        "Building_Type": "Independent House",
        "Latitude": 17.694881,
        "Longitude": 83.165153,
        "Area_sq_m": 68.4,
        "Floors": 2,
        "HasRealLevels": false,
        "RealFloors": null,
        "Height_m": 6.4,
        "HasRealHeight": false,
        "RealHeight": null,
        "Street": "Kurmannapalem Road / Duvvada",
        "City": "Visakhapatnam",
        "Postcode": "530046",
        "State": "Andhra Pradesh",
        "Source": "OpenStreetMap",
        "DataStatus": "REAL_PUBLIC_DATA",
        "HeightStatus": "DEMO_ILLUSTRATIVE_HEIGHT"
      },
      "geometry": {
        "type": "Polygon",
        "coordinates": [
          [
            [
              83.1650998,
              17.6949169
            ],
            [
              83.1652164,
              17.6948965
            ],
            [
              83.1652067,
              17.694846
            ],
            [
              83.16509,
              17.6948664
            ],
            [
              83.1650998,
              17.6949169
            ]
          ]
        ]
      }
    },
    {
      "type": "Feature",
      "id": "B088",
      "properties": {
        "Building_ID": "B088",
        "Parcel_ID": "LP088",
        "Osm_ID": 495476183,
        "Name": "Duvvada Building B088",
        "Building_Type": "Residential",
        "Latitude": 17.699504,
        "Longitude": 83.170028,
        "Area_sq_m": 9938.2,
        "Floors": 3,
        "HasRealLevels": false,
        "RealFloors": null,
        "Height_m": 9.600000000000001,
        "HasRealHeight": false,
        "RealHeight": null,
        "Street": "Kurmannapalem Road / Duvvada",
        "City": "Visakhapatnam",
        "Postcode": "530046",
        "State": "Andhra Pradesh",
        "Source": "OpenStreetMap",
        "DataStatus": "REAL_PUBLIC_DATA",
        "HeightStatus": "DEMO_ILLUSTRATIVE_HEIGHT"
      },
      "geometry": {
        "type": "Polygon",
        "coordinates": [
          [
            [
              83.1699286,
              17.6993602
            ],
            [
              83.1698339,
              17.6993644
            ],
            [
              83.1698371,
              17.6994317
            ],
            [
              83.1692194,
              17.6994582
            ],
            [
              83.1692465,
              17.7000313
            ],
            [
              83.1706774,
              17.69997
            ],
            [
              83.1706504,
              17.6993969
            ],
            [
              83.1704847,
              17.699404
            ],
            [
              83.1704798,
              17.6993005
            ],
            [
              83.1699269,
              17.6993242
            ],
            [
              83.1699286,
              17.6993602
            ]
          ]
        ]
      }
    },
    {
      "type": "Feature",
      "id": "B089",
      "properties": {
        "Building_ID": "B089",
        "Parcel_ID": "LP089",
        "Osm_ID": 635487459,
        "Name": "Duvvada Building B089",
        "Building_Type": "Independent House",
        "Latitude": 17.710983,
        "Longitude": 83.150102,
        "Area_sq_m": 59.3,
        "Floors": 2,
        "HasRealLevels": false,
        "RealFloors": null,
        "Height_m": 6.4,
        "HasRealHeight": false,
        "RealHeight": null,
        "Street": "Kurmannapalem Road / Duvvada",
        "City": "Visakhapatnam",
        "Postcode": "530046",
        "State": "Andhra Pradesh",
        "Source": "OpenStreetMap",
        "DataStatus": "REAL_PUBLIC_DATA",
        "HeightStatus": "DEMO_ILLUSTRATIVE_HEIGHT"
      },
      "geometry": {
        "type": "Polygon",
        "coordinates": [
          [
            [
              83.150064,
              17.7110243
            ],
            [
              83.1501585,
              17.7109917
            ],
            [
              83.1501398,
              17.7109423
            ],
            [
              83.1500452,
              17.7109749
            ],
            [
              83.150064,
              17.7110243
            ]
          ]
        ]
      }
    },
    {
      "type": "Feature",
      "id": "B090",
      "properties": {
        "Building_ID": "B090",
        "Parcel_ID": "LP090",
        "Osm_ID": 635487460,
        "Name": "Duvvada Building B090",
        "Building_Type": "Independent House",
        "Latitude": 17.711016,
        "Longitude": 83.150007,
        "Area_sq_m": 59.2,
        "Floors": 2,
        "HasRealLevels": false,
        "RealFloors": null,
        "Height_m": 6.4,
        "HasRealHeight": false,
        "RealHeight": null,
        "Street": "Kurmannapalem Road / Duvvada",
        "City": "Visakhapatnam",
        "Postcode": "530046",
        "State": "Andhra Pradesh",
        "Source": "OpenStreetMap",
        "DataStatus": "REAL_PUBLIC_DATA",
        "HeightStatus": "DEMO_ILLUSTRATIVE_HEIGHT"
      },
      "geometry": {
        "type": "Polygon",
        "coordinates": [
          [
            [
              83.1499694,
              17.7110568
            ],
            [
              83.150064,
              17.7110243
            ],
            [
              83.1500452,
              17.7109749
            ],
            [
              83.1499507,
              17.7110075
            ],
            [
              83.1499694,
              17.7110568
            ]
          ]
        ]
      }
    },
    {
      "type": "Feature",
      "id": "B091",
      "properties": {
        "Building_ID": "B091",
        "Parcel_ID": "LP091",
        "Osm_ID": 635487461,
        "Name": "Duvvada Building B091",
        "Building_Type": "Independent House",
        "Latitude": 17.710956,
        "Longitude": 83.14998,
        "Area_sq_m": 72.4,
        "Floors": 2,
        "HasRealLevels": false,
        "RealFloors": null,
        "Height_m": 6.4,
        "HasRealHeight": false,
        "RealHeight": null,
        "Street": "Kurmannapalem Road / Duvvada",
        "City": "Visakhapatnam",
        "Postcode": "530046",
        "State": "Andhra Pradesh",
        "Source": "OpenStreetMap",
        "DataStatus": "REAL_PUBLIC_DATA",
        "HeightStatus": "DEMO_ILLUSTRATIVE_HEIGHT"
      },
      "geometry": {
        "type": "Polygon",
        "coordinates": [
          [
            [
              83.1500123,
              17.710908
            ],
            [
              83.1499225,
              17.7109419
            ],
            [
              83.1499483,
              17.711004
            ],
            [
              83.1500381,
              17.7109702
            ],
            [
              83.1500123,
              17.710908
            ]
          ]
        ]
      }
    },
    {
      "type": "Feature",
      "id": "B092",
      "properties": {
        "Building_ID": "B092",
        "Parcel_ID": "LP092",
        "Osm_ID": 635487462,
        "Name": "Duvvada Building B092",
        "Building_Type": "Independent House",
        "Latitude": 17.710922,
        "Longitude": 83.15007,
        "Area_sq_m": 72.6,
        "Floors": 2,
        "HasRealLevels": false,
        "RealFloors": null,
        "Height_m": 6.4,
        "HasRealHeight": false,
        "RealHeight": null,
        "Street": "Kurmannapalem Road / Duvvada",
        "City": "Visakhapatnam",
        "Postcode": "530046",
        "State": "Andhra Pradesh",
        "Source": "OpenStreetMap",
        "DataStatus": "REAL_PUBLIC_DATA",
        "HeightStatus": "DEMO_ILLUSTRATIVE_HEIGHT"
      },
      "geometry": {
        "type": "Polygon",
        "coordinates": [
          [
            [
              83.1501022,
              17.7108741
            ],
            [
              83.1500123,
              17.710908
            ],
            [
              83.1500381,
              17.7109702
            ],
            [
              83.150128,
              17.7109363
            ],
            [
              83.1501022,
              17.7108741
            ]
          ]
        ]
      }
    },
    {
      "type": "Feature",
      "id": "B093",
      "properties": {
        "Building_ID": "B093",
        "Parcel_ID": "LP093",
        "Osm_ID": 635487463,
        "Name": "Duvvada Building B093",
        "Building_Type": "Independent House",
        "Latitude": 17.710738,
        "Longitude": 83.150443,
        "Area_sq_m": 49,
        "Floors": 2,
        "HasRealLevels": false,
        "RealFloors": null,
        "Height_m": 6.4,
        "HasRealHeight": false,
        "RealHeight": null,
        "Street": "Kurmannapalem Road / Duvvada",
        "City": "Visakhapatnam",
        "Postcode": "530046",
        "State": "Andhra Pradesh",
        "Source": "OpenStreetMap",
        "DataStatus": "REAL_PUBLIC_DATA",
        "HeightStatus": "DEMO_ILLUSTRATIVE_HEIGHT"
      },
      "geometry": {
        "type": "Polygon",
        "coordinates": [
          [
            [
              83.1504013,
              17.7107106
            ],
            [
              83.1504334,
              17.7107847
            ],
            [
              83.1504838,
              17.7107649
            ],
            [
              83.1504516,
              17.7106908
            ],
            [
              83.1504013,
              17.7107106
            ]
          ]
        ]
      }
    },
    {
      "type": "Feature",
      "id": "B094",
      "properties": {
        "Building_ID": "B094",
        "Parcel_ID": "LP094",
        "Osm_ID": 635487464,
        "Name": "Duvvada Building B094",
        "Building_Type": "Apartment",
        "Latitude": 17.710693,
        "Longitude": 83.150257,
        "Area_sq_m": 183.6,
        "Floors": 5,
        "HasRealLevels": false,
        "RealFloors": null,
        "Height_m": 16,
        "HasRealHeight": false,
        "RealHeight": null,
        "Street": "Kurmannapalem Road / Duvvada",
        "City": "Visakhapatnam",
        "Postcode": "530046",
        "State": "Andhra Pradesh",
        "Source": "OpenStreetMap",
        "DataStatus": "REAL_PUBLIC_DATA",
        "HeightStatus": "DEMO_ILLUSTRATIVE_HEIGHT"
      },
      "geometry": {
        "type": "Polygon",
        "coordinates": [
          [
            [
              83.1501934,
              17.7107656
            ],
            [
              83.1503543,
              17.7107119
            ],
            [
              83.1503211,
              17.7106214
            ],
            [
              83.1501601,
              17.710675
            ],
            [
              83.1501934,
              17.7107656
            ]
          ]
        ]
      }
    },
    {
      "type": "Feature",
      "id": "B095",
      "properties": {
        "Building_ID": "B095",
        "Parcel_ID": "LP095",
        "Osm_ID": 635487465,
        "Name": "Duvvada Building B095",
        "Building_Type": "Independent House",
        "Latitude": 17.711239,
        "Longitude": 83.150459,
        "Area_sq_m": 50.2,
        "Floors": 2,
        "HasRealLevels": false,
        "RealFloors": null,
        "Height_m": 6.4,
        "HasRealHeight": false,
        "RealHeight": null,
        "Street": "Kurmannapalem Road / Duvvada",
        "City": "Visakhapatnam",
        "Postcode": "530046",
        "State": "Andhra Pradesh",
        "Source": "OpenStreetMap",
        "DataStatus": "REAL_PUBLIC_DATA",
        "HeightStatus": "DEMO_ILLUSTRATIVE_HEIGHT"
      },
      "geometry": {
        "type": "Polygon",
        "coordinates": [
          [
            [
              83.150408,
              17.7112324
            ],
            [
              83.1504292,
              17.7112792
            ],
            [
              83.1505097,
              17.7112459
            ],
            [
              83.1504884,
              17.7111991
            ],
            [
              83.150408,
              17.7112324
            ]
          ]
        ]
      }
    },
    {
      "type": "Feature",
      "id": "B096",
      "properties": {
        "Building_ID": "B096",
        "Parcel_ID": "LP096",
        "Osm_ID": 635487466,
        "Name": "Duvvada Building B096",
        "Building_Type": "Independent House",
        "Latitude": 17.71106,
        "Longitude": 83.15038,
        "Area_sq_m": 63.9,
        "Floors": 2,
        "HasRealLevels": false,
        "RealFloors": null,
        "Height_m": 6.4,
        "HasRealHeight": false,
        "RealHeight": null,
        "Street": "Kurmannapalem Road / Duvvada",
        "City": "Visakhapatnam",
        "Postcode": "530046",
        "State": "Andhra Pradesh",
        "Source": "OpenStreetMap",
        "DataStatus": "REAL_PUBLIC_DATA",
        "HeightStatus": "DEMO_ILLUSTRATIVE_HEIGHT"
      },
      "geometry": {
        "type": "Polygon",
        "coordinates": [
          [
            [
              83.1503359,
              17.7110147
            ],
            [
              83.1503761,
              17.711122
            ],
            [
              83.1504232,
              17.711106
            ],
            [
              83.1503829,
              17.7109987
            ],
            [
              83.1503359,
              17.7110147
            ]
          ]
        ]
      }
    },
    {
      "type": "Feature",
      "id": "B097",
      "properties": {
        "Building_ID": "B097",
        "Parcel_ID": "LP097",
        "Osm_ID": 635487467,
        "Name": "Duvvada Building B097",
        "Building_Type": "Independent House",
        "Latitude": 17.711494,
        "Longitude": 83.151007,
        "Area_sq_m": 93.1,
        "Floors": 2,
        "HasRealLevels": false,
        "RealFloors": null,
        "Height_m": 6.4,
        "HasRealHeight": false,
        "RealHeight": null,
        "Street": "Kurmannapalem Road / Duvvada",
        "City": "Visakhapatnam",
        "Postcode": "530046",
        "State": "Andhra Pradesh",
        "Source": "OpenStreetMap",
        "DataStatus": "REAL_PUBLIC_DATA",
        "HeightStatus": "DEMO_ILLUSTRATIVE_HEIGHT"
      },
      "geometry": {
        "type": "Polygon",
        "coordinates": [
          [
            [
              83.1509511,
              17.7114528
            ],
            [
              83.1509981,
              17.7115614
            ],
            [
              83.1510634,
              17.7115358
            ],
            [
              83.1510165,
              17.7114272
            ],
            [
              83.1509511,
              17.7114528
            ]
          ]
        ]
      }
    },
    {
      "type": "Feature",
      "id": "B098",
      "properties": {
        "Building_ID": "B098",
        "Parcel_ID": "LP098",
        "Osm_ID": 635487468,
        "Name": "Duvvada Building B098",
        "Building_Type": "Independent House",
        "Latitude": 17.711314,
        "Longitude": 83.150495,
        "Area_sq_m": 64.7,
        "Floors": 2,
        "HasRealLevels": false,
        "RealFloors": null,
        "Height_m": 6.4,
        "HasRealHeight": false,
        "RealHeight": null,
        "Street": "Kurmannapalem Road / Duvvada",
        "City": "Visakhapatnam",
        "Postcode": "530046",
        "State": "Andhra Pradesh",
        "Source": "OpenStreetMap",
        "DataStatus": "REAL_PUBLIC_DATA",
        "HeightStatus": "DEMO_ILLUSTRATIVE_HEIGHT"
      },
      "geometry": {
        "type": "Polygon",
        "coordinates": [
          [
            [
              83.1504308,
              17.7113123
            ],
            [
              83.1504498,
              17.7113575
            ],
            [
              83.1505598,
              17.7113153
            ],
            [
              83.1505407,
              17.7112702
            ],
            [
              83.1504308,
              17.7113123
            ]
          ]
        ]
      }
    },
    {
      "type": "Feature",
      "id": "B099",
      "properties": {
        "Building_ID": "B099",
        "Parcel_ID": "LP099",
        "Osm_ID": 635487469,
        "Name": "Duvvada Building B099",
        "Building_Type": "Independent House",
        "Latitude": 17.711485,
        "Longitude": 83.150671,
        "Area_sq_m": 62.9,
        "Floors": 2,
        "HasRealLevels": false,
        "RealFloors": null,
        "Height_m": 6.4,
        "HasRealHeight": false,
        "RealHeight": null,
        "Street": "Kurmannapalem Road / Duvvada",
        "City": "Visakhapatnam",
        "Postcode": "530046",
        "State": "Andhra Pradesh",
        "Source": "OpenStreetMap",
        "DataStatus": "REAL_PUBLIC_DATA",
        "HeightStatus": "DEMO_ILLUSTRATIVE_HEIGHT"
      },
      "geometry": {
        "type": "Polygon",
        "coordinates": [
          [
            [
              83.1506158,
              17.711472
            ],
            [
              83.1506371,
              17.7115279
            ],
            [
              83.1507257,
              17.7114972
            ],
            [
              83.1507043,
              17.7114413
            ],
            [
              83.1506158,
              17.711472
            ]
          ]
        ]
      }
    },
    {
      "type": "Feature",
      "id": "B100",
      "properties": {
        "Building_ID": "B100",
        "Parcel_ID": "LP100",
        "Osm_ID": 635487470,
        "Name": "Duvvada Building B100",
        "Building_Type": "Independent House",
        "Latitude": 17.711177,
        "Longitude": 83.150775,
        "Area_sq_m": 50,
        "Floors": 2,
        "HasRealLevels": false,
        "RealFloors": null,
        "Height_m": 6.4,
        "HasRealHeight": false,
        "RealHeight": null,
        "Street": "Kurmannapalem Road / Duvvada",
        "City": "Visakhapatnam",
        "Postcode": "530046",
        "State": "Andhra Pradesh",
        "Source": "OpenStreetMap",
        "DataStatus": "REAL_PUBLIC_DATA",
        "HeightStatus": "DEMO_ILLUSTRATIVE_HEIGHT"
      },
      "geometry": {
        "type": "Polygon",
        "coordinates": [
          [
            [
              83.1507191,
              17.7111756
            ],
            [
              83.1507371,
              17.7112157
            ],
            [
              83.150831,
              17.7111774
            ],
            [
              83.150813,
              17.7111373
            ],
            [
              83.1507191,
              17.7111756
            ]
          ]
        ]
      }
    },
    {
      "type": "Feature",
      "id": "B101",
      "properties": {
        "Building_ID": "B101",
        "Parcel_ID": "LP101",
        "Osm_ID": 635487471,
        "Name": "Duvvada Building B101",
        "Building_Type": "Independent House",
        "Latitude": 17.711001,
        "Longitude": 83.151251,
        "Area_sq_m": 50.2,
        "Floors": 2,
        "HasRealLevels": false,
        "RealFloors": null,
        "Height_m": 6.4,
        "HasRealHeight": false,
        "RealHeight": null,
        "Street": "Kurmannapalem Road / Duvvada",
        "City": "Visakhapatnam",
        "Postcode": "530046",
        "State": "Andhra Pradesh",
        "Source": "OpenStreetMap",
        "DataStatus": "REAL_PUBLIC_DATA",
        "HeightStatus": "DEMO_ILLUSTRATIVE_HEIGHT"
      },
      "geometry": {
        "type": "Polygon",
        "coordinates": [
          [
            [
              83.1512091,
              17.7109768
            ],
            [
              83.1512324,
              17.7110435
            ],
            [
              83.1512928,
              17.7110243
            ],
            [
              83.1512694,
              17.7109576
            ],
            [
              83.1512091,
              17.7109768
            ]
          ]
        ]
      }
    },
    {
      "type": "Feature",
      "id": "B102",
      "properties": {
        "Building_ID": "B102",
        "Parcel_ID": "LP102",
        "Osm_ID": 635487472,
        "Name": "Duvvada Building B102",
        "Building_Type": "Independent House",
        "Latitude": 17.710992,
        "Longitude": 83.150788,
        "Area_sq_m": 73.9,
        "Floors": 2,
        "HasRealLevels": false,
        "RealFloors": null,
        "Height_m": 6.4,
        "HasRealHeight": false,
        "RealHeight": null,
        "Street": "Kurmannapalem Road / Duvvada",
        "City": "Visakhapatnam",
        "Postcode": "530046",
        "State": "Andhra Pradesh",
        "Source": "OpenStreetMap",
        "DataStatus": "REAL_PUBLIC_DATA",
        "HeightStatus": "DEMO_ILLUSTRATIVE_HEIGHT"
      },
      "geometry": {
        "type": "Polygon",
        "coordinates": [
          [
            [
              83.1507339,
              17.71097
            ],
            [
              83.1507672,
              17.7110441
            ],
            [
              83.1508423,
              17.7110135
            ],
            [
              83.150809,
              17.7109393
            ],
            [
              83.1507339,
              17.71097
            ]
          ]
        ]
      }
    },
    {
      "type": "Feature",
      "id": "B103",
      "properties": {
        "Building_ID": "B103",
        "Parcel_ID": "LP103",
        "Osm_ID": 635487473,
        "Name": "Duvvada Building B103",
        "Building_Type": "Independent House",
        "Latitude": 17.7106,
        "Longitude": 83.150634,
        "Area_sq_m": 163.7,
        "Floors": 2,
        "HasRealLevels": false,
        "RealFloors": null,
        "Height_m": 6.4,
        "HasRealHeight": false,
        "RealHeight": null,
        "Street": "Kurmannapalem Road / Duvvada",
        "City": "Visakhapatnam",
        "Postcode": "530046",
        "State": "Andhra Pradesh",
        "Source": "OpenStreetMap",
        "DataStatus": "REAL_PUBLIC_DATA",
        "HeightStatus": "DEMO_ILLUSTRATIVE_HEIGHT"
      },
      "geometry": {
        "type": "Polygon",
        "coordinates": [
          [
            [
              83.1506668,
              17.7105228
            ],
            [
              83.1505494,
              17.7105766
            ],
            [
              83.1506004,
              17.7106775
            ],
            [
              83.1507178,
              17.7106237
            ],
            [
              83.1506668,
              17.7105228
            ]
          ]
        ]
      }
    },
    {
      "type": "Feature",
      "id": "B104",
      "properties": {
        "Building_ID": "B104",
        "Parcel_ID": "LP104",
        "Osm_ID": 635487474,
        "Name": "Duvvada Building B104",
        "Building_Type": "Independent House",
        "Latitude": 17.710758,
        "Longitude": 83.15079,
        "Area_sq_m": 138.7,
        "Floors": 2,
        "HasRealLevels": false,
        "RealFloors": null,
        "Height_m": 6.4,
        "HasRealHeight": false,
        "RealHeight": null,
        "Street": "Kurmannapalem Road / Duvvada",
        "City": "Visakhapatnam",
        "Postcode": "530046",
        "State": "Andhra Pradesh",
        "Source": "OpenStreetMap",
        "DataStatus": "REAL_PUBLIC_DATA",
        "HeightStatus": "DEMO_ILLUSTRATIVE_HEIGHT"
      },
      "geometry": {
        "type": "Polygon",
        "coordinates": [
          [
            [
              83.1508161,
              17.7106849
            ],
            [
              83.1507134,
              17.7107345
            ],
            [
              83.1507643,
              17.7108303
            ],
            [
              83.150867,
              17.7107807
            ],
            [
              83.1508161,
              17.7106849
            ]
          ]
        ]
      }
    },
    {
      "type": "Feature",
      "id": "B105",
      "properties": {
        "Building_ID": "B105",
        "Parcel_ID": "LP105",
        "Osm_ID": 635487475,
        "Name": "Duvvada Building B105",
        "Building_Type": "Independent House",
        "Latitude": 17.710918,
        "Longitude": 83.151027,
        "Area_sq_m": 95,
        "Floors": 2,
        "HasRealLevels": false,
        "RealFloors": null,
        "Height_m": 6.4,
        "HasRealHeight": false,
        "RealHeight": null,
        "Street": "Kurmannapalem Road / Duvvada",
        "City": "Visakhapatnam",
        "Postcode": "530046",
        "State": "Andhra Pradesh",
        "Source": "OpenStreetMap",
        "DataStatus": "REAL_PUBLIC_DATA",
        "HeightStatus": "DEMO_ILLUSTRATIVE_HEIGHT"
      },
      "geometry": {
        "type": "Polygon",
        "coordinates": [
          [
            [
              83.1509779,
              17.7109661
            ],
            [
              83.1510944,
              17.7109375
            ],
            [
              83.1510759,
              17.7108693
            ],
            [
              83.1509595,
              17.7108979
            ],
            [
              83.1509779,
              17.7109661
            ]
          ]
        ]
      }
    },
    {
      "type": "Feature",
      "id": "B106",
      "properties": {
        "Building_ID": "B106",
        "Parcel_ID": "LP106",
        "Osm_ID": 635487476,
        "Name": "Duvvada Building B106",
        "Building_Type": "Commercial",
        "Latitude": 17.712283,
        "Longitude": 83.149849,
        "Area_sq_m": 444.5,
        "Floors": 4,
        "HasRealLevels": false,
        "RealFloors": null,
        "Height_m": 12.8,
        "HasRealHeight": false,
        "RealHeight": null,
        "Street": "Kurmannapalem Road / Duvvada",
        "City": "Visakhapatnam",
        "Postcode": "530046",
        "State": "Andhra Pradesh",
        "Source": "OpenStreetMap",
        "DataStatus": "REAL_PUBLIC_DATA",
        "HeightStatus": "DEMO_ILLUSTRATIVE_HEIGHT"
      },
      "geometry": {
        "type": "Polygon",
        "coordinates": [
          [
            [
              83.149661,
              17.7122935
            ],
            [
              83.1497034,
              17.7123968
            ],
            [
              83.150036,
              17.7122729
            ],
            [
              83.1499936,
              17.7121696
            ],
            [
              83.149661,
              17.7122935
            ]
          ]
        ]
      }
    },
    {
      "type": "Feature",
      "id": "B107",
      "properties": {
        "Building_ID": "B107",
        "Parcel_ID": "LP107",
        "Osm_ID": 635487477,
        "Name": "Duvvada Building B107",
        "Building_Type": "Independent House",
        "Latitude": 17.712643,
        "Longitude": 83.151167,
        "Area_sq_m": 102.7,
        "Floors": 2,
        "HasRealLevels": false,
        "RealFloors": null,
        "Height_m": 6.4,
        "HasRealHeight": false,
        "RealHeight": null,
        "Street": "Kurmannapalem Road / Duvvada",
        "City": "Visakhapatnam",
        "Postcode": "530046",
        "State": "Andhra Pradesh",
        "Source": "OpenStreetMap",
        "DataStatus": "REAL_PUBLIC_DATA",
        "HeightStatus": "DEMO_ILLUSTRATIVE_HEIGHT"
      },
      "geometry": {
        "type": "Polygon",
        "coordinates": [
          [
            [
              83.1510938,
              17.7126315
            ],
            [
              83.1511206,
              17.7126984
            ],
            [
              83.15124,
              17.7126549
            ],
            [
              83.1512132,
              17.712588
            ],
            [
              83.1510938,
              17.7126315
            ]
          ]
        ]
      }
    },
    {
      "type": "Feature",
      "id": "B108",
      "properties": {
        "Building_ID": "B108",
        "Parcel_ID": "LP108",
        "Osm_ID": 635487478,
        "Name": "Duvvada Building B108",
        "Building_Type": "Independent House",
        "Latitude": 17.712311,
        "Longitude": 83.151617,
        "Area_sq_m": 62.6,
        "Floors": 2,
        "HasRealLevels": false,
        "RealFloors": null,
        "Height_m": 6.4,
        "HasRealHeight": false,
        "RealHeight": null,
        "Street": "Kurmannapalem Road / Duvvada",
        "City": "Visakhapatnam",
        "Postcode": "530046",
        "State": "Andhra Pradesh",
        "Source": "OpenStreetMap",
        "DataStatus": "REAL_PUBLIC_DATA",
        "HeightStatus": "DEMO_ILLUSTRATIVE_HEIGHT"
      },
      "geometry": {
        "type": "Polygon",
        "coordinates": [
          [
            [
              83.151556,
              17.7123088
            ],
            [
              83.1515779,
              17.7123557
            ],
            [
              83.1516772,
              17.7123136
            ],
            [
              83.1516552,
              17.7122667
            ],
            [
              83.151556,
              17.7123088
            ]
          ]
        ]
      }
    },
    {
      "type": "Feature",
      "id": "B109",
      "properties": {
        "Building_ID": "B109",
        "Parcel_ID": "LP109",
        "Osm_ID": 635487479,
        "Name": "Duvvada Building B109",
        "Building_Type": "Independent House",
        "Latitude": 17.71216,
        "Longitude": 83.151965,
        "Area_sq_m": 116.9,
        "Floors": 2,
        "HasRealLevels": false,
        "RealFloors": null,
        "Height_m": 6.4,
        "HasRealHeight": false,
        "RealHeight": null,
        "Street": "Kurmannapalem Road / Duvvada",
        "City": "Visakhapatnam",
        "Postcode": "530046",
        "State": "Andhra Pradesh",
        "Source": "OpenStreetMap",
        "DataStatus": "REAL_PUBLIC_DATA",
        "HeightStatus": "DEMO_ILLUSTRATIVE_HEIGHT"
      },
      "geometry": {
        "type": "Polygon",
        "coordinates": [
          [
            [
              83.1518953,
              17.7121351
            ],
            [
              83.1519287,
              17.7122218
            ],
            [
              83.1520346,
              17.7121847
            ],
            [
              83.1520012,
              17.712098
            ],
            [
              83.1518953,
              17.7121351
            ]
          ]
        ]
      }
    },
    {
      "type": "Feature",
      "id": "B110",
      "properties": {
        "Building_ID": "B110",
        "Parcel_ID": "LP110",
        "Osm_ID": 635487480,
        "Name": "Duvvada Building B110",
        "Building_Type": "Independent House",
        "Latitude": 17.711851,
        "Longitude": 83.15197,
        "Area_sq_m": 118.4,
        "Floors": 2,
        "HasRealLevels": false,
        "RealFloors": null,
        "Height_m": 6.4,
        "HasRealHeight": false,
        "RealHeight": null,
        "Street": "Kurmannapalem Road / Duvvada",
        "City": "Visakhapatnam",
        "Postcode": "530046",
        "State": "Andhra Pradesh",
        "Source": "OpenStreetMap",
        "DataStatus": "REAL_PUBLIC_DATA",
        "HeightStatus": "DEMO_ILLUSTRATIVE_HEIGHT"
      },
      "geometry": {
        "type": "Polygon",
        "coordinates": [
          [
            [
              83.1519636,
              17.7119294
            ],
            [
              83.1520333,
              17.7119008
            ],
            [
              83.1519757,
              17.7117731
            ],
            [
              83.151906,
              17.7118016
            ],
            [
              83.1519636,
              17.7119294
            ]
          ]
        ]
      }
    },
    {
      "type": "Feature",
      "id": "B111",
      "properties": {
        "Building_ID": "B111",
        "Parcel_ID": "LP111",
        "Osm_ID": 635487481,
        "Name": "Duvvada Building B111",
        "Building_Type": "Independent House",
        "Latitude": 17.712273,
        "Longitude": 83.151139,
        "Area_sq_m": 82.3,
        "Floors": 2,
        "HasRealLevels": false,
        "RealFloors": null,
        "Height_m": 6.4,
        "HasRealHeight": false,
        "RealHeight": null,
        "Street": "Kurmannapalem Road / Duvvada",
        "City": "Visakhapatnam",
        "Postcode": "530046",
        "State": "Andhra Pradesh",
        "Source": "OpenStreetMap",
        "DataStatus": "REAL_PUBLIC_DATA",
        "HeightStatus": "DEMO_ILLUSTRATIVE_HEIGHT"
      },
      "geometry": {
        "type": "Polygon",
        "coordinates": [
          [
            [
              83.1510852,
              17.7122334
            ],
            [
              83.1511322,
              17.7123369
            ],
            [
              83.1511919,
              17.7123123
            ],
            [
              83.151145,
              17.7122089
            ],
            [
              83.1510852,
              17.7122334
            ]
          ]
        ]
      }
    },
    {
      "type": "Feature",
      "id": "B112",
      "properties": {
        "Building_ID": "B112",
        "Parcel_ID": "LP112",
        "Osm_ID": 635487482,
        "Name": "Duvvada Building B112",
        "Building_Type": "Independent House",
        "Latitude": 17.712195,
        "Longitude": 83.151018,
        "Area_sq_m": 82.3,
        "Floors": 2,
        "HasRealLevels": false,
        "RealFloors": null,
        "Height_m": 6.4,
        "HasRealHeight": false,
        "RealHeight": null,
        "Street": "Kurmannapalem Road / Duvvada",
        "City": "Visakhapatnam",
        "Postcode": "530046",
        "State": "Andhra Pradesh",
        "Source": "OpenStreetMap",
        "DataStatus": "REAL_PUBLIC_DATA",
        "HeightStatus": "DEMO_ILLUSTRATIVE_HEIGHT"
      },
      "geometry": {
        "type": "Polygon",
        "coordinates": [
          [
            [
              83.1510289,
              17.7121351
            ],
            [
              83.1509618,
              17.7121652
            ],
            [
              83.1510061,
              17.7122546
            ],
            [
              83.1510732,
              17.7122245
            ],
            [
              83.1510289,
              17.7121351
            ]
          ]
        ]
      }
    },
    {
      "type": "Feature",
      "id": "B113",
      "properties": {
        "Building_ID": "B113",
        "Parcel_ID": "LP113",
        "Osm_ID": 635487483,
        "Name": "Duvvada Building B113",
        "Building_Type": "Independent House",
        "Latitude": 17.71177,
        "Longitude": 83.150129,
        "Area_sq_m": 97.2,
        "Floors": 2,
        "HasRealLevels": false,
        "RealFloors": null,
        "Height_m": 6.4,
        "HasRealHeight": false,
        "RealHeight": null,
        "Street": "Kurmannapalem Road / Duvvada",
        "City": "Visakhapatnam",
        "Postcode": "530046",
        "State": "Andhra Pradesh",
        "Source": "OpenStreetMap",
        "DataStatus": "REAL_PUBLIC_DATA",
        "HeightStatus": "DEMO_ILLUSTRATIVE_HEIGHT"
      },
      "geometry": {
        "type": "Polygon",
        "coordinates": [
          [
            [
              83.1501022,
              17.7118285
            ],
            [
              83.1501921,
              17.7117927
            ],
            [
              83.1501561,
              17.7117107
            ],
            [
              83.1500662,
              17.7117465
            ],
            [
              83.1501022,
              17.7118285
            ]
          ]
        ]
      }
    },
    {
      "type": "Feature",
      "id": "B114",
      "properties": {
        "Building_ID": "B114",
        "Parcel_ID": "LP114",
        "Osm_ID": 635487484,
        "Name": "Duvvada Building B114",
        "Building_Type": "Independent House",
        "Latitude": 17.711944,
        "Longitude": 83.150906,
        "Area_sq_m": 79,
        "Floors": 2,
        "HasRealLevels": false,
        "RealFloors": null,
        "Height_m": 6.4,
        "HasRealHeight": false,
        "RealHeight": null,
        "Street": "Kurmannapalem Road / Duvvada",
        "City": "Visakhapatnam",
        "Postcode": "530046",
        "State": "Andhra Pradesh",
        "Source": "OpenStreetMap",
        "DataStatus": "REAL_PUBLIC_DATA",
        "HeightStatus": "DEMO_ILLUSTRATIVE_HEIGHT"
      },
      "geometry": {
        "type": "Polygon",
        "coordinates": [
          [
            [
              83.1509069,
              17.7120099
            ],
            [
              83.1509602,
              17.7119848
            ],
            [
              83.1509052,
              17.7118787
            ],
            [
              83.1508519,
              17.7119038
            ],
            [
              83.1509069,
              17.7120099
            ]
          ]
        ]
      }
    },
    {
      "type": "Feature",
      "id": "B115",
      "properties": {
        "Building_ID": "B115",
        "Parcel_ID": "LP115",
        "Osm_ID": 635487485,
        "Name": "Duvvada Building B115",
        "Building_Type": "Independent House",
        "Latitude": 17.711686,
        "Longitude": 83.150617,
        "Area_sq_m": 76,
        "Floors": 2,
        "HasRealLevels": false,
        "RealFloors": null,
        "Height_m": 6.4,
        "HasRealHeight": false,
        "RealHeight": null,
        "Street": "Kurmannapalem Road / Duvvada",
        "City": "Visakhapatnam",
        "Postcode": "530046",
        "State": "Andhra Pradesh",
        "Source": "OpenStreetMap",
        "DataStatus": "REAL_PUBLIC_DATA",
        "HeightStatus": "DEMO_ILLUSTRATIVE_HEIGHT"
      },
      "geometry": {
        "type": "Polygon",
        "coordinates": [
          [
            [
              83.1505568,
              17.7116713
            ],
            [
              83.1505809,
              17.711734
            ],
            [
              83.1506762,
              17.7117008
            ],
            [
              83.1506521,
              17.7116381
            ],
            [
              83.1505568,
              17.7116713
            ]
          ]
        ]
      }
    },
    {
      "type": "Feature",
      "id": "B116",
      "properties": {
        "Building_ID": "B116",
        "Parcel_ID": "LP116",
        "Osm_ID": 635487486,
        "Name": "Duvvada Building B116",
        "Building_Type": "Independent House",
        "Latitude": 17.711802,
        "Longitude": 83.150285,
        "Area_sq_m": 175.1,
        "Floors": 2,
        "HasRealLevels": false,
        "RealFloors": null,
        "Height_m": 6.4,
        "HasRealHeight": false,
        "RealHeight": null,
        "Street": "Kurmannapalem Road / Duvvada",
        "City": "Visakhapatnam",
        "Postcode": "530046",
        "State": "Andhra Pradesh",
        "Source": "OpenStreetMap",
        "DataStatus": "REAL_PUBLIC_DATA",
        "HeightStatus": "DEMO_ILLUSTRATIVE_HEIGHT"
      },
      "geometry": {
        "type": "Polygon",
        "coordinates": [
          [
            [
              83.1502685,
              17.7118911
            ],
            [
              83.1503636,
              17.7118528
            ],
            [
              83.1503019,
              17.7117136
            ],
            [
              83.1502068,
              17.7117518
            ],
            [
              83.1502685,
              17.7118911
            ]
          ]
        ]
      }
    },
    {
      "type": "Feature",
      "id": "B117",
      "properties": {
        "Building_ID": "B117",
        "Parcel_ID": "LP117",
        "Osm_ID": 635487487,
        "Name": "Duvvada Building B117",
        "Building_Type": "Independent House",
        "Latitude": 17.711349,
        "Longitude": 83.150958,
        "Area_sq_m": 75.9,
        "Floors": 2,
        "HasRealLevels": false,
        "RealFloors": null,
        "Height_m": 6.4,
        "HasRealHeight": false,
        "RealHeight": null,
        "Street": "Kurmannapalem Road / Duvvada",
        "City": "Visakhapatnam",
        "Postcode": "530046",
        "State": "Andhra Pradesh",
        "Source": "OpenStreetMap",
        "DataStatus": "REAL_PUBLIC_DATA",
        "HeightStatus": "DEMO_ILLUSTRATIVE_HEIGHT"
      },
      "geometry": {
        "type": "Polygon",
        "coordinates": [
          [
            [
              83.1508961,
              17.7113392
            ],
            [
              83.1509211,
              17.7113977
            ],
            [
              83.1510203,
              17.7113594
            ],
            [
              83.1509954,
              17.7113008
            ],
            [
              83.1508961,
              17.7113392
            ]
          ]
        ]
      }
    },
    {
      "type": "Feature",
      "id": "B118",
      "properties": {
        "Building_ID": "B118",
        "Parcel_ID": "LP118",
        "Osm_ID": 635487488,
        "Name": "Duvvada Building B118",
        "Building_Type": "Independent House",
        "Latitude": 17.711822,
        "Longitude": 83.150931,
        "Area_sq_m": 79,
        "Floors": 2,
        "HasRealLevels": false,
        "RealFloors": null,
        "Height_m": 6.4,
        "HasRealHeight": false,
        "RealHeight": null,
        "Street": "Kurmannapalem Road / Duvvada",
        "City": "Visakhapatnam",
        "Postcode": "530046",
        "State": "Andhra Pradesh",
        "Source": "OpenStreetMap",
        "DataStatus": "REAL_PUBLIC_DATA",
        "HeightStatus": "DEMO_ILLUSTRATIVE_HEIGHT"
      },
      "geometry": {
        "type": "Polygon",
        "coordinates": [
          [
            [
              83.1509833,
              17.711854
            ],
            [
              83.1509444,
              17.7117633
            ],
            [
              83.1508779,
              17.7117892
            ],
            [
              83.1509168,
              17.7118799
            ],
            [
              83.1509833,
              17.711854
            ]
          ]
        ]
      }
    },
    {
      "type": "Feature",
      "id": "B119",
      "properties": {
        "Building_ID": "B119",
        "Parcel_ID": "LP119",
        "Osm_ID": 635487489,
        "Name": "Duvvada Building B119",
        "Building_Type": "Independent House",
        "Latitude": 17.711863,
        "Longitude": 83.1511,
        "Area_sq_m": 72.2,
        "Floors": 2,
        "HasRealLevels": false,
        "RealFloors": null,
        "Height_m": 6.4,
        "HasRealHeight": false,
        "RealHeight": null,
        "Street": "Kurmannapalem Road / Duvvada",
        "City": "Visakhapatnam",
        "Postcode": "530046",
        "State": "Andhra Pradesh",
        "Source": "OpenStreetMap",
        "DataStatus": "REAL_PUBLIC_DATA",
        "HeightStatus": "DEMO_ILLUSTRATIVE_HEIGHT"
      },
      "geometry": {
        "type": "Polygon",
        "coordinates": [
          [
            [
              83.1511536,
              17.711886
            ],
            [
              83.1511094,
              17.711808
            ],
            [
              83.1510455,
              17.711841
            ],
            [
              83.1510897,
              17.7119189
            ],
            [
              83.1511536,
              17.711886
            ]
          ]
        ]
      }
    },
    {
      "type": "Feature",
      "id": "B120",
      "properties": {
        "Building_ID": "B120",
        "Parcel_ID": "LP120",
        "Osm_ID": 635487490,
        "Name": "Duvvada Building B120",
        "Building_Type": "Independent House",
        "Latitude": 17.711683,
        "Longitude": 83.151639,
        "Area_sq_m": 72.4,
        "Floors": 2,
        "HasRealLevels": false,
        "RealFloors": null,
        "Height_m": 6.4,
        "HasRealHeight": false,
        "RealHeight": null,
        "Street": "Kurmannapalem Road / Duvvada",
        "City": "Visakhapatnam",
        "Postcode": "530046",
        "State": "Andhra Pradesh",
        "Source": "OpenStreetMap",
        "DataStatus": "REAL_PUBLIC_DATA",
        "HeightStatus": "DEMO_ILLUSTRATIVE_HEIGHT"
      },
      "geometry": {
        "type": "Polygon",
        "coordinates": [
          [
            [
              83.1516512,
              17.7116267
            ],
            [
              83.1515884,
              17.7116522
            ],
            [
              83.1516273,
              17.7117391
            ],
            [
              83.1516901,
              17.7117135
            ],
            [
              83.1516512,
              17.7116267
            ]
          ]
        ]
      }
    },
    {
      "type": "Feature",
      "id": "B121",
      "properties": {
        "Building_ID": "B121",
        "Parcel_ID": "LP121",
        "Osm_ID": 635487491,
        "Name": "Duvvada Building B121",
        "Building_Type": "Independent House",
        "Latitude": 17.711492,
        "Longitude": 83.151742,
        "Area_sq_m": 171.6,
        "Floors": 2,
        "HasRealLevels": false,
        "RealFloors": null,
        "Height_m": 6.4,
        "HasRealHeight": false,
        "RealHeight": null,
        "Street": "Kurmannapalem Road / Duvvada",
        "City": "Visakhapatnam",
        "Postcode": "530046",
        "State": "Andhra Pradesh",
        "Source": "OpenStreetMap",
        "DataStatus": "REAL_PUBLIC_DATA",
        "HeightStatus": "DEMO_ILLUSTRATIVE_HEIGHT"
      },
      "geometry": {
        "type": "Polygon",
        "coordinates": [
          [
            [
              83.1516861,
              17.7115653
            ],
            [
              83.1518363,
              17.7115065
            ],
            [
              83.1517987,
              17.7114194
            ],
            [
              83.1516485,
              17.7114782
            ],
            [
              83.1516861,
              17.7115653
            ]
          ]
        ]
      }
    },
    {
      "type": "Feature",
      "id": "B122",
      "properties": {
        "Building_ID": "B122",
        "Parcel_ID": "LP122",
        "Osm_ID": 635487492,
        "Name": "Duvvada Building B122",
        "Building_Type": "Independent House",
        "Latitude": 17.711659,
        "Longitude": 83.151314,
        "Area_sq_m": 93.3,
        "Floors": 2,
        "HasRealLevels": false,
        "RealFloors": null,
        "Height_m": 6.4,
        "HasRealHeight": false,
        "RealHeight": null,
        "Street": "Kurmannapalem Road / Duvvada",
        "City": "Visakhapatnam",
        "Postcode": "530046",
        "State": "Andhra Pradesh",
        "Source": "OpenStreetMap",
        "DataStatus": "REAL_PUBLIC_DATA",
        "HeightStatus": "DEMO_ILLUSTRATIVE_HEIGHT"
      },
      "geometry": {
        "type": "Polygon",
        "coordinates": [
          [
            [
              83.1513065,
              17.7117275
            ],
            [
              83.1513704,
              17.7117024
            ],
            [
              83.1513221,
              17.7115912
            ],
            [
              83.1512582,
              17.7116164
            ],
            [
              83.1513065,
              17.7117275
            ]
          ]
        ]
      }
    },
    {
      "type": "Feature",
      "id": "B123",
      "properties": {
        "Building_ID": "B123",
        "Parcel_ID": "LP123",
        "Osm_ID": 635487493,
        "Name": "Duvvada Building B123",
        "Building_Type": "Independent House",
        "Latitude": 17.711611,
        "Longitude": 83.151436,
        "Area_sq_m": 97.6,
        "Floors": 2,
        "HasRealLevels": false,
        "RealFloors": null,
        "Height_m": 6.4,
        "HasRealHeight": false,
        "RealHeight": null,
        "Street": "Kurmannapalem Road / Duvvada",
        "City": "Visakhapatnam",
        "Postcode": "530046",
        "State": "Andhra Pradesh",
        "Source": "OpenStreetMap",
        "DataStatus": "REAL_PUBLIC_DATA",
        "HeightStatus": "DEMO_ILLUSTRATIVE_HEIGHT"
      },
      "geometry": {
        "type": "Polygon",
        "coordinates": [
          [
            [
              83.1514285,
              17.7116803
            ],
            [
              83.1514937,
              17.7116535
            ],
            [
              83.1514427,
              17.711541
            ],
            [
              83.1513776,
              17.7115678
            ],
            [
              83.1514285,
              17.7116803
            ]
          ]
        ]
      }
    },
    {
      "type": "Feature",
      "id": "B124",
      "properties": {
        "Building_ID": "B124",
        "Parcel_ID": "LP124",
        "Osm_ID": 635518520,
        "Name": "Duvvada Building B124",
        "Building_Type": "Independent House",
        "Latitude": 17.693719,
        "Longitude": 83.164395,
        "Area_sq_m": 138.2,
        "Floors": 2,
        "HasRealLevels": false,
        "RealFloors": null,
        "Height_m": 6.4,
        "HasRealHeight": false,
        "RealHeight": null,
        "Street": "Kurmannapalem Road / Duvvada",
        "City": "Visakhapatnam",
        "Postcode": "530046",
        "State": "Andhra Pradesh",
        "Source": "OpenStreetMap",
        "DataStatus": "REAL_PUBLIC_DATA",
        "HeightStatus": "DEMO_ILLUSTRATIVE_HEIGHT"
      },
      "geometry": {
        "type": "Polygon",
        "coordinates": [
          [
            [
              83.1643296,
              17.6936744
            ],
            [
              83.1643573,
              17.6937875
            ],
            [
              83.1644606,
              17.6937645
            ],
            [
              83.1644328,
              17.6936514
            ],
            [
              83.1643296,
              17.6936744
            ]
          ]
        ]
      }
    },
    {
      "type": "Feature",
      "id": "B125",
      "properties": {
        "Building_ID": "B125",
        "Parcel_ID": "LP125",
        "Osm_ID": 635518522,
        "Name": "Duvvada Building B125",
        "Building_Type": "Independent House",
        "Latitude": 17.693606,
        "Longitude": 83.164367,
        "Area_sq_m": 138.2,
        "Floors": 2,
        "HasRealLevels": false,
        "RealFloors": null,
        "Height_m": 6.4,
        "HasRealHeight": false,
        "RealHeight": null,
        "Street": "Kurmannapalem Road / Duvvada",
        "City": "Visakhapatnam",
        "Postcode": "530046",
        "State": "Andhra Pradesh",
        "Source": "OpenStreetMap",
        "DataStatus": "REAL_PUBLIC_DATA",
        "HeightStatus": "DEMO_ILLUSTRATIVE_HEIGHT"
      },
      "geometry": {
        "type": "Polygon",
        "coordinates": [
          [
            [
              83.1643018,
              17.6935613
            ],
            [
              83.1643296,
              17.6936744
            ],
            [
              83.1644328,
              17.6936514
            ],
            [
              83.1644051,
              17.6935384
            ],
            [
              83.1643018,
              17.6935613
            ]
          ]
        ]
      }
    },
    {
      "type": "Feature",
      "id": "B126",
      "properties": {
        "Building_ID": "B126",
        "Parcel_ID": "LP126",
        "Osm_ID": 635518523,
        "Name": "Duvvada Building B126",
        "Building_Type": "Apartment",
        "Latitude": 17.693771,
        "Longitude": 83.164145,
        "Area_sq_m": 248.4,
        "Floors": 5,
        "HasRealLevels": false,
        "RealFloors": null,
        "Height_m": 16,
        "HasRealHeight": false,
        "RealHeight": null,
        "Street": "Kurmannapalem Road / Duvvada",
        "City": "Visakhapatnam",
        "Postcode": "530046",
        "State": "Andhra Pradesh",
        "Source": "OpenStreetMap",
        "DataStatus": "REAL_PUBLIC_DATA",
        "HeightStatus": "DEMO_ILLUSTRATIVE_HEIGHT"
      },
      "geometry": {
        "type": "Polygon",
        "coordinates": [
          [
            [
              83.1640644,
              17.6936904
            ],
            [
              83.1641152,
              17.6938792
            ],
            [
              83.1642252,
              17.6938523
            ],
            [
              83.1641744,
              17.6936636
            ],
            [
              83.1640644,
              17.6936904
            ]
          ]
        ]
      }
    },
    {
      "type": "Feature",
      "id": "B127",
      "properties": {
        "Building_ID": "B127",
        "Parcel_ID": "LP127",
        "Osm_ID": 635518525,
        "Name": "Duvvada Building B127",
        "Building_Type": "Independent House",
        "Latitude": 17.693825,
        "Longitude": 83.164015,
        "Area_sq_m": 168.6,
        "Floors": 2,
        "HasRealLevels": false,
        "RealFloors": null,
        "Height_m": 6.4,
        "HasRealHeight": false,
        "RealHeight": null,
        "Street": "Kurmannapalem Road / Duvvada",
        "City": "Visakhapatnam",
        "Postcode": "530046",
        "State": "Andhra Pradesh",
        "Source": "OpenStreetMap",
        "DataStatus": "REAL_PUBLIC_DATA",
        "HeightStatus": "DEMO_ILLUSTRATIVE_HEIGHT"
      },
      "geometry": {
        "type": "Polygon",
        "coordinates": [
          [
            [
              83.1639451,
              17.6937683
            ],
            [
              83.1639826,
              17.6939063
            ],
            [
              83.1640846,
              17.6938811
            ],
            [
              83.1640471,
              17.6937431
            ],
            [
              83.1639451,
              17.6937683
            ]
          ]
        ]
      }
    },
    {
      "type": "Feature",
      "id": "B128",
      "properties": {
        "Building_ID": "B128",
        "Parcel_ID": "LP128",
        "Osm_ID": 635518527,
        "Name": "Duvvada Building B128",
        "Building_Type": "Independent House",
        "Latitude": 17.693843,
        "Longitude": 83.163835,
        "Area_sq_m": 123.5,
        "Floors": 2,
        "HasRealLevels": false,
        "RealFloors": null,
        "Height_m": 6.4,
        "HasRealHeight": false,
        "RealHeight": null,
        "Street": "Kurmannapalem Road / Duvvada",
        "City": "Visakhapatnam",
        "Postcode": "530046",
        "State": "Andhra Pradesh",
        "Source": "OpenStreetMap",
        "DataStatus": "REAL_PUBLIC_DATA",
        "HeightStatus": "DEMO_ILLUSTRATIVE_HEIGHT"
      },
      "geometry": {
        "type": "Polygon",
        "coordinates": [
          [
            [
              83.1637761,
              17.6937952
            ],
            [
              83.1638027,
              17.6939102
            ],
            [
              83.1638939,
              17.693891
            ],
            [
              83.1638673,
              17.693776
            ],
            [
              83.1637761,
              17.6937952
            ]
          ]
        ]
      }
    },
    {
      "type": "Feature",
      "id": "B129",
      "properties": {
        "Building_ID": "B129",
        "Parcel_ID": "LP129",
        "Osm_ID": 635518529,
        "Name": "Duvvada Building B129",
        "Building_Type": "Commercial",
        "Latitude": 17.693676,
        "Longitude": 83.163424,
        "Area_sq_m": 442.6,
        "Floors": 4,
        "HasRealLevels": false,
        "RealFloors": null,
        "Height_m": 12.8,
        "HasRealHeight": false,
        "RealHeight": null,
        "Street": "Kurmannapalem Road / Duvvada",
        "City": "Visakhapatnam",
        "Postcode": "530046",
        "State": "Andhra Pradesh",
        "Source": "OpenStreetMap",
        "DataStatus": "REAL_PUBLIC_DATA",
        "HeightStatus": "DEMO_ILLUSTRATIVE_HEIGHT"
      },
      "geometry": {
        "type": "Polygon",
        "coordinates": [
          [
            [
              83.1632906,
              17.6936214
            ],
            [
              83.1633416,
              17.69379
            ],
            [
              83.1635576,
              17.6937308
            ],
            [
              83.1635066,
              17.6935622
            ],
            [
              83.1632906,
              17.6936214
            ]
          ]
        ]
      }
    },
    {
      "type": "Feature",
      "id": "B130",
      "properties": {
        "Building_ID": "B130",
        "Parcel_ID": "LP130",
        "Osm_ID": 635518531,
        "Name": "Duvvada Building B130",
        "Building_Type": "Apartment",
        "Latitude": 17.69373,
        "Longitude": 83.16322,
        "Area_sq_m": 265.9,
        "Floors": 5,
        "HasRealLevels": false,
        "RealFloors": null,
        "Height_m": 16,
        "HasRealHeight": false,
        "RealHeight": null,
        "Street": "Kurmannapalem Road / Duvvada",
        "City": "Visakhapatnam",
        "Postcode": "530046",
        "State": "Andhra Pradesh",
        "Source": "OpenStreetMap",
        "DataStatus": "REAL_PUBLIC_DATA",
        "HeightStatus": "DEMO_ILLUSTRATIVE_HEIGHT"
      },
      "geometry": {
        "type": "Polygon",
        "coordinates": [
          [
            [
              83.1631766,
              17.6938309
            ],
            [
              83.163308,
              17.6937999
            ],
            [
              83.1632637,
              17.69363
            ],
            [
              83.1631324,
              17.693661
            ],
            [
              83.1631766,
              17.6938309
            ]
          ]
        ]
      }
    },
    {
      "type": "Feature",
      "id": "B131",
      "properties": {
        "Building_ID": "B131",
        "Parcel_ID": "LP131",
        "Osm_ID": 635518532,
        "Name": "Duvvada Building B131",
        "Building_Type": "Apartment",
        "Latitude": 17.693728,
        "Longitude": 83.16288,
        "Area_sq_m": 194.7,
        "Floors": 5,
        "HasRealLevels": false,
        "RealFloors": null,
        "Height_m": 16,
        "HasRealHeight": false,
        "RealHeight": null,
        "Street": "Kurmannapalem Road / Duvvada",
        "City": "Visakhapatnam",
        "Postcode": "530046",
        "State": "Andhra Pradesh",
        "Source": "OpenStreetMap",
        "DataStatus": "REAL_PUBLIC_DATA",
        "HeightStatus": "DEMO_ILLUSTRATIVE_HEIGHT"
      },
      "geometry": {
        "type": "Polygon",
        "coordinates": [
          [
            [
              83.1628561,
              17.693822
            ],
            [
              83.1629555,
              17.6937932
            ],
            [
              83.1629046,
              17.6936335
            ],
            [
              83.1628051,
              17.6936623
            ],
            [
              83.1628561,
              17.693822
            ]
          ]
        ]
      }
    },
    {
      "type": "Feature",
      "id": "B132",
      "properties": {
        "Building_ID": "B132",
        "Parcel_ID": "LP132",
        "Osm_ID": 635518533,
        "Name": "Duvvada Building B132",
        "Building_Type": "Apartment",
        "Latitude": 17.693407,
        "Longitude": 83.162782,
        "Area_sq_m": 274.9,
        "Floors": 5,
        "HasRealLevels": false,
        "RealFloors": null,
        "Height_m": 16,
        "HasRealHeight": false,
        "RealHeight": null,
        "Street": "Kurmannapalem Road / Duvvada",
        "City": "Visakhapatnam",
        "Postcode": "530046",
        "State": "Andhra Pradesh",
        "Source": "OpenStreetMap",
        "DataStatus": "REAL_PUBLIC_DATA",
        "HeightStatus": "DEMO_ILLUSTRATIVE_HEIGHT"
      },
      "geometry": {
        "type": "Polygon",
        "coordinates": [
          [
            [
              83.1627622,
              17.6935294
            ],
            [
              83.1628667,
              17.6935013
            ],
            [
              83.1628023,
              17.6932841
            ],
            [
              83.1626979,
              17.6933122
            ],
            [
              83.1627622,
              17.6935294
            ]
          ]
        ]
      }
    },
    {
      "type": "Feature",
      "id": "B133",
      "properties": {
        "Building_ID": "B133",
        "Parcel_ID": "LP133",
        "Osm_ID": 635518534,
        "Name": "Duvvada Building B133",
        "Building_Type": "Independent House",
        "Latitude": 17.692928,
        "Longitude": 83.162843,
        "Area_sq_m": 136.6,
        "Floors": 2,
        "HasRealLevels": false,
        "RealFloors": null,
        "Height_m": 6.4,
        "HasRealHeight": false,
        "RealHeight": null,
        "Street": "Kurmannapalem Road / Duvvada",
        "City": "Visakhapatnam",
        "Postcode": "530046",
        "State": "Andhra Pradesh",
        "Source": "OpenStreetMap",
        "DataStatus": "REAL_PUBLIC_DATA",
        "HeightStatus": "DEMO_ILLUSTRATIVE_HEIGHT"
      },
      "geometry": {
        "type": "Polygon",
        "coordinates": [
          [
            [
              83.1628159,
              17.6930094
            ],
            [
              83.1628941,
              17.6929981
            ],
            [
              83.16287,
              17.6928461
            ],
            [
              83.1627917,
              17.6928574
            ],
            [
              83.1628159,
              17.6930094
            ]
          ]
        ]
      }
    },
    {
      "type": "Feature",
      "id": "B134",
      "properties": {
        "Building_ID": "B134",
        "Parcel_ID": "LP134",
        "Osm_ID": 635518535,
        "Name": "Duvvada Building B134",
        "Building_Type": "Independent House",
        "Latitude": 17.692977,
        "Longitude": 83.163054,
        "Area_sq_m": 163.3,
        "Floors": 2,
        "HasRealLevels": false,
        "RealFloors": null,
        "Height_m": 6.4,
        "HasRealHeight": false,
        "RealHeight": null,
        "Street": "Kurmannapalem Road / Duvvada",
        "City": "Visakhapatnam",
        "Postcode": "530046",
        "State": "Andhra Pradesh",
        "Source": "OpenStreetMap",
        "DataStatus": "REAL_PUBLIC_DATA",
        "HeightStatus": "DEMO_ILLUSTRATIVE_HEIGHT"
      },
      "geometry": {
        "type": "Polygon",
        "coordinates": [
          [
            [
              83.1629852,
              17.6929254
            ],
            [
              83.163013,
              17.6930516
            ],
            [
              83.1631234,
              17.6930295
            ],
            [
              83.1630957,
              17.6929033
            ],
            [
              83.1629852,
              17.6929254
            ]
          ]
        ]
      }
    },
    {
      "type": "Feature",
      "id": "B135",
      "properties": {
        "Building_ID": "B135",
        "Parcel_ID": "LP135",
        "Osm_ID": 635518536,
        "Name": "Duvvada Building B135",
        "Building_Type": "Independent House",
        "Latitude": 17.692851,
        "Longitude": 83.163027,
        "Area_sq_m": 163.3,
        "Floors": 2,
        "HasRealLevels": false,
        "RealFloors": null,
        "Height_m": 6.4,
        "HasRealHeight": false,
        "RealHeight": null,
        "Street": "Kurmannapalem Road / Duvvada",
        "City": "Visakhapatnam",
        "Postcode": "530046",
        "State": "Andhra Pradesh",
        "Source": "OpenStreetMap",
        "DataStatus": "REAL_PUBLIC_DATA",
        "HeightStatus": "DEMO_ILLUSTRATIVE_HEIGHT"
      },
      "geometry": {
        "type": "Polygon",
        "coordinates": [
          [
            [
              83.1629575,
              17.6927992
            ],
            [
              83.1629852,
              17.6929254
            ],
            [
              83.1630957,
              17.6929033
            ],
            [
              83.1630679,
              17.6927771
            ],
            [
              83.1629575,
              17.6927992
            ]
          ]
        ]
      }
    },
    {
      "type": "Feature",
      "id": "B136",
      "properties": {
        "Building_ID": "B136",
        "Parcel_ID": "LP136",
        "Osm_ID": 635518538,
        "Name": "Duvvada Building B136",
        "Building_Type": "Independent House",
        "Latitude": 17.692487,
        "Longitude": 83.163036,
        "Area_sq_m": 85.4,
        "Floors": 2,
        "HasRealLevels": false,
        "RealFloors": null,
        "Height_m": 6.4,
        "HasRealHeight": false,
        "RealHeight": null,
        "Street": "Kurmannapalem Road / Duvvada",
        "City": "Visakhapatnam",
        "Postcode": "530046",
        "State": "Andhra Pradesh",
        "Source": "OpenStreetMap",
        "DataStatus": "REAL_PUBLIC_DATA",
        "HeightStatus": "DEMO_ILLUSTRATIVE_HEIGHT"
      },
      "geometry": {
        "type": "Polygon",
        "coordinates": [
          [
            [
              83.1630104,
              17.6925432
            ],
            [
              83.1630861,
              17.6925258
            ],
            [
              83.1630621,
              17.6924309
            ],
            [
              83.1629863,
              17.6924483
            ],
            [
              83.1630104,
              17.6925432
            ]
          ]
        ]
      }
    },
    {
      "type": "Feature",
      "id": "B137",
      "properties": {
        "Building_ID": "B137",
        "Parcel_ID": "LP137",
        "Osm_ID": 635518540,
        "Name": "Duvvada Building B137",
        "Building_Type": "Independent House",
        "Latitude": 17.69247,
        "Longitude": 83.162955,
        "Area_sq_m": 158,
        "Floors": 2,
        "HasRealLevels": false,
        "RealFloors": null,
        "Height_m": 6.4,
        "HasRealHeight": false,
        "RealHeight": null,
        "Street": "Kurmannapalem Road / Duvvada",
        "City": "Visakhapatnam",
        "Postcode": "530046",
        "State": "Andhra Pradesh",
        "Source": "OpenStreetMap",
        "DataStatus": "REAL_PUBLIC_DATA",
        "HeightStatus": "DEMO_ILLUSTRATIVE_HEIGHT"
      },
      "geometry": {
        "type": "Polygon",
        "coordinates": [
          [
            [
              83.1629863,
              17.6924483
            ],
            [
              83.1629736,
              17.6923898
            ],
            [
              83.1628857,
              17.6924085
            ],
            [
              83.1629213,
              17.6925607
            ],
            [
              83.1630104,
              17.6925432
            ],
            [
              83.1629863,
              17.6924483
            ]
          ]
        ]
      }
    },
    {
      "type": "Feature",
      "id": "B138",
      "properties": {
        "Building_ID": "B138",
        "Parcel_ID": "LP138",
        "Osm_ID": 635518542,
        "Name": "Duvvada Building B138",
        "Building_Type": "Apartment",
        "Latitude": 17.692573,
        "Longitude": 83.162643,
        "Area_sq_m": 298.3,
        "Floors": 5,
        "HasRealLevels": false,
        "RealFloors": null,
        "Height_m": 16,
        "HasRealHeight": false,
        "RealHeight": null,
        "Street": "Kurmannapalem Road / Duvvada",
        "City": "Visakhapatnam",
        "Postcode": "530046",
        "State": "Andhra Pradesh",
        "Source": "OpenStreetMap",
        "DataStatus": "REAL_PUBLIC_DATA",
        "HeightStatus": "DEMO_ILLUSTRATIVE_HEIGHT"
      },
      "geometry": {
        "type": "Polygon",
        "coordinates": [
          [
            [
              83.1625637,
              17.6924779
            ],
            [
              83.1625967,
              17.6926862
            ],
            [
              83.1627214,
              17.6926683
            ],
            [
              83.1626885,
              17.69246
            ],
            [
              83.1625637,
              17.6924779
            ]
          ]
        ]
      }
    },
    {
      "type": "Feature",
      "id": "B139",
      "properties": {
        "Building_ID": "B139",
        "Parcel_ID": "LP139",
        "Osm_ID": 635518544,
        "Name": "Duvvada Building B139",
        "Building_Type": "Apartment",
        "Latitude": 17.692585,
        "Longitude": 83.162466,
        "Area_sq_m": 324.9,
        "Floors": 5,
        "HasRealLevels": false,
        "RealFloors": null,
        "Height_m": 16,
        "HasRealHeight": false,
        "RealHeight": null,
        "Street": "Kurmannapalem Road / Duvvada",
        "City": "Visakhapatnam",
        "Postcode": "530046",
        "State": "Andhra Pradesh",
        "Source": "OpenStreetMap",
        "DataStatus": "REAL_PUBLIC_DATA",
        "HeightStatus": "DEMO_ILLUSTRATIVE_HEIGHT"
      },
      "geometry": {
        "type": "Polygon",
        "coordinates": [
          [
            [
              83.1623561,
              17.692532
            ],
            [
              83.1623964,
              17.6926827
            ],
            [
              83.1625768,
              17.6926388
            ],
            [
              83.1625365,
              17.6924882
            ],
            [
              83.1623561,
              17.692532
            ]
          ]
        ]
      }
    },
    {
      "type": "Feature",
      "id": "B140",
      "properties": {
        "Building_ID": "B140",
        "Parcel_ID": "LP140",
        "Osm_ID": 635518546,
        "Name": "Duvvada Building B140",
        "Building_Type": "Apartment",
        "Latitude": 17.693242,
        "Longitude": 83.161832,
        "Area_sq_m": 377.7,
        "Floors": 5,
        "HasRealLevels": false,
        "RealFloors": null,
        "Height_m": 16,
        "HasRealHeight": false,
        "RealHeight": null,
        "Street": "Kurmannapalem Road / Duvvada",
        "City": "Visakhapatnam",
        "Postcode": "530046",
        "State": "Andhra Pradesh",
        "Source": "OpenStreetMap",
        "DataStatus": "REAL_PUBLIC_DATA",
        "HeightStatus": "DEMO_ILLUSTRATIVE_HEIGHT"
      },
      "geometry": {
        "type": "Polygon",
        "coordinates": [
          [
            [
              83.1617148,
              17.6931832
            ],
            [
              83.1617624,
              17.6933501
            ],
            [
              83.1619501,
              17.6933016
            ],
            [
              83.1619026,
              17.6931346
            ],
            [
              83.1617148,
              17.6931832
            ]
          ]
        ]
      }
    },
    {
      "type": "Feature",
      "id": "B141",
      "properties": {
        "Building_ID": "B141",
        "Parcel_ID": "LP141",
        "Osm_ID": 635518547,
        "Name": "Duvvada Building B141",
        "Building_Type": "Apartment",
        "Latitude": 17.6931,
        "Longitude": 83.161777,
        "Area_sq_m": 243.7,
        "Floors": 5,
        "HasRealLevels": false,
        "RealFloors": null,
        "Height_m": 16,
        "HasRealHeight": false,
        "RealHeight": null,
        "Street": "Kurmannapalem Road / Duvvada",
        "City": "Visakhapatnam",
        "Postcode": "530046",
        "State": "Andhra Pradesh",
        "Source": "OpenStreetMap",
        "DataStatus": "REAL_PUBLIC_DATA",
        "HeightStatus": "DEMO_ILLUSTRATIVE_HEIGHT"
      },
      "geometry": {
        "type": "Polygon",
        "coordinates": [
          [
            [
              83.1616572,
              17.6931755
            ],
            [
              83.1619214,
              17.6931001
            ],
            [
              83.1618977,
              17.6930247
            ],
            [
              83.1616335,
              17.6931001
            ],
            [
              83.1616572,
              17.6931755
            ]
          ]
        ]
      }
    },
    {
      "type": "Feature",
      "id": "B142",
      "properties": {
        "Building_ID": "B142",
        "Parcel_ID": "LP142",
        "Osm_ID": 635518548,
        "Name": "Duvvada Building B142",
        "Building_Type": "Independent House",
        "Latitude": 17.693191,
        "Longitude": 83.161532,
        "Area_sq_m": 164.7,
        "Floors": 2,
        "HasRealLevels": false,
        "RealFloors": null,
        "Height_m": 6.4,
        "HasRealHeight": false,
        "RealHeight": null,
        "Street": "Kurmannapalem Road / Duvvada",
        "City": "Visakhapatnam",
        "Postcode": "530046",
        "State": "Andhra Pradesh",
        "Source": "OpenStreetMap",
        "DataStatus": "REAL_PUBLIC_DATA",
        "HeightStatus": "DEMO_ILLUSTRATIVE_HEIGHT"
      },
      "geometry": {
        "type": "Polygon",
        "coordinates": [
          [
            [
              83.1614372,
              17.6931729
            ],
            [
              83.1614638,
              17.6932556
            ],
            [
              83.161626,
              17.6932084
            ],
            [
              83.1615995,
              17.6931257
            ],
            [
              83.1614372,
              17.6931729
            ]
          ]
        ]
      }
    },
    {
      "type": "Feature",
      "id": "B143",
      "properties": {
        "Building_ID": "B143",
        "Parcel_ID": "LP143",
        "Osm_ID": 635518549,
        "Name": "Duvvada Building B143",
        "Building_Type": "Apartment",
        "Latitude": 17.692977,
        "Longitude": 83.161328,
        "Area_sq_m": 231.6,
        "Floors": 5,
        "HasRealLevels": false,
        "RealFloors": null,
        "Height_m": 16,
        "HasRealHeight": false,
        "RealHeight": null,
        "Street": "Kurmannapalem Road / Duvvada",
        "City": "Visakhapatnam",
        "Postcode": "530046",
        "State": "Andhra Pradesh",
        "Source": "OpenStreetMap",
        "DataStatus": "REAL_PUBLIC_DATA",
        "HeightStatus": "DEMO_ILLUSTRATIVE_HEIGHT"
      },
      "geometry": {
        "type": "Polygon",
        "coordinates": [
          [
            [
              83.1612508,
              17.6928893
            ],
            [
              83.1613102,
              17.6930901
            ],
            [
              83.1614054,
              17.6930645
            ],
            [
              83.161346,
              17.6928637
            ],
            [
              83.1612508,
              17.6928893
            ]
          ]
        ]
      }
    },
    {
      "type": "Feature",
      "id": "B144",
      "properties": {
        "Building_ID": "B144",
        "Parcel_ID": "LP144",
        "Osm_ID": 635518550,
        "Name": "Duvvada Building B144",
        "Building_Type": "Apartment",
        "Latitude": 17.692852,
        "Longitude": 83.161606,
        "Area_sq_m": 183.6,
        "Floors": 5,
        "HasRealLevels": false,
        "RealFloors": null,
        "Height_m": 16,
        "HasRealHeight": false,
        "RealHeight": null,
        "Street": "Kurmannapalem Road / Duvvada",
        "City": "Visakhapatnam",
        "Postcode": "530046",
        "State": "Andhra Pradesh",
        "Source": "OpenStreetMap",
        "DataStatus": "REAL_PUBLIC_DATA",
        "HeightStatus": "DEMO_ILLUSTRATIVE_HEIGHT"
      },
      "geometry": {
        "type": "Polygon",
        "coordinates": [
          [
            [
              83.161578,
              17.6929404
            ],
            [
              83.1616789,
              17.6929125
            ],
            [
              83.1616333,
              17.692763
            ],
            [
              83.1615324,
              17.6927909
            ],
            [
              83.161578,
              17.6929404
            ]
          ]
        ]
      }
    },
    {
      "type": "Feature",
      "id": "B145",
      "properties": {
        "Building_ID": "B145",
        "Parcel_ID": "LP145",
        "Osm_ID": 635518551,
        "Name": "Duvvada Building B145",
        "Building_Type": "Independent House",
        "Latitude": 17.692854,
        "Longitude": 83.161753,
        "Area_sq_m": 138.8,
        "Floors": 2,
        "HasRealLevels": false,
        "RealFloors": null,
        "Height_m": 6.4,
        "HasRealHeight": false,
        "RealHeight": null,
        "Street": "Kurmannapalem Road / Duvvada",
        "City": "Visakhapatnam",
        "Postcode": "530046",
        "State": "Andhra Pradesh",
        "Source": "OpenStreetMap",
        "DataStatus": "REAL_PUBLIC_DATA",
        "HeightStatus": "DEMO_ILLUSTRATIVE_HEIGHT"
      },
      "geometry": {
        "type": "Polygon",
        "coordinates": [
          [
            [
              83.161673,
              17.6928302
            ],
            [
              83.1616997,
              17.6929155
            ],
            [
              83.1618328,
              17.6928778
            ],
            [
              83.1618062,
              17.6927925
            ],
            [
              83.161673,
              17.6928302
            ]
          ]
        ]
      }
    },
    {
      "type": "Feature",
      "id": "B146",
      "properties": {
        "Building_ID": "B146",
        "Parcel_ID": "LP146",
        "Osm_ID": 635518553,
        "Name": "Duvvada Building B146",
        "Building_Type": "Independent House",
        "Latitude": 17.692769,
        "Longitude": 83.161726,
        "Area_sq_m": 138.8,
        "Floors": 2,
        "HasRealLevels": false,
        "RealFloors": null,
        "Height_m": 6.4,
        "HasRealHeight": false,
        "RealHeight": null,
        "Street": "Kurmannapalem Road / Duvvada",
        "City": "Visakhapatnam",
        "Postcode": "530046",
        "State": "Andhra Pradesh",
        "Source": "OpenStreetMap",
        "DataStatus": "REAL_PUBLIC_DATA",
        "HeightStatus": "DEMO_ILLUSTRATIVE_HEIGHT"
      },
      "geometry": {
        "type": "Polygon",
        "coordinates": [
          [
            [
              83.1616464,
              17.6927449
            ],
            [
              83.161673,
              17.6928302
            ],
            [
              83.1618062,
              17.6927925
            ],
            [
              83.1617796,
              17.6927072
            ],
            [
              83.1616464,
              17.6927449
            ]
          ]
        ]
      }
    },
    {
      "type": "Feature",
      "id": "B147",
      "properties": {
        "Building_ID": "B147",
        "Parcel_ID": "LP147",
        "Osm_ID": 635518555,
        "Name": "Duvvada Building B147",
        "Building_Type": "Commercial",
        "Latitude": 17.692985,
        "Longitude": 83.162043,
        "Area_sq_m": 439.8,
        "Floors": 4,
        "HasRealLevels": false,
        "RealFloors": null,
        "Height_m": 12.8,
        "HasRealHeight": false,
        "RealHeight": null,
        "Street": "Kurmannapalem Road / Duvvada",
        "City": "Visakhapatnam",
        "Postcode": "530046",
        "State": "Andhra Pradesh",
        "Source": "OpenStreetMap",
        "DataStatus": "REAL_PUBLIC_DATA",
        "HeightStatus": "DEMO_ILLUSTRATIVE_HEIGHT"
      },
      "geometry": {
        "type": "Polygon",
        "coordinates": [
          [
            [
              83.1619656,
              17.6928625
            ],
            [
              83.1619863,
              17.6929287
            ],
            [
              83.1620147,
              17.6929207
            ],
            [
              83.1620257,
              17.692956
            ],
            [
              83.1619973,
              17.6929641
            ],
            [
              83.1620189,
              17.6930334
            ],
            [
              83.162058,
              17.6930223
            ],
            [
              83.1620674,
              17.6930526
            ],
            [
              83.1620284,
              17.6930636
            ],
            [
              83.1620457,
              17.693119
            ],
            [
              83.1621945,
              17.6930768
            ],
            [
              83.1621145,
              17.6928203
            ],
            [
              83.1619656,
              17.6928625
            ]
          ]
        ]
      }
    },
    {
      "type": "Feature",
      "id": "B148",
      "properties": {
        "Building_ID": "B148",
        "Parcel_ID": "LP148",
        "Osm_ID": 635518557,
        "Name": "Duvvada Building B148",
        "Building_Type": "Independent House",
        "Latitude": 17.692373,
        "Longitude": 83.16114,
        "Area_sq_m": 123.7,
        "Floors": 2,
        "HasRealLevels": false,
        "RealFloors": null,
        "Height_m": 6.4,
        "HasRealHeight": false,
        "RealHeight": null,
        "Street": "Kurmannapalem Road / Duvvada",
        "City": "Visakhapatnam",
        "Postcode": "530046",
        "State": "Andhra Pradesh",
        "Source": "OpenStreetMap",
        "DataStatus": "REAL_PUBLIC_DATA",
        "HeightStatus": "DEMO_ILLUSTRATIVE_HEIGHT"
      },
      "geometry": {
        "type": "Polygon",
        "coordinates": [
          [
            [
              83.1610694,
              17.6923462
            ],
            [
              83.1611024,
              17.6924365
            ],
            [
              83.1612113,
              17.6924003
            ],
            [
              83.1611783,
              17.6923101
            ],
            [
              83.1610694,
              17.6923462
            ]
          ]
        ]
      }
    },
    {
      "type": "Feature",
      "id": "B149",
      "properties": {
        "Building_ID": "B149",
        "Parcel_ID": "LP149",
        "Osm_ID": 635518559,
        "Name": "Duvvada Building B149",
        "Building_Type": "Commercial",
        "Latitude": 17.692742,
        "Longitude": 83.16102,
        "Area_sq_m": 413.1,
        "Floors": 4,
        "HasRealLevels": false,
        "RealFloors": null,
        "Height_m": 12.8,
        "HasRealHeight": false,
        "RealHeight": null,
        "Street": "Kurmannapalem Road / Duvvada",
        "City": "Visakhapatnam",
        "Postcode": "530046",
        "State": "Andhra Pradesh",
        "Source": "OpenStreetMap",
        "DataStatus": "REAL_PUBLIC_DATA",
        "HeightStatus": "DEMO_ILLUSTRATIVE_HEIGHT"
      },
      "geometry": {
        "type": "Polygon",
        "coordinates": [
          [
            [
              83.1609517,
              17.6928574
            ],
            [
              83.1611481,
              17.692795
            ],
            [
              83.1610891,
              17.6926264
            ],
            [
              83.1608927,
              17.6926887
            ],
            [
              83.1609517,
              17.6928574
            ]
          ]
        ]
      }
    },
    {
      "type": "Feature",
      "id": "B150",
      "properties": {
        "Building_ID": "B150",
        "Parcel_ID": "LP150",
        "Osm_ID": 635518561,
        "Name": "Duvvada Building B150",
        "Building_Type": "Apartment",
        "Latitude": 17.692659,
        "Longitude": 83.161262,
        "Area_sq_m": 330.9,
        "Floors": 5,
        "HasRealLevels": false,
        "RealFloors": null,
        "Height_m": 16,
        "HasRealHeight": false,
        "RealHeight": null,
        "Street": "Kurmannapalem Road / Duvvada",
        "City": "Visakhapatnam",
        "Postcode": "530046",
        "State": "Andhra Pradesh",
        "Source": "OpenStreetMap",
        "DataStatus": "REAL_PUBLIC_DATA",
        "HeightStatus": "DEMO_ILLUSTRATIVE_HEIGHT"
      },
      "geometry": {
        "type": "Polygon",
        "coordinates": [
          [
            [
              83.1612307,
              17.6927807
            ],
            [
              83.1613624,
              17.6927394
            ],
            [
              83.1612927,
              17.6925375
            ],
            [
              83.1611609,
              17.6925788
            ],
            [
              83.1612307,
              17.6927807
            ]
          ]
        ]
      }
    },
    {
      "type": "Feature",
      "id": "B151",
      "properties": {
        "Building_ID": "B151",
        "Parcel_ID": "LP151",
        "Osm_ID": 635518567,
        "Name": "Duvvada Building B151",
        "Building_Type": "Independent House",
        "Latitude": 17.692616,
        "Longitude": 83.161614,
        "Area_sq_m": 119.4,
        "Floors": 2,
        "HasRealLevels": false,
        "RealFloors": null,
        "Height_m": 6.4,
        "HasRealHeight": false,
        "RealHeight": null,
        "Street": "Kurmannapalem Road / Duvvada",
        "City": "Visakhapatnam",
        "Postcode": "530046",
        "State": "Andhra Pradesh",
        "Source": "OpenStreetMap",
        "DataStatus": "REAL_PUBLIC_DATA",
        "HeightStatus": "DEMO_ILLUSTRATIVE_HEIGHT"
      },
      "geometry": {
        "type": "Polygon",
        "coordinates": [
          [
            [
              83.1615512,
              17.692575
            ],
            [
              83.1615857,
              17.6926829
            ],
            [
              83.1616759,
              17.6926568
            ],
            [
              83.1616414,
              17.6925488
            ],
            [
              83.1615512,
              17.692575
            ]
          ]
        ]
      }
    },
    {
      "type": "Feature",
      "id": "B152",
      "properties": {
        "Building_ID": "B152",
        "Parcel_ID": "LP152",
        "Osm_ID": 635518569,
        "Name": "Duvvada Building B152",
        "Building_Type": "Apartment",
        "Latitude": 17.692487,
        "Longitude": 83.161618,
        "Area_sq_m": 230.5,
        "Floors": 5,
        "HasRealLevels": false,
        "RealFloors": null,
        "Height_m": 16,
        "HasRealHeight": false,
        "RealHeight": null,
        "Street": "Kurmannapalem Road / Duvvada",
        "City": "Visakhapatnam",
        "Postcode": "530046",
        "State": "Andhra Pradesh",
        "Source": "OpenStreetMap",
        "DataStatus": "REAL_PUBLIC_DATA",
        "HeightStatus": "DEMO_ILLUSTRATIVE_HEIGHT"
      },
      "geometry": {
        "type": "Polygon",
        "coordinates": [
          [
            [
              83.1615069,
              17.6924447
            ],
            [
              83.1615448,
              17.692563
            ],
            [
              83.161628,
              17.6925389
            ],
            [
              83.1616182,
              17.6925084
            ],
            [
              83.1617201,
              17.6924789
            ],
            [
              83.161692,
              17.692391
            ],
            [
              83.1615069,
              17.6924447
            ]
          ]
        ]
      }
    },
    {
      "type": "Feature",
      "id": "B153",
      "properties": {
        "Building_ID": "B153",
        "Parcel_ID": "LP153",
        "Osm_ID": 635518571,
        "Name": "Duvvada Building B153",
        "Building_Type": "Apartment",
        "Latitude": 17.692379,
        "Longitude": 83.16141,
        "Area_sq_m": 183.6,
        "Floors": 5,
        "HasRealLevels": false,
        "RealFloors": null,
        "Height_m": 16,
        "HasRealHeight": false,
        "RealHeight": null,
        "Street": "Kurmannapalem Road / Duvvada",
        "City": "Visakhapatnam",
        "Postcode": "530046",
        "State": "Andhra Pradesh",
        "Source": "OpenStreetMap",
        "DataStatus": "REAL_PUBLIC_DATA",
        "HeightStatus": "DEMO_ILLUSTRATIVE_HEIGHT"
      },
      "geometry": {
        "type": "Polygon",
        "coordinates": [
          [
            [
              83.1613292,
              17.6923343
            ],
            [
              83.1613754,
              17.6924613
            ],
            [
              83.1614904,
              17.6924233
            ],
            [
              83.1614442,
              17.6922963
            ],
            [
              83.1613292,
              17.6923343
            ]
          ]
        ]
      }
    },
    {
      "type": "Feature",
      "id": "B154",
      "properties": {
        "Building_ID": "B154",
        "Parcel_ID": "LP154",
        "Osm_ID": 635518573,
        "Name": "Duvvada Building B154",
        "Building_Type": "Apartment",
        "Latitude": 17.692184,
        "Longitude": 83.161524,
        "Area_sq_m": 228,
        "Floors": 5,
        "HasRealLevels": false,
        "RealFloors": null,
        "Height_m": 16,
        "HasRealHeight": false,
        "RealHeight": null,
        "Street": "Kurmannapalem Road / Duvvada",
        "City": "Visakhapatnam",
        "Postcode": "530046",
        "State": "Andhra Pradesh",
        "Source": "OpenStreetMap",
        "DataStatus": "REAL_PUBLIC_DATA",
        "HeightStatus": "DEMO_ILLUSTRATIVE_HEIGHT"
      },
      "geometry": {
        "type": "Polygon",
        "coordinates": [
          [
            [
              83.1614225,
              17.6921546
            ],
            [
              83.1614638,
              17.6922671
            ],
            [
              83.1616247,
              17.6922135
            ],
            [
              83.1615834,
              17.692101
            ],
            [
              83.1614225,
              17.6921546
            ]
          ]
        ]
      }
    },
    {
      "type": "Feature",
      "id": "B155",
      "properties": {
        "Building_ID": "B155",
        "Parcel_ID": "LP155",
        "Osm_ID": 635518575,
        "Name": "Duvvada Building B155",
        "Building_Type": "Apartment",
        "Latitude": 17.692328,
        "Longitude": 83.161561,
        "Area_sq_m": 215.9,
        "Floors": 5,
        "HasRealLevels": false,
        "RealFloors": null,
        "Height_m": 16,
        "HasRealHeight": false,
        "RealHeight": null,
        "Street": "Kurmannapalem Road / Duvvada",
        "City": "Visakhapatnam",
        "Postcode": "530046",
        "State": "Andhra Pradesh",
        "Source": "OpenStreetMap",
        "DataStatus": "REAL_PUBLIC_DATA",
        "HeightStatus": "DEMO_ILLUSTRATIVE_HEIGHT"
      },
      "geometry": {
        "type": "Polygon",
        "coordinates": [
          [
            [
              83.1614751,
              17.6922767
            ],
            [
              83.1615215,
              17.6924169
            ],
            [
              83.1616463,
              17.6923794
            ],
            [
              83.1615999,
              17.6922392
            ],
            [
              83.1614751,
              17.6922767
            ]
          ]
        ]
      }
    },
    {
      "type": "Feature",
      "id": "B156",
      "properties": {
        "Building_ID": "B156",
        "Parcel_ID": "LP156",
        "Osm_ID": 635518576,
        "Name": "Duvvada Building B156",
        "Building_Type": "Independent House",
        "Latitude": 17.692026,
        "Longitude": 83.162844,
        "Area_sq_m": 126.4,
        "Floors": 2,
        "HasRealLevels": false,
        "RealFloors": null,
        "Height_m": 6.4,
        "HasRealHeight": false,
        "RealHeight": null,
        "Street": "Kurmannapalem Road / Duvvada",
        "City": "Visakhapatnam",
        "Postcode": "530046",
        "State": "Andhra Pradesh",
        "Source": "OpenStreetMap",
        "DataStatus": "REAL_PUBLIC_DATA",
        "HeightStatus": "DEMO_ILLUSTRATIVE_HEIGHT"
      },
      "geometry": {
        "type": "Polygon",
        "coordinates": [
          [
            [
              83.1628152,
              17.6920952
            ],
            [
              83.1629084,
              17.6920678
            ],
            [
              83.1628726,
              17.6919575
            ],
            [
              83.1627794,
              17.691985
            ],
            [
              83.1628152,
              17.6920952
            ]
          ]
        ]
      }
    },
    {
      "type": "Feature",
      "id": "B157",
      "properties": {
        "Building_ID": "B157",
        "Parcel_ID": "LP157",
        "Osm_ID": 635518578,
        "Name": "Duvvada Building B157",
        "Building_Type": "Independent House",
        "Latitude": 17.692054,
        "Longitude": 83.162751,
        "Area_sq_m": 126.3,
        "Floors": 2,
        "HasRealLevels": false,
        "RealFloors": null,
        "Height_m": 6.4,
        "HasRealHeight": false,
        "RealHeight": null,
        "Street": "Kurmannapalem Road / Duvvada",
        "City": "Visakhapatnam",
        "Postcode": "530046",
        "State": "Andhra Pradesh",
        "Source": "OpenStreetMap",
        "DataStatus": "REAL_PUBLIC_DATA",
        "HeightStatus": "DEMO_ILLUSTRATIVE_HEIGHT"
      },
      "geometry": {
        "type": "Polygon",
        "coordinates": [
          [
            [
              83.162722,
              17.6921227
            ],
            [
              83.1628152,
              17.6920952
            ],
            [
              83.1627794,
              17.691985
            ],
            [
              83.1626862,
              17.6920125
            ],
            [
              83.162722,
              17.6921227
            ]
          ]
        ]
      }
    },
    {
      "type": "Feature",
      "id": "B158",
      "properties": {
        "Building_ID": "B158",
        "Parcel_ID": "LP158",
        "Osm_ID": 635518580,
        "Name": "Duvvada Building B158",
        "Building_Type": "Independent House",
        "Latitude": 17.692092,
        "Longitude": 83.162531,
        "Area_sq_m": 179.3,
        "Floors": 2,
        "HasRealLevels": false,
        "RealFloors": null,
        "Height_m": 6.4,
        "HasRealHeight": false,
        "RealHeight": null,
        "Street": "Kurmannapalem Road / Duvvada",
        "City": "Visakhapatnam",
        "Postcode": "530046",
        "State": "Andhra Pradesh",
        "Source": "OpenStreetMap",
        "DataStatus": "REAL_PUBLIC_DATA",
        "HeightStatus": "DEMO_ILLUSTRATIVE_HEIGHT"
      },
      "geometry": {
        "type": "Polygon",
        "coordinates": [
          [
            [
              83.1624484,
              17.692055
            ],
            [
              83.1624898,
              17.6921695
            ],
            [
              83.1626145,
              17.6921286
            ],
            [
              83.1625731,
              17.6920141
            ],
            [
              83.1624484,
              17.692055
            ]
          ]
        ]
      }
    },
    {
      "type": "Feature",
      "id": "B159",
      "properties": {
        "Building_ID": "B159",
        "Parcel_ID": "LP159",
        "Osm_ID": 635518582,
        "Name": "Duvvada Building B159",
        "Building_Type": "Independent House",
        "Latitude": 17.69194,
        "Longitude": 83.162474,
        "Area_sq_m": 139.5,
        "Floors": 2,
        "HasRealLevels": false,
        "RealFloors": null,
        "Height_m": 6.4,
        "HasRealHeight": false,
        "RealHeight": null,
        "Street": "Kurmannapalem Road / Duvvada",
        "City": "Visakhapatnam",
        "Postcode": "530046",
        "State": "Andhra Pradesh",
        "Source": "OpenStreetMap",
        "DataStatus": "REAL_PUBLIC_DATA",
        "HeightStatus": "DEMO_ILLUSTRATIVE_HEIGHT"
      },
      "geometry": {
        "type": "Polygon",
        "coordinates": [
          [
            [
              83.1623881,
              17.6919234
            ],
            [
              83.1624141,
              17.6920005
            ],
            [
              83.1625602,
              17.6919558
            ],
            [
              83.1625342,
              17.6918787
            ],
            [
              83.1623881,
              17.6919234
            ]
          ]
        ]
      }
    },
    {
      "type": "Feature",
      "id": "B160",
      "properties": {
        "Building_ID": "B160",
        "Parcel_ID": "LP160",
        "Osm_ID": 635518584,
        "Name": "Duvvada Building B160",
        "Building_Type": "Independent House",
        "Latitude": 17.691658,
        "Longitude": 83.162123,
        "Area_sq_m": 172.6,
        "Floors": 2,
        "HasRealLevels": false,
        "RealFloors": null,
        "Height_m": 6.4,
        "HasRealHeight": false,
        "RealHeight": null,
        "Street": "Kurmannapalem Road / Duvvada",
        "City": "Visakhapatnam",
        "Postcode": "530046",
        "State": "Andhra Pradesh",
        "Source": "OpenStreetMap",
        "DataStatus": "REAL_PUBLIC_DATA",
        "HeightStatus": "DEMO_ILLUSTRATIVE_HEIGHT"
      },
      "geometry": {
        "type": "Polygon",
        "coordinates": [
          [
            [
              83.1620313,
              17.6916346
            ],
            [
              83.16206,
              17.6917252
            ],
            [
              83.1622156,
              17.6916804
            ],
            [
              83.1621869,
              17.6915899
            ],
            [
              83.1620313,
              17.6916346
            ]
          ]
        ]
      }
    },
    {
      "type": "Feature",
      "id": "B161",
      "properties": {
        "Building_ID": "B161",
        "Parcel_ID": "LP161",
        "Osm_ID": 635518586,
        "Name": "Duvvada Building B161",
        "Building_Type": "Independent House",
        "Latitude": 17.691672,
        "Longitude": 83.16183,
        "Area_sq_m": 170.7,
        "Floors": 2,
        "HasRealLevels": false,
        "RealFloors": null,
        "Height_m": 6.4,
        "HasRealHeight": false,
        "RealHeight": null,
        "Street": "Kurmannapalem Road / Duvvada",
        "City": "Visakhapatnam",
        "Postcode": "530046",
        "State": "Andhra Pradesh",
        "Source": "OpenStreetMap",
        "DataStatus": "REAL_PUBLIC_DATA",
        "HeightStatus": "DEMO_ILLUSTRATIVE_HEIGHT"
      },
      "geometry": {
        "type": "Polygon",
        "coordinates": [
          [
            [
              83.1618114,
              17.6917637
            ],
            [
              83.1618997,
              17.6917377
            ],
            [
              83.1618487,
              17.6915805
            ],
            [
              83.1617604,
              17.6916065
            ],
            [
              83.1618114,
              17.6917637
            ]
          ]
        ]
      }
    },
    {
      "type": "Feature",
      "id": "B162",
      "properties": {
        "Building_ID": "B162",
        "Parcel_ID": "LP162",
        "Osm_ID": 635518588,
        "Name": "Duvvada Building B162",
        "Building_Type": "Independent House",
        "Latitude": 17.691329,
        "Longitude": 83.161634,
        "Area_sq_m": 118.2,
        "Floors": 2,
        "HasRealLevels": false,
        "RealFloors": null,
        "Height_m": 6.4,
        "HasRealHeight": false,
        "RealHeight": null,
        "Street": "Kurmannapalem Road / Duvvada",
        "City": "Visakhapatnam",
        "Postcode": "530046",
        "State": "Andhra Pradesh",
        "Source": "OpenStreetMap",
        "DataStatus": "REAL_PUBLIC_DATA",
        "HeightStatus": "DEMO_ILLUSTRATIVE_HEIGHT"
      },
      "geometry": {
        "type": "Polygon",
        "coordinates": [
          [
            [
              83.161571,
              17.691286
            ],
            [
              83.1616198,
              17.6914024
            ],
            [
              83.1616979,
              17.6913726
            ],
            [
              83.161649,
              17.6912563
            ],
            [
              83.161571,
              17.691286
            ]
          ]
        ]
      }
    },
    {
      "type": "Feature",
      "id": "B163",
      "properties": {
        "Building_ID": "B163",
        "Parcel_ID": "LP163",
        "Osm_ID": 635518590,
        "Name": "Duvvada Building B163",
        "Building_Type": "Apartment",
        "Latitude": 17.691464,
        "Longitude": 83.161598,
        "Area_sq_m": 379,
        "Floors": 5,
        "HasRealLevels": false,
        "RealFloors": null,
        "Height_m": 16,
        "HasRealHeight": false,
        "RealHeight": null,
        "Street": "Kurmannapalem Road / Duvvada",
        "City": "Visakhapatnam",
        "Postcode": "530046",
        "State": "Andhra Pradesh",
        "Source": "OpenStreetMap",
        "DataStatus": "REAL_PUBLIC_DATA",
        "HeightStatus": "DEMO_ILLUSTRATIVE_HEIGHT"
      },
      "geometry": {
        "type": "Polygon",
        "coordinates": [
          [
            [
              83.1614614,
              17.6914404
            ],
            [
              83.161521,
              17.6915931
            ],
            [
              83.1617409,
              17.6915151
            ],
            [
              83.1616957,
              17.6913995
            ],
            [
              83.1615903,
              17.6914369
            ],
            [
              83.1615758,
              17.6913999
            ],
            [
              83.1614614,
              17.6914404
            ]
          ]
        ]
      }
    },
    {
      "type": "Feature",
      "id": "B164",
      "properties": {
        "Building_ID": "B164",
        "Parcel_ID": "LP164",
        "Osm_ID": 635518592,
        "Name": "Duvvada Building B164",
        "Building_Type": "Commercial",
        "Latitude": 17.691361,
        "Longitude": 83.161791,
        "Area_sq_m": 439.1,
        "Floors": 4,
        "HasRealLevels": false,
        "RealFloors": null,
        "Height_m": 12.8,
        "HasRealHeight": false,
        "RealHeight": null,
        "Street": "Kurmannapalem Road / Duvvada",
        "City": "Visakhapatnam",
        "Postcode": "530046",
        "State": "Andhra Pradesh",
        "Source": "OpenStreetMap",
        "DataStatus": "REAL_PUBLIC_DATA",
        "HeightStatus": "DEMO_ILLUSTRATIVE_HEIGHT"
      },
      "geometry": {
        "type": "Polygon",
        "coordinates": [
          [
            [
              83.1616763,
              17.6912552
            ],
            [
              83.1617703,
              17.6915126
            ],
            [
              83.1619059,
              17.6914676
            ],
            [
              83.1618118,
              17.6912102
            ],
            [
              83.1616763,
              17.6912552
            ]
          ]
        ]
      }
    },
    {
      "type": "Feature",
      "id": "B165",
      "properties": {
        "Building_ID": "B165",
        "Parcel_ID": "LP165",
        "Osm_ID": 635518594,
        "Name": "Duvvada Building B165",
        "Building_Type": "Independent House",
        "Latitude": 17.691189,
        "Longitude": 83.161989,
        "Area_sq_m": 115.2,
        "Floors": 2,
        "HasRealLevels": false,
        "RealFloors": null,
        "Height_m": 6.4,
        "HasRealHeight": false,
        "RealHeight": null,
        "Street": "Kurmannapalem Road / Duvvada",
        "City": "Visakhapatnam",
        "Postcode": "530046",
        "State": "Andhra Pradesh",
        "Source": "OpenStreetMap",
        "DataStatus": "REAL_PUBLIC_DATA",
        "HeightStatus": "DEMO_ILLUSTRATIVE_HEIGHT"
      },
      "geometry": {
        "type": "Polygon",
        "coordinates": [
          [
            [
              83.1619737,
              17.6912603
            ],
            [
              83.1620532,
              17.6912285
            ],
            [
              83.1620049,
              17.6911187
            ],
            [
              83.1619254,
              17.6911504
            ],
            [
              83.1619737,
              17.6912603
            ]
          ]
        ]
      }
    },
    {
      "type": "Feature",
      "id": "B166",
      "properties": {
        "Building_ID": "B166",
        "Parcel_ID": "LP166",
        "Osm_ID": 635518596,
        "Name": "Duvvada Building B166",
        "Building_Type": "Apartment",
        "Latitude": 17.691364,
        "Longitude": 83.161977,
        "Area_sq_m": 279,
        "Floors": 5,
        "HasRealLevels": false,
        "RealFloors": null,
        "Height_m": 16,
        "HasRealHeight": false,
        "RealHeight": null,
        "Street": "Kurmannapalem Road / Duvvada",
        "City": "Visakhapatnam",
        "Postcode": "530046",
        "State": "Andhra Pradesh",
        "Source": "OpenStreetMap",
        "DataStatus": "REAL_PUBLIC_DATA",
        "HeightStatus": "DEMO_ILLUSTRATIVE_HEIGHT"
      },
      "geometry": {
        "type": "Polygon",
        "coordinates": [
          [
            [
              83.1618677,
              17.6913267
            ],
            [
              83.1619115,
              17.6914558
            ],
            [
              83.1620858,
              17.6914021
            ],
            [
              83.1620421,
              17.691273
            ],
            [
              83.1618677,
              17.6913267
            ]
          ]
        ]
      }
    },
    {
      "type": "Feature",
      "id": "B167",
      "properties": {
        "Building_ID": "B167",
        "Parcel_ID": "LP167",
        "Osm_ID": 635518598,
        "Name": "Duvvada Building B167",
        "Building_Type": "Apartment",
        "Latitude": 17.690959,
        "Longitude": 83.163014,
        "Area_sq_m": 198.7,
        "Floors": 5,
        "HasRealLevels": false,
        "RealFloors": null,
        "Height_m": 16,
        "HasRealHeight": false,
        "RealHeight": null,
        "Street": "Kurmannapalem Road / Duvvada",
        "City": "Visakhapatnam",
        "Postcode": "530046",
        "State": "Andhra Pradesh",
        "Source": "OpenStreetMap",
        "DataStatus": "REAL_PUBLIC_DATA",
        "HeightStatus": "DEMO_ILLUSTRATIVE_HEIGHT"
      },
      "geometry": {
        "type": "Polygon",
        "coordinates": [
          [
            [
              83.1629332,
              17.6909059
            ],
            [
              83.1629823,
              17.6910474
            ],
            [
              83.163095,
              17.691012
            ],
            [
              83.163046,
              17.6908704
            ],
            [
              83.1629332,
              17.6909059
            ]
          ]
        ]
      }
    },
    {
      "type": "Feature",
      "id": "B168",
      "properties": {
        "Building_ID": "B168",
        "Parcel_ID": "LP168",
        "Osm_ID": 635518599,
        "Name": "Duvvada Building B168",
        "Building_Type": "Apartment",
        "Latitude": 17.691019,
        "Longitude": 83.162804,
        "Area_sq_m": 192,
        "Floors": 5,
        "HasRealLevels": false,
        "RealFloors": null,
        "Height_m": 16,
        "HasRealHeight": false,
        "RealHeight": null,
        "Street": "Kurmannapalem Road / Duvvada",
        "City": "Visakhapatnam",
        "Postcode": "530046",
        "State": "Andhra Pradesh",
        "Source": "OpenStreetMap",
        "DataStatus": "REAL_PUBLIC_DATA",
        "HeightStatus": "DEMO_ILLUSTRATIVE_HEIGHT"
      },
      "geometry": {
        "type": "Polygon",
        "coordinates": [
          [
            [
              83.1627797,
              17.6911133
            ],
            [
              83.1628775,
              17.6910859
            ],
            [
              83.1628279,
              17.690925
            ],
            [
              83.16273,
              17.6909523
            ],
            [
              83.1627797,
              17.6911133
            ]
          ]
        ]
      }
    },
    {
      "type": "Feature",
      "id": "B169",
      "properties": {
        "Building_ID": "B169",
        "Parcel_ID": "LP169",
        "Osm_ID": 635518600,
        "Name": "Duvvada Building B169",
        "Building_Type": "Independent House",
        "Latitude": 17.691226,
        "Longitude": 83.162976,
        "Area_sq_m": 158.9,
        "Floors": 2,
        "HasRealLevels": false,
        "RealFloors": null,
        "Height_m": 6.4,
        "HasRealHeight": false,
        "RealHeight": null,
        "Street": "Kurmannapalem Road / Duvvada",
        "City": "Visakhapatnam",
        "Postcode": "530046",
        "State": "Andhra Pradesh",
        "Source": "OpenStreetMap",
        "DataStatus": "REAL_PUBLIC_DATA",
        "HeightStatus": "DEMO_ILLUSTRATIVE_HEIGHT"
      },
      "geometry": {
        "type": "Polygon",
        "coordinates": [
          [
            [
              83.162958,
              17.6913152
            ],
            [
              83.1630427,
              17.691291
            ],
            [
              83.1629944,
              17.6911377
            ],
            [
              83.1629097,
              17.6911619
            ],
            [
              83.162958,
              17.6913152
            ]
          ]
        ]
      }
    },
    {
      "type": "Feature",
      "id": "B170",
      "properties": {
        "Building_ID": "B170",
        "Parcel_ID": "LP170",
        "Osm_ID": 635518601,
        "Name": "Duvvada Building B170",
        "Building_Type": "Independent House",
        "Latitude": 17.691156,
        "Longitude": 83.1643,
        "Area_sq_m": 179.1,
        "Floors": 2,
        "HasRealLevels": false,
        "RealFloors": null,
        "Height_m": 6.4,
        "HasRealHeight": false,
        "RealHeight": null,
        "Street": "Kurmannapalem Road / Duvvada",
        "City": "Visakhapatnam",
        "Postcode": "530046",
        "State": "Andhra Pradesh",
        "Source": "OpenStreetMap",
        "DataStatus": "REAL_PUBLIC_DATA",
        "HeightStatus": "DEMO_ILLUSTRATIVE_HEIGHT"
      },
      "geometry": {
        "type": "Polygon",
        "coordinates": [
          [
            [
              83.1642265,
              17.6910984
            ],
            [
              83.1642701,
              17.6912422
            ],
            [
              83.1643727,
              17.6912145
            ],
            [
              83.1643291,
              17.6910708
            ],
            [
              83.1642265,
              17.6910984
            ]
          ]
        ]
      }
    },
    {
      "type": "Feature",
      "id": "B171",
      "properties": {
        "Building_ID": "B171",
        "Parcel_ID": "LP171",
        "Osm_ID": 635518604,
        "Name": "Duvvada Building B171",
        "Building_Type": "Independent House",
        "Latitude": 17.691013,
        "Longitude": 83.164257,
        "Area_sq_m": 177.2,
        "Floors": 2,
        "HasRealLevels": false,
        "RealFloors": null,
        "Height_m": 6.4,
        "HasRealHeight": false,
        "RealHeight": null,
        "Street": "Kurmannapalem Road / Duvvada",
        "City": "Visakhapatnam",
        "Postcode": "530046",
        "State": "Andhra Pradesh",
        "Source": "OpenStreetMap",
        "DataStatus": "REAL_PUBLIC_DATA",
        "HeightStatus": "DEMO_ILLUSTRATIVE_HEIGHT"
      },
      "geometry": {
        "type": "Polygon",
        "coordinates": [
          [
            [
              83.1641842,
              17.690956
            ],
            [
              83.1642265,
              17.6910984
            ],
            [
              83.1643291,
              17.6910708
            ],
            [
              83.1642869,
              17.6909283
            ],
            [
              83.1641842,
              17.690956
            ]
          ]
        ]
      }
    },
    {
      "type": "Feature",
      "id": "B172",
      "properties": {
        "Building_ID": "B172",
        "Parcel_ID": "LP172",
        "Osm_ID": 635518606,
        "Name": "Duvvada Building B172",
        "Building_Type": "Independent House",
        "Latitude": 17.691586,
        "Longitude": 83.164085,
        "Area_sq_m": 179.4,
        "Floors": 2,
        "HasRealLevels": false,
        "RealFloors": null,
        "Height_m": 6.4,
        "HasRealHeight": false,
        "RealHeight": null,
        "Street": "Kurmannapalem Road / Duvvada",
        "City": "Visakhapatnam",
        "Postcode": "530046",
        "State": "Andhra Pradesh",
        "Source": "OpenStreetMap",
        "DataStatus": "REAL_PUBLIC_DATA",
        "HeightStatus": "DEMO_ILLUSTRATIVE_HEIGHT"
      },
      "geometry": {
        "type": "Polygon",
        "coordinates": [
          [
            [
              83.164009,
              17.6915356
            ],
            [
              83.1640495,
              17.6916677
            ],
            [
              83.1641611,
              17.691637
            ],
            [
              83.1641206,
              17.6915049
            ],
            [
              83.164009,
              17.6915356
            ]
          ]
        ]
      }
    },
    {
      "type": "Feature",
      "id": "B173",
      "properties": {
        "Building_ID": "B173",
        "Parcel_ID": "LP173",
        "Osm_ID": 635518609,
        "Name": "Duvvada Building B173",
        "Building_Type": "Apartment",
        "Latitude": 17.691439,
        "Longitude": 83.16404,
        "Area_sq_m": 219.2,
        "Floors": 5,
        "HasRealLevels": false,
        "RealFloors": null,
        "Height_m": 16,
        "HasRealHeight": false,
        "RealHeight": null,
        "Street": "Kurmannapalem Road / Duvvada",
        "City": "Visakhapatnam",
        "Postcode": "530046",
        "State": "Andhra Pradesh",
        "Source": "OpenStreetMap",
        "DataStatus": "REAL_PUBLIC_DATA",
        "HeightStatus": "DEMO_ILLUSTRATIVE_HEIGHT"
      },
      "geometry": {
        "type": "Polygon",
        "coordinates": [
          [
            [
              83.1639601,
              17.6913739
            ],
            [
              83.164009,
              17.6915356
            ],
            [
              83.1641206,
              17.6915049
            ],
            [
              83.1640716,
              17.6913433
            ],
            [
              83.1639601,
              17.6913739
            ]
          ]
        ]
      }
    },
    {
      "type": "Feature",
      "id": "B174",
      "properties": {
        "Building_ID": "B174",
        "Parcel_ID": "LP174",
        "Osm_ID": 635518610,
        "Name": "Duvvada Building B174",
        "Building_Type": "Independent House",
        "Latitude": 17.69172,
        "Longitude": 83.163368,
        "Area_sq_m": 169.1,
        "Floors": 2,
        "HasRealLevels": false,
        "RealFloors": null,
        "Height_m": 6.4,
        "HasRealHeight": false,
        "RealHeight": null,
        "Street": "Kurmannapalem Road / Duvvada",
        "City": "Visakhapatnam",
        "Postcode": "530046",
        "State": "Andhra Pradesh",
        "Source": "OpenStreetMap",
        "DataStatus": "REAL_PUBLIC_DATA",
        "HeightStatus": "DEMO_ILLUSTRATIVE_HEIGHT"
      },
      "geometry": {
        "type": "Polygon",
        "coordinates": [
          [
            [
              83.1632911,
              17.6916754
            ],
            [
              83.1633393,
              17.6918019
            ],
            [
              83.1634445,
              17.6917656
            ],
            [
              83.1633963,
              17.691639
            ],
            [
              83.1632911,
              17.6916754
            ]
          ]
        ]
      }
    },
    {
      "type": "Feature",
      "id": "B175",
      "properties": {
        "Building_ID": "B175",
        "Parcel_ID": "LP175",
        "Osm_ID": 635518612,
        "Name": "Duvvada Building B175",
        "Building_Type": "Independent House",
        "Latitude": 17.691594,
        "Longitude": 83.16332,
        "Area_sq_m": 169.1,
        "Floors": 2,
        "HasRealLevels": false,
        "RealFloors": null,
        "Height_m": 6.4,
        "HasRealHeight": false,
        "RealHeight": null,
        "Street": "Kurmannapalem Road / Duvvada",
        "City": "Visakhapatnam",
        "Postcode": "530046",
        "State": "Andhra Pradesh",
        "Source": "OpenStreetMap",
        "DataStatus": "REAL_PUBLIC_DATA",
        "HeightStatus": "DEMO_ILLUSTRATIVE_HEIGHT"
      },
      "geometry": {
        "type": "Polygon",
        "coordinates": [
          [
            [
              83.163243,
              17.6915488
            ],
            [
              83.1632911,
              17.6916754
            ],
            [
              83.1633963,
              17.691639
            ],
            [
              83.1633482,
              17.6915124
            ],
            [
              83.163243,
              17.6915488
            ]
          ]
        ]
      }
    },
    {
      "type": "Feature",
      "id": "B176",
      "properties": {
        "Building_ID": "B176",
        "Parcel_ID": "LP176",
        "Osm_ID": 635518614,
        "Name": "Duvvada Building B176",
        "Building_Type": "Independent House",
        "Latitude": 17.691611,
        "Longitude": 83.163483,
        "Area_sq_m": 118.8,
        "Floors": 2,
        "HasRealLevels": false,
        "RealFloors": null,
        "Height_m": 6.4,
        "HasRealHeight": false,
        "RealHeight": null,
        "Street": "Kurmannapalem Road / Duvvada",
        "City": "Visakhapatnam",
        "Postcode": "530046",
        "State": "Andhra Pradesh",
        "Source": "OpenStreetMap",
        "DataStatus": "REAL_PUBLIC_DATA",
        "HeightStatus": "DEMO_ILLUSTRATIVE_HEIGHT"
      },
      "geometry": {
        "type": "Polygon",
        "coordinates": [
          [
            [
              83.1635549,
              17.6916311
            ],
            [
              83.1635169,
              17.6915471
            ],
            [
              83.1634106,
              17.6915908
            ],
            [
              83.1634486,
              17.6916747
            ],
            [
              83.1635549,
              17.6916311
            ]
          ]
        ]
      }
    },
    {
      "type": "Feature",
      "id": "B177",
      "properties": {
        "Building_ID": "B177",
        "Parcel_ID": "LP177",
        "Osm_ID": 635518615,
        "Name": "Duvvada Building B177",
        "Building_Type": "Independent House",
        "Latitude": 17.691695,
        "Longitude": 83.163521,
        "Area_sq_m": 118.7,
        "Floors": 2,
        "HasRealLevels": false,
        "RealFloors": null,
        "Height_m": 6.4,
        "HasRealHeight": false,
        "RealHeight": null,
        "Street": "Kurmannapalem Road / Duvvada",
        "City": "Visakhapatnam",
        "Postcode": "530046",
        "State": "Andhra Pradesh",
        "Source": "OpenStreetMap",
        "DataStatus": "REAL_PUBLIC_DATA",
        "HeightStatus": "DEMO_ILLUSTRATIVE_HEIGHT"
      },
      "geometry": {
        "type": "Polygon",
        "coordinates": [
          [
            [
              83.1635928,
              17.691715
            ],
            [
              83.1635549,
              17.6916311
            ],
            [
              83.1634486,
              17.6916747
            ],
            [
              83.1634865,
              17.6917587
            ],
            [
              83.1635928,
              17.691715
            ]
          ]
        ]
      }
    },
    {
      "type": "Feature",
      "id": "B178",
      "properties": {
        "Building_ID": "B178",
        "Parcel_ID": "LP178",
        "Osm_ID": 635518616,
        "Name": "Duvvada Building B178",
        "Building_Type": "Independent House",
        "Latitude": 17.691624,
        "Longitude": 83.163771,
        "Area_sq_m": 164.8,
        "Floors": 2,
        "HasRealLevels": false,
        "RealFloors": null,
        "Height_m": 6.4,
        "HasRealHeight": false,
        "RealHeight": null,
        "Street": "Kurmannapalem Road / Duvvada",
        "City": "Visakhapatnam",
        "Postcode": "530046",
        "State": "Andhra Pradesh",
        "Source": "OpenStreetMap",
        "DataStatus": "REAL_PUBLIC_DATA",
        "HeightStatus": "DEMO_ILLUSTRATIVE_HEIGHT"
      },
      "geometry": {
        "type": "Polygon",
        "coordinates": [
          [
            [
              83.1636925,
              17.6915856
            ],
            [
              83.1637349,
              17.6917002
            ],
            [
              83.1638489,
              17.6916618
            ],
            [
              83.1638065,
              17.6915473
            ],
            [
              83.1636925,
              17.6915856
            ]
          ]
        ]
      }
    },
    {
      "type": "Feature",
      "id": "B179",
      "properties": {
        "Building_ID": "B179",
        "Parcel_ID": "LP179",
        "Osm_ID": 635518617,
        "Name": "Duvvada Building B179",
        "Building_Type": "Independent House",
        "Latitude": 17.691509,
        "Longitude": 83.163728,
        "Area_sq_m": 164.9,
        "Floors": 2,
        "HasRealLevels": false,
        "RealFloors": null,
        "Height_m": 6.4,
        "HasRealHeight": false,
        "RealHeight": null,
        "Street": "Kurmannapalem Road / Duvvada",
        "City": "Visakhapatnam",
        "Postcode": "530046",
        "State": "Andhra Pradesh",
        "Source": "OpenStreetMap",
        "DataStatus": "REAL_PUBLIC_DATA",
        "HeightStatus": "DEMO_ILLUSTRATIVE_HEIGHT"
      },
      "geometry": {
        "type": "Polygon",
        "coordinates": [
          [
            [
              83.16365,
              17.6914711
            ],
            [
              83.1636925,
              17.6915856
            ],
            [
              83.1638065,
              17.6915473
            ],
            [
              83.163764,
              17.6914327
            ],
            [
              83.16365,
              17.6914711
            ]
          ]
        ]
      }
    },
    {
      "type": "Feature",
      "id": "B180",
      "properties": {
        "Building_ID": "B180",
        "Parcel_ID": "LP180",
        "Osm_ID": 635518618,
        "Name": "Duvvada Building B180",
        "Building_Type": "Independent House",
        "Latitude": 17.691894,
        "Longitude": 83.163187,
        "Area_sq_m": 133.1,
        "Floors": 2,
        "HasRealLevels": false,
        "RealFloors": null,
        "Height_m": 6.4,
        "HasRealHeight": false,
        "RealHeight": null,
        "Street": "Kurmannapalem Road / Duvvada",
        "City": "Visakhapatnam",
        "Postcode": "530046",
        "State": "Andhra Pradesh",
        "Source": "OpenStreetMap",
        "DataStatus": "REAL_PUBLIC_DATA",
        "HeightStatus": "DEMO_ILLUSTRATIVE_HEIGHT"
      },
      "geometry": {
        "type": "Polygon",
        "coordinates": [
          [
            [
              83.163169,
              17.6919752
            ],
            [
              83.1632472,
              17.6919542
            ],
            [
              83.1632056,
              17.6918137
            ],
            [
              83.1631274,
              17.6918347
            ],
            [
              83.163169,
              17.6919752
            ]
          ]
        ]
      }
    },
    {
      "type": "Feature",
      "id": "B181",
      "properties": {
        "Building_ID": "B181",
        "Parcel_ID": "LP181",
        "Osm_ID": 635518619,
        "Name": "Duvvada Building B181",
        "Building_Type": "Independent House",
        "Latitude": 17.691915,
        "Longitude": 83.163109,
        "Area_sq_m": 133.1,
        "Floors": 2,
        "HasRealLevels": false,
        "RealFloors": null,
        "Height_m": 6.4,
        "HasRealHeight": false,
        "RealHeight": null,
        "Street": "Kurmannapalem Road / Duvvada",
        "City": "Visakhapatnam",
        "Postcode": "530046",
        "State": "Andhra Pradesh",
        "Source": "OpenStreetMap",
        "DataStatus": "REAL_PUBLIC_DATA",
        "HeightStatus": "DEMO_ILLUSTRATIVE_HEIGHT"
      },
      "geometry": {
        "type": "Polygon",
        "coordinates": [
          [
            [
              83.1630908,
              17.6919962
            ],
            [
              83.163169,
              17.6919752
            ],
            [
              83.1631274,
              17.6918347
            ],
            [
              83.1630492,
              17.6918557
            ],
            [
              83.1630908,
              17.6919962
            ]
          ]
        ]
      }
    },
    {
      "type": "Feature",
      "id": "B182",
      "properties": {
        "Building_ID": "B182",
        "Parcel_ID": "LP182",
        "Osm_ID": 635518620,
        "Name": "Duvvada Building B182",
        "Building_Type": "Independent House",
        "Latitude": 17.692092,
        "Longitude": 83.163198,
        "Area_sq_m": 105.1,
        "Floors": 2,
        "HasRealLevels": false,
        "RealFloors": null,
        "Height_m": 6.4,
        "HasRealHeight": false,
        "RealHeight": null,
        "Street": "Kurmannapalem Road / Duvvada",
        "City": "Visakhapatnam",
        "Postcode": "530046",
        "State": "Andhra Pradesh",
        "Source": "OpenStreetMap",
        "DataStatus": "REAL_PUBLIC_DATA",
        "HeightStatus": "DEMO_ILLUSTRATIVE_HEIGHT"
      },
      "geometry": {
        "type": "Polygon",
        "coordinates": [
          [
            [
              83.1631552,
              17.6921457
            ],
            [
              83.1632611,
              17.6921214
            ],
            [
              83.16324,
              17.6920378
            ],
            [
              83.1631341,
              17.6920621
            ],
            [
              83.1631552,
              17.6921457
            ]
          ]
        ]
      }
    },
    {
      "type": "Feature",
      "id": "B183",
      "properties": {
        "Building_ID": "B183",
        "Parcel_ID": "LP183",
        "Osm_ID": 635518621,
        "Name": "Duvvada Building B183",
        "Building_Type": "Independent House",
        "Latitude": 17.69226,
        "Longitude": 83.163395,
        "Area_sq_m": 160.5,
        "Floors": 2,
        "HasRealLevels": false,
        "RealFloors": null,
        "Height_m": 6.4,
        "HasRealHeight": false,
        "RealHeight": null,
        "Street": "Kurmannapalem Road / Duvvada",
        "City": "Visakhapatnam",
        "Postcode": "530046",
        "State": "Andhra Pradesh",
        "Source": "OpenStreetMap",
        "DataStatus": "REAL_PUBLIC_DATA",
        "HeightStatus": "DEMO_ILLUSTRATIVE_HEIGHT"
      },
      "geometry": {
        "type": "Polygon",
        "coordinates": [
          [
            [
              83.163355,
              17.6923348
            ],
            [
              83.1634616,
              17.6923147
            ],
            [
              83.1634348,
              17.6921856
            ],
            [
              83.1633282,
              17.6922057
            ],
            [
              83.163355,
              17.6923348
            ]
          ]
        ]
      }
    },
    {
      "type": "Feature",
      "id": "B184",
      "properties": {
        "Building_ID": "B184",
        "Parcel_ID": "LP184",
        "Osm_ID": 635518622,
        "Name": "Duvvada Building B184",
        "Building_Type": "Apartment",
        "Latitude": 17.692112,
        "Longitude": 83.163355,
        "Area_sq_m": 209.7,
        "Floors": 5,
        "HasRealLevels": false,
        "RealFloors": null,
        "Height_m": 16,
        "HasRealHeight": false,
        "RealHeight": null,
        "Street": "Kurmannapalem Road / Duvvada",
        "City": "Visakhapatnam",
        "Postcode": "530046",
        "State": "Andhra Pradesh",
        "Source": "OpenStreetMap",
        "DataStatus": "REAL_PUBLIC_DATA",
        "HeightStatus": "DEMO_ILLUSTRATIVE_HEIGHT"
      },
      "geometry": {
        "type": "Polygon",
        "coordinates": [
          [
            [
              83.1633107,
              17.6921981
            ],
            [
              83.1634321,
              17.6921729
            ],
            [
              83.1633986,
              17.692026
            ],
            [
              83.1632772,
              17.6920511
            ],
            [
              83.1633107,
              17.6921981
            ]
          ]
        ]
      }
    },
    {
      "type": "Feature",
      "id": "B185",
      "properties": {
        "Building_ID": "B185",
        "Parcel_ID": "LP185",
        "Osm_ID": 635518623,
        "Name": "Duvvada Building B185",
        "Building_Type": "Apartment",
        "Latitude": 17.693294,
        "Longitude": 83.163228,
        "Area_sq_m": 226.1,
        "Floors": 5,
        "HasRealLevels": false,
        "RealFloors": null,
        "Height_m": 16,
        "HasRealHeight": false,
        "RealHeight": null,
        "Street": "Kurmannapalem Road / Duvvada",
        "City": "Visakhapatnam",
        "Postcode": "530046",
        "State": "Andhra Pradesh",
        "Source": "OpenStreetMap",
        "DataStatus": "REAL_PUBLIC_DATA",
        "HeightStatus": "DEMO_ILLUSTRATIVE_HEIGHT"
      },
      "geometry": {
        "type": "Polygon",
        "coordinates": [
          [
            [
              83.1631901,
              17.6933907
            ],
            [
              83.1633027,
              17.6933692
            ],
            [
              83.1632667,
              17.6931972
            ],
            [
              83.1631541,
              17.6932186
            ],
            [
              83.1631901,
              17.6933907
            ]
          ]
        ]
      }
    },
    {
      "type": "Feature",
      "id": "B186",
      "properties": {
        "Building_ID": "B186",
        "Parcel_ID": "LP186",
        "Osm_ID": 635518624,
        "Name": "Duvvada Building B186",
        "Building_Type": "Apartment",
        "Latitude": 17.693262,
        "Longitude": 83.163375,
        "Area_sq_m": 199.4,
        "Floors": 5,
        "HasRealLevels": false,
        "RealFloors": null,
        "Height_m": 16,
        "HasRealHeight": false,
        "RealHeight": null,
        "Street": "Kurmannapalem Road / Duvvada",
        "City": "Visakhapatnam",
        "Postcode": "530046",
        "State": "Andhra Pradesh",
        "Source": "OpenStreetMap",
        "DataStatus": "REAL_PUBLIC_DATA",
        "HeightStatus": "DEMO_ILLUSTRATIVE_HEIGHT"
      },
      "geometry": {
        "type": "Polygon",
        "coordinates": [
          [
            [
              83.163331,
              17.6933451
            ],
            [
              83.1634503,
              17.6933219
            ],
            [
              83.1634196,
              17.6931789
            ],
            [
              83.1633004,
              17.693202
            ],
            [
              83.163331,
              17.6933451
            ]
          ]
        ]
      }
    },
    {
      "type": "Feature",
      "id": "B187",
      "properties": {
        "Building_ID": "B187",
        "Parcel_ID": "LP187",
        "Osm_ID": 635518625,
        "Name": "Duvvada Building B187",
        "Building_Type": "Apartment",
        "Latitude": 17.693189,
        "Longitude": 83.16384,
        "Area_sq_m": 282.6,
        "Floors": 5,
        "HasRealLevels": false,
        "RealFloors": null,
        "Height_m": 16,
        "HasRealHeight": false,
        "RealHeight": null,
        "Street": "Kurmannapalem Road / Duvvada",
        "City": "Visakhapatnam",
        "Postcode": "530046",
        "State": "Andhra Pradesh",
        "Source": "OpenStreetMap",
        "DataStatus": "REAL_PUBLIC_DATA",
        "HeightStatus": "DEMO_ILLUSTRATIVE_HEIGHT"
      },
      "geometry": {
        "type": "Polygon",
        "coordinates": [
          [
            [
              83.1637667,
              17.6932764
            ],
            [
              83.1639504,
              17.6932292
            ],
            [
              83.1639142,
              17.6931014
            ],
            [
              83.1637305,
              17.6931487
            ],
            [
              83.1637667,
              17.6932764
            ]
          ]
        ]
      }
    },
    {
      "type": "Feature",
      "id": "B188",
      "properties": {
        "Building_ID": "B188",
        "Parcel_ID": "LP188",
        "Osm_ID": 635518626,
        "Name": "Duvvada Building B188",
        "Building_Type": "Apartment",
        "Latitude": 17.69331,
        "Longitude": 83.16369,
        "Area_sq_m": 365.3,
        "Floors": 5,
        "HasRealLevels": false,
        "RealFloors": null,
        "Height_m": 16,
        "HasRealHeight": false,
        "RealHeight": null,
        "Street": "Kurmannapalem Road / Duvvada",
        "City": "Visakhapatnam",
        "Postcode": "530046",
        "State": "Andhra Pradesh",
        "Source": "OpenStreetMap",
        "DataStatus": "REAL_PUBLIC_DATA",
        "HeightStatus": "DEMO_ILLUSTRATIVE_HEIGHT"
      },
      "geometry": {
        "type": "Polygon",
        "coordinates": [
          [
            [
              83.1636728,
              17.6934604
            ],
            [
              83.1637844,
              17.693432
            ],
            [
              83.163708,
              17.6931598
            ],
            [
              83.1635964,
              17.6931883
            ],
            [
              83.1636728,
              17.6934604
            ]
          ]
        ]
      }
    },
    {
      "type": "Feature",
      "id": "B189",
      "properties": {
        "Building_ID": "B189",
        "Parcel_ID": "LP189",
        "Osm_ID": 635518627,
        "Name": "Duvvada Building B189",
        "Building_Type": "Apartment",
        "Latitude": 17.692981,
        "Longitude": 83.163557,
        "Area_sq_m": 239.5,
        "Floors": 5,
        "HasRealLevels": false,
        "RealFloors": null,
        "Height_m": 16,
        "HasRealHeight": false,
        "RealHeight": null,
        "Street": "Kurmannapalem Road / Duvvada",
        "City": "Visakhapatnam",
        "Postcode": "530046",
        "State": "Andhra Pradesh",
        "Source": "OpenStreetMap",
        "DataStatus": "REAL_PUBLIC_DATA",
        "HeightStatus": "DEMO_ILLUSTRATIVE_HEIGHT"
      },
      "geometry": {
        "type": "Polygon",
        "coordinates": [
          [
            [
              83.1634933,
              17.6930611
            ],
            [
              83.163646,
              17.693036
            ],
            [
              83.1636213,
              17.6929003
            ],
            [
              83.1634686,
              17.6929254
            ],
            [
              83.1634933,
              17.6930611
            ]
          ]
        ]
      }
    },
    {
      "type": "Feature",
      "id": "B190",
      "properties": {
        "Building_ID": "B190",
        "Parcel_ID": "LP190",
        "Osm_ID": 635518628,
        "Name": "Duvvada Building B190",
        "Building_Type": "Independent House",
        "Latitude": 17.692814,
        "Longitude": 83.163566,
        "Area_sq_m": 153.1,
        "Floors": 2,
        "HasRealLevels": false,
        "RealFloors": null,
        "Height_m": 6.4,
        "HasRealHeight": false,
        "RealHeight": null,
        "Street": "Kurmannapalem Road / Duvvada",
        "City": "Visakhapatnam",
        "Postcode": "530046",
        "State": "Andhra Pradesh",
        "Source": "OpenStreetMap",
        "DataStatus": "REAL_PUBLIC_DATA",
        "HeightStatus": "DEMO_ILLUSTRATIVE_HEIGHT"
      },
      "geometry": {
        "type": "Polygon",
        "coordinates": [
          [
            [
              83.1635374,
              17.6928931
            ],
            [
              83.1636326,
              17.6928689
            ],
            [
              83.1635951,
              17.6927352
            ],
            [
              83.1634998,
              17.6927595
            ],
            [
              83.1635374,
              17.6928931
            ]
          ]
        ]
      }
    },
    {
      "type": "Feature",
      "id": "B191",
      "properties": {
        "Building_ID": "B191",
        "Parcel_ID": "LP191",
        "Osm_ID": 635518629,
        "Name": "Duvvada Building B191",
        "Building_Type": "Independent House",
        "Latitude": 17.692838,
        "Longitude": 83.163471,
        "Area_sq_m": 153,
        "Floors": 2,
        "HasRealLevels": false,
        "RealFloors": null,
        "Height_m": 6.4,
        "HasRealHeight": false,
        "RealHeight": null,
        "Street": "Kurmannapalem Road / Duvvada",
        "City": "Visakhapatnam",
        "Postcode": "530046",
        "State": "Andhra Pradesh",
        "Source": "OpenStreetMap",
        "DataStatus": "REAL_PUBLIC_DATA",
        "HeightStatus": "DEMO_ILLUSTRATIVE_HEIGHT"
      },
      "geometry": {
        "type": "Polygon",
        "coordinates": [
          [
            [
              83.1634422,
              17.6929174
            ],
            [
              83.1635374,
              17.6928931
            ],
            [
              83.1634998,
              17.6927595
            ],
            [
              83.1634046,
              17.6927838
            ],
            [
              83.1634422,
              17.6929174
            ]
          ]
        ]
      }
    },
    {
      "type": "Feature",
      "id": "B192",
      "properties": {
        "Building_ID": "B192",
        "Parcel_ID": "LP192",
        "Osm_ID": 635518630,
        "Name": "Duvvada Building B192",
        "Building_Type": "Independent House",
        "Latitude": 17.692891,
        "Longitude": 83.16388,
        "Area_sq_m": 119.4,
        "Floors": 2,
        "HasRealLevels": false,
        "RealFloors": null,
        "Height_m": 6.4,
        "HasRealHeight": false,
        "RealHeight": null,
        "Street": "Kurmannapalem Road / Duvvada",
        "City": "Visakhapatnam",
        "Postcode": "530046",
        "State": "Andhra Pradesh",
        "Source": "OpenStreetMap",
        "DataStatus": "REAL_PUBLIC_DATA",
        "HeightStatus": "DEMO_ILLUSTRATIVE_HEIGHT"
      },
      "geometry": {
        "type": "Polygon",
        "coordinates": [
          [
            [
              83.1638472,
              17.6929563
            ],
            [
              83.1639371,
              17.692939
            ],
            [
              83.1639129,
              17.6928253
            ],
            [
              83.1638231,
              17.6928426
            ],
            [
              83.1638472,
              17.6929563
            ]
          ]
        ]
      }
    },
    {
      "type": "Feature",
      "id": "B193",
      "properties": {
        "Building_ID": "B193",
        "Parcel_ID": "LP193",
        "Osm_ID": 635518631,
        "Name": "Duvvada Building B193",
        "Building_Type": "Independent House",
        "Latitude": 17.692908,
        "Longitude": 83.16379,
        "Area_sq_m": 119.4,
        "Floors": 2,
        "HasRealLevels": false,
        "RealFloors": null,
        "Height_m": 6.4,
        "HasRealHeight": false,
        "RealHeight": null,
        "Street": "Kurmannapalem Road / Duvvada",
        "City": "Visakhapatnam",
        "Postcode": "530046",
        "State": "Andhra Pradesh",
        "Source": "OpenStreetMap",
        "DataStatus": "REAL_PUBLIC_DATA",
        "HeightStatus": "DEMO_ILLUSTRATIVE_HEIGHT"
      },
      "geometry": {
        "type": "Polygon",
        "coordinates": [
          [
            [
              83.1637573,
              17.6929736
            ],
            [
              83.1638472,
              17.6929563
            ],
            [
              83.1638231,
              17.6928426
            ],
            [
              83.1637332,
              17.6928599
            ],
            [
              83.1637573,
              17.6929736
            ]
          ]
        ]
      }
    },
    {
      "type": "Feature",
      "id": "B194",
      "properties": {
        "Building_ID": "B194",
        "Parcel_ID": "LP194",
        "Osm_ID": 635518632,
        "Name": "Duvvada Building B194",
        "Building_Type": "Apartment",
        "Latitude": 17.691718,
        "Longitude": 83.164352,
        "Area_sq_m": 272.5,
        "Floors": 5,
        "HasRealLevels": false,
        "RealFloors": null,
        "Height_m": 16,
        "HasRealHeight": false,
        "RealHeight": null,
        "Street": "Kurmannapalem Road / Duvvada",
        "City": "Visakhapatnam",
        "Postcode": "530046",
        "State": "Andhra Pradesh",
        "Source": "OpenStreetMap",
        "DataStatus": "REAL_PUBLIC_DATA",
        "HeightStatus": "DEMO_ILLUSTRATIVE_HEIGHT"
      },
      "geometry": {
        "type": "Polygon",
        "coordinates": [
          [
            [
              83.1642978,
              17.6918122
            ],
            [
              83.1644538,
              17.6917636
            ],
            [
              83.1644055,
              17.691623
            ],
            [
              83.1642495,
              17.6916717
            ],
            [
              83.1642978,
              17.6918122
            ]
          ]
        ]
      }
    },
    {
      "type": "Feature",
      "id": "B195",
      "properties": {
        "Building_ID": "B195",
        "Parcel_ID": "LP195",
        "Osm_ID": 635518633,
        "Name": "Duvvada Building B195",
        "Building_Type": "Independent House",
        "Latitude": 17.691709,
        "Longitude": 83.164537,
        "Area_sq_m": 152.5,
        "Floors": 2,
        "HasRealLevels": false,
        "RealFloors": null,
        "Height_m": 6.4,
        "HasRealHeight": false,
        "RealHeight": null,
        "Street": "Kurmannapalem Road / Duvvada",
        "City": "Visakhapatnam",
        "Postcode": "530046",
        "State": "Andhra Pradesh",
        "Source": "OpenStreetMap",
        "DataStatus": "REAL_PUBLIC_DATA",
        "HeightStatus": "DEMO_ILLUSTRATIVE_HEIGHT"
      },
      "geometry": {
        "type": "Polygon",
        "coordinates": [
          [
            [
              83.1645258,
              17.6917971
            ],
            [
              83.1646064,
              17.6917687
            ],
            [
              83.1645487,
              17.6916204
            ],
            [
              83.1644682,
              17.6916489
            ],
            [
              83.1645258,
              17.6917971
            ]
          ]
        ]
      }
    },
    {
      "type": "Feature",
      "id": "B196",
      "properties": {
        "Building_ID": "B196",
        "Parcel_ID": "LP196",
        "Osm_ID": 635518634,
        "Name": "Duvvada Building B196",
        "Building_Type": "Independent House",
        "Latitude": 17.69198,
        "Longitude": 83.164644,
        "Area_sq_m": 143.4,
        "Floors": 2,
        "HasRealLevels": false,
        "RealFloors": null,
        "Height_m": 6.4,
        "HasRealHeight": false,
        "RealHeight": null,
        "Street": "Kurmannapalem Road / Duvvada",
        "City": "Visakhapatnam",
        "Postcode": "530046",
        "State": "Andhra Pradesh",
        "Source": "OpenStreetMap",
        "DataStatus": "REAL_PUBLIC_DATA",
        "HeightStatus": "DEMO_ILLUSTRATIVE_HEIGHT"
      },
      "geometry": {
        "type": "Polygon",
        "coordinates": [
          [
            [
              83.164629,
              17.692069
            ],
            [
              83.164704,
              17.6920494
            ],
            [
              83.1646584,
              17.691891
            ],
            [
              83.1645834,
              17.6919106
            ],
            [
              83.164629,
              17.692069
            ]
          ]
        ]
      }
    },
    {
      "type": "Feature",
      "id": "B197",
      "properties": {
        "Building_ID": "B197",
        "Parcel_ID": "LP197",
        "Osm_ID": 635518636,
        "Name": "Duvvada Building B197",
        "Building_Type": "Apartment",
        "Latitude": 17.691887,
        "Longitude": 83.164451,
        "Area_sq_m": 203.6,
        "Floors": 5,
        "HasRealLevels": false,
        "RealFloors": null,
        "Height_m": 16,
        "HasRealHeight": false,
        "RealHeight": null,
        "Street": "Kurmannapalem Road / Duvvada",
        "City": "Visakhapatnam",
        "Postcode": "530046",
        "State": "Andhra Pradesh",
        "Source": "OpenStreetMap",
        "DataStatus": "REAL_PUBLIC_DATA",
        "HeightStatus": "DEMO_ILLUSTRATIVE_HEIGHT"
      },
      "geometry": {
        "type": "Polygon",
        "coordinates": [
          [
            [
              83.1644173,
              17.6919771
            ],
            [
              83.1645285,
              17.6919486
            ],
            [
              83.1644856,
              17.6917965
            ],
            [
              83.1643744,
              17.691825
            ],
            [
              83.1644173,
              17.6919771
            ]
          ]
        ]
      }
    },
    {
      "type": "Feature",
      "id": "B198",
      "properties": {
        "Building_ID": "B198",
        "Parcel_ID": "LP198",
        "Osm_ID": 635518638,
        "Name": "Duvvada Building B198",
        "Building_Type": "Independent House",
        "Latitude": 17.692045,
        "Longitude": 83.163604,
        "Area_sq_m": 158.3,
        "Floors": 2,
        "HasRealLevels": false,
        "RealFloors": null,
        "Height_m": 6.4,
        "HasRealHeight": false,
        "RealHeight": null,
        "Street": "Kurmannapalem Road / Duvvada",
        "City": "Visakhapatnam",
        "Postcode": "530046",
        "State": "Andhra Pradesh",
        "Source": "OpenStreetMap",
        "DataStatus": "REAL_PUBLIC_DATA",
        "HeightStatus": "DEMO_ILLUSTRATIVE_HEIGHT"
      },
      "geometry": {
        "type": "Polygon",
        "coordinates": [
          [
            [
              83.1635857,
              17.6921355
            ],
            [
              83.1636685,
              17.6921138
            ],
            [
              83.1636229,
              17.6919554
            ],
            [
              83.1635401,
              17.691977
            ],
            [
              83.1635857,
              17.6921355
            ]
          ]
        ]
      }
    },
    {
      "type": "Feature",
      "id": "B199",
      "properties": {
        "Building_ID": "B199",
        "Parcel_ID": "LP199",
        "Osm_ID": 635518640,
        "Name": "Duvvada Building B199",
        "Building_Type": "Independent House",
        "Latitude": 17.692019,
        "Longitude": 83.163717,
        "Area_sq_m": 162.5,
        "Floors": 2,
        "HasRealLevels": false,
        "RealFloors": null,
        "Height_m": 6.4,
        "HasRealHeight": false,
        "RealHeight": null,
        "Street": "Kurmannapalem Road / Duvvada",
        "City": "Visakhapatnam",
        "Postcode": "530046",
        "State": "Andhra Pradesh",
        "Source": "OpenStreetMap",
        "DataStatus": "REAL_PUBLIC_DATA",
        "HeightStatus": "DEMO_ILLUSTRATIVE_HEIGHT"
      },
      "geometry": {
        "type": "Polygon",
        "coordinates": [
          [
            [
              83.1636876,
              17.6921048
            ],
            [
              83.1637784,
              17.6920875
            ],
            [
              83.1637462,
              17.6919342
            ],
            [
              83.1636554,
              17.6919515
            ],
            [
              83.1636876,
              17.6921048
            ]
          ]
        ]
      }
    },
    {
      "type": "Feature",
      "id": "B200",
      "properties": {
        "Building_ID": "B200",
        "Parcel_ID": "LP200",
        "Osm_ID": 635518642,
        "Name": "Duvvada Building B200",
        "Building_Type": "Independent House",
        "Latitude": 17.691966,
        "Longitude": 83.163911,
        "Area_sq_m": 93.6,
        "Floors": 2,
        "HasRealLevels": false,
        "RealFloors": null,
        "Height_m": 6.4,
        "HasRealHeight": false,
        "RealHeight": null,
        "Street": "Kurmannapalem Road / Duvvada",
        "City": "Visakhapatnam",
        "Postcode": "530046",
        "State": "Andhra Pradesh",
        "Source": "OpenStreetMap",
        "DataStatus": "REAL_PUBLIC_DATA",
        "HeightStatus": "DEMO_ILLUSTRATIVE_HEIGHT"
      },
      "geometry": {
        "type": "Polygon",
        "coordinates": [
          [
            [
              83.1638995,
              17.6920409
            ],
            [
              83.1639576,
              17.6920273
            ],
            [
              83.1639227,
              17.6918919
            ],
            [
              83.1638646,
              17.6919055
            ],
            [
              83.1638995,
              17.6920409
            ]
          ]
        ]
      }
    },
    {
      "type": "Feature",
      "id": "B201",
      "properties": {
        "Building_ID": "B201",
        "Parcel_ID": "LP201",
        "Osm_ID": 635518644,
        "Name": "Duvvada Building B201",
        "Building_Type": "Apartment",
        "Latitude": 17.692161,
        "Longitude": 83.163831,
        "Area_sq_m": 223.7,
        "Floors": 5,
        "HasRealLevels": false,
        "RealFloors": null,
        "Height_m": 16,
        "HasRealHeight": false,
        "RealHeight": null,
        "Street": "Kurmannapalem Road / Duvvada",
        "City": "Visakhapatnam",
        "Postcode": "530046",
        "State": "Andhra Pradesh",
        "Source": "OpenStreetMap",
        "DataStatus": "REAL_PUBLIC_DATA",
        "HeightStatus": "DEMO_ILLUSTRATIVE_HEIGHT"
      },
      "geometry": {
        "type": "Polygon",
        "coordinates": [
          [
            [
              83.163755,
              17.6922332
            ],
            [
              83.1639322,
              17.6921953
            ],
            [
              83.163907,
              17.6920882
            ],
            [
              83.1637298,
              17.6921261
            ],
            [
              83.163755,
              17.6922332
            ]
          ]
        ]
      }
    },
    {
      "type": "Feature",
      "id": "B202",
      "properties": {
        "Building_ID": "B202",
        "Parcel_ID": "LP202",
        "Osm_ID": 635518646,
        "Name": "Duvvada Building B202",
        "Building_Type": "Commercial",
        "Latitude": 17.692091,
        "Longitude": 83.164106,
        "Area_sq_m": 439.8,
        "Floors": 4,
        "HasRealLevels": false,
        "RealFloors": null,
        "Height_m": 12.8,
        "HasRealHeight": false,
        "RealHeight": null,
        "Street": "Kurmannapalem Road / Duvvada",
        "City": "Visakhapatnam",
        "Postcode": "530046",
        "State": "Andhra Pradesh",
        "Source": "OpenStreetMap",
        "DataStatus": "REAL_PUBLIC_DATA",
        "HeightStatus": "DEMO_ILLUSTRATIVE_HEIGHT"
      },
      "geometry": {
        "type": "Polygon",
        "coordinates": [
          [
            [
              83.1639853,
              17.6921866
            ],
            [
              83.1642562,
              17.6921355
            ],
            [
              83.1642273,
              17.6919963
            ],
            [
              83.1639564,
              17.6920474
            ],
            [
              83.1639853,
              17.6921866
            ]
          ]
        ]
      }
    },
    {
      "type": "Feature",
      "id": "B203",
      "properties": {
        "Building_ID": "B203",
        "Parcel_ID": "LP203",
        "Osm_ID": 635518647,
        "Name": "Duvvada Building B203",
        "Building_Type": "Independent House",
        "Latitude": 17.692297,
        "Longitude": 83.165096,
        "Area_sq_m": 144.7,
        "Floors": 2,
        "HasRealLevels": false,
        "RealFloors": null,
        "Height_m": 6.4,
        "HasRealHeight": false,
        "RealHeight": null,
        "Street": "Kurmannapalem Road / Duvvada",
        "City": "Visakhapatnam",
        "Postcode": "530046",
        "State": "Andhra Pradesh",
        "Source": "OpenStreetMap",
        "DataStatus": "REAL_PUBLIC_DATA",
        "HeightStatus": "DEMO_ILLUSTRATIVE_HEIGHT"
      },
      "geometry": {
        "type": "Polygon",
        "coordinates": [
          [
            [
              83.1650251,
              17.6922569
            ],
            [
              83.165051,
              17.692363
            ],
            [
              83.1651663,
              17.6923375
            ],
            [
              83.1651404,
              17.6922314
            ],
            [
              83.1650251,
              17.6922569
            ]
          ]
        ]
      }
    },
    {
      "type": "Feature",
      "id": "B204",
      "properties": {
        "Building_ID": "B204",
        "Parcel_ID": "LP204",
        "Osm_ID": 635518649,
        "Name": "Duvvada Building B204",
        "Building_Type": "Independent House",
        "Latitude": 17.692191,
        "Longitude": 83.16507,
        "Area_sq_m": 144.8,
        "Floors": 2,
        "HasRealLevels": false,
        "RealFloors": null,
        "Height_m": 6.4,
        "HasRealHeight": false,
        "RealHeight": null,
        "Street": "Kurmannapalem Road / Duvvada",
        "City": "Visakhapatnam",
        "Postcode": "530046",
        "State": "Andhra Pradesh",
        "Source": "OpenStreetMap",
        "DataStatus": "REAL_PUBLIC_DATA",
        "HeightStatus": "DEMO_ILLUSTRATIVE_HEIGHT"
      },
      "geometry": {
        "type": "Polygon",
        "coordinates": [
          [
            [
              83.1649992,
              17.6921508
            ],
            [
              83.1650251,
              17.6922569
            ],
            [
              83.1651404,
              17.6922314
            ],
            [
              83.1651145,
              17.6921252
            ],
            [
              83.1649992,
              17.6921508
            ]
          ]
        ]
      }
    },
    {
      "type": "Feature",
      "id": "B205",
      "properties": {
        "Building_ID": "B205",
        "Parcel_ID": "LP205",
        "Osm_ID": 635518651,
        "Name": "Duvvada Building B205",
        "Building_Type": "Independent House",
        "Latitude": 17.692421,
        "Longitude": 83.16482,
        "Area_sq_m": 83.3,
        "Floors": 2,
        "HasRealLevels": false,
        "RealFloors": null,
        "Height_m": 6.4,
        "HasRealHeight": false,
        "RealHeight": null,
        "Street": "Kurmannapalem Road / Duvvada",
        "City": "Visakhapatnam",
        "Postcode": "530046",
        "State": "Andhra Pradesh",
        "Source": "OpenStreetMap",
        "DataStatus": "REAL_PUBLIC_DATA",
        "HeightStatus": "DEMO_ILLUSTRATIVE_HEIGHT"
      },
      "geometry": {
        "type": "Polygon",
        "coordinates": [
          [
            [
              83.1647588,
              17.6923995
            ],
            [
              83.1647744,
              17.6924653
            ],
            [
              83.1648817,
              17.6924423
            ],
            [
              83.1648661,
              17.6923765
            ],
            [
              83.1647588,
              17.6923995
            ]
          ]
        ]
      }
    },
    {
      "type": "Feature",
      "id": "B206",
      "properties": {
        "Building_ID": "B206",
        "Parcel_ID": "LP206",
        "Osm_ID": 635518653,
        "Name": "Duvvada Building B206",
        "Building_Type": "Independent House",
        "Latitude": 17.692355,
        "Longitude": 83.164805,
        "Area_sq_m": 83.4,
        "Floors": 2,
        "HasRealLevels": false,
        "RealFloors": null,
        "Height_m": 6.4,
        "HasRealHeight": false,
        "RealHeight": null,
        "Street": "Kurmannapalem Road / Duvvada",
        "City": "Visakhapatnam",
        "Postcode": "530046",
        "State": "Andhra Pradesh",
        "Source": "OpenStreetMap",
        "DataStatus": "REAL_PUBLIC_DATA",
        "HeightStatus": "DEMO_ILLUSTRATIVE_HEIGHT"
      },
      "geometry": {
        "type": "Polygon",
        "coordinates": [
          [
            [
              83.1647433,
              17.6923336
            ],
            [
              83.1647588,
              17.6923995
            ],
            [
              83.1648661,
              17.6923765
            ],
            [
              83.1648506,
              17.6923106
            ],
            [
              83.1647433,
              17.6923336
            ]
          ]
        ]
      }
    },
    {
      "type": "Feature",
      "id": "B207",
      "properties": {
        "Building_ID": "B207",
        "Parcel_ID": "LP207",
        "Osm_ID": 635518655,
        "Name": "Duvvada Building B207",
        "Building_Type": "Independent House",
        "Latitude": 17.692289,
        "Longitude": 83.164789,
        "Area_sq_m": 83.3,
        "Floors": 2,
        "HasRealLevels": false,
        "RealFloors": null,
        "Height_m": 6.4,
        "HasRealHeight": false,
        "RealHeight": null,
        "Street": "Kurmannapalem Road / Duvvada",
        "City": "Visakhapatnam",
        "Postcode": "530046",
        "State": "Andhra Pradesh",
        "Source": "OpenStreetMap",
        "DataStatus": "REAL_PUBLIC_DATA",
        "HeightStatus": "DEMO_ILLUSTRATIVE_HEIGHT"
      },
      "geometry": {
        "type": "Polygon",
        "coordinates": [
          [
            [
              83.1647277,
              17.6922678
            ],
            [
              83.1647433,
              17.6923336
            ],
            [
              83.1648506,
              17.6923106
            ],
            [
              83.164835,
              17.6922448
            ],
            [
              83.1647277,
              17.6922678
            ]
          ]
        ]
      }
    },
    {
      "type": "Feature",
      "id": "B208",
      "properties": {
        "Building_ID": "B208",
        "Parcel_ID": "LP208",
        "Osm_ID": 635518657,
        "Name": "Duvvada Building B208",
        "Building_Type": "Independent House",
        "Latitude": 17.692223,
        "Longitude": 83.164774,
        "Area_sq_m": 83.4,
        "Floors": 2,
        "HasRealLevels": false,
        "RealFloors": null,
        "Height_m": 6.4,
        "HasRealHeight": false,
        "RealHeight": null,
        "Street": "Kurmannapalem Road / Duvvada",
        "City": "Visakhapatnam",
        "Postcode": "530046",
        "State": "Andhra Pradesh",
        "Source": "OpenStreetMap",
        "DataStatus": "REAL_PUBLIC_DATA",
        "HeightStatus": "DEMO_ILLUSTRATIVE_HEIGHT"
      },
      "geometry": {
        "type": "Polygon",
        "coordinates": [
          [
            [
              83.1647122,
              17.6922019
            ],
            [
              83.1647277,
              17.6922678
            ],
            [
              83.164835,
              17.6922448
            ],
            [
              83.1648195,
              17.6921789
            ],
            [
              83.1647122,
              17.6922019
            ]
          ]
        ]
      }
    },
    {
      "type": "Feature",
      "id": "B209",
      "properties": {
        "Building_ID": "B209",
        "Parcel_ID": "LP209",
        "Osm_ID": 635518659,
        "Name": "Duvvada Building B209",
        "Building_Type": "Independent House",
        "Latitude": 17.692482,
        "Longitude": 83.164639,
        "Area_sq_m": 166.6,
        "Floors": 2,
        "HasRealLevels": false,
        "RealFloors": null,
        "Height_m": 6.4,
        "HasRealHeight": false,
        "RealHeight": null,
        "Street": "Kurmannapalem Road / Duvvada",
        "City": "Visakhapatnam",
        "Postcode": "530046",
        "State": "Andhra Pradesh",
        "Source": "OpenStreetMap",
        "DataStatus": "REAL_PUBLIC_DATA",
        "HeightStatus": "DEMO_ILLUSTRATIVE_HEIGHT"
      },
      "geometry": {
        "type": "Polygon",
        "coordinates": [
          [
            [
              83.1645359,
              17.6924667
            ],
            [
              83.164555,
              17.6925414
            ],
            [
              83.1647427,
              17.6924979
            ],
            [
              83.1647237,
              17.6924233
            ],
            [
              83.1645359,
              17.6924667
            ]
          ]
        ]
      }
    },
    {
      "type": "Feature",
      "id": "B210",
      "properties": {
        "Building_ID": "B210",
        "Parcel_ID": "LP210",
        "Osm_ID": 635518661,
        "Name": "Duvvada Building B210",
        "Building_Type": "Independent House",
        "Latitude": 17.692408,
        "Longitude": 83.16462,
        "Area_sq_m": 166.5,
        "Floors": 2,
        "HasRealLevels": false,
        "RealFloors": null,
        "Height_m": 6.4,
        "HasRealHeight": false,
        "RealHeight": null,
        "Street": "Kurmannapalem Road / Duvvada",
        "City": "Visakhapatnam",
        "Postcode": "530046",
        "State": "Andhra Pradesh",
        "Source": "OpenStreetMap",
        "DataStatus": "REAL_PUBLIC_DATA",
        "HeightStatus": "DEMO_ILLUSTRATIVE_HEIGHT"
      },
      "geometry": {
        "type": "Polygon",
        "coordinates": [
          [
            [
              83.1645169,
              17.6923921
            ],
            [
              83.1645359,
              17.6924667
            ],
            [
              83.1647237,
              17.6924233
            ],
            [
              83.1647046,
              17.6923487
            ],
            [
              83.1645169,
              17.6923921
            ]
          ]
        ]
      }
    },
    {
      "type": "Feature",
      "id": "B211",
      "properties": {
        "Building_ID": "B211",
        "Parcel_ID": "LP211",
        "Osm_ID": 635518663,
        "Name": "Duvvada Building B211",
        "Building_Type": "Independent House",
        "Latitude": 17.692333,
        "Longitude": 83.164601,
        "Area_sq_m": 166.6,
        "Floors": 2,
        "HasRealLevels": false,
        "RealFloors": null,
        "Height_m": 6.4,
        "HasRealHeight": false,
        "RealHeight": null,
        "Street": "Kurmannapalem Road / Duvvada",
        "City": "Visakhapatnam",
        "Postcode": "530046",
        "State": "Andhra Pradesh",
        "Source": "OpenStreetMap",
        "DataStatus": "REAL_PUBLIC_DATA",
        "HeightStatus": "DEMO_ILLUSTRATIVE_HEIGHT"
      },
      "geometry": {
        "type": "Polygon",
        "coordinates": [
          [
            [
              83.1644979,
              17.6923174
            ],
            [
              83.1645169,
              17.6923921
            ],
            [
              83.1647046,
              17.6923487
            ],
            [
              83.1646856,
              17.692274
            ],
            [
              83.1644979,
              17.6923174
            ]
          ]
        ]
      }
    },
    {
      "type": "Feature",
      "id": "B212",
      "properties": {
        "Building_ID": "B212",
        "Parcel_ID": "LP212",
        "Osm_ID": 635518665,
        "Name": "Duvvada Building B212",
        "Building_Type": "Independent House",
        "Latitude": 17.692258,
        "Longitude": 83.164582,
        "Area_sq_m": 166.5,
        "Floors": 2,
        "HasRealLevels": false,
        "RealFloors": null,
        "Height_m": 6.4,
        "HasRealHeight": false,
        "RealHeight": null,
        "Street": "Kurmannapalem Road / Duvvada",
        "City": "Visakhapatnam",
        "Postcode": "530046",
        "State": "Andhra Pradesh",
        "Source": "OpenStreetMap",
        "DataStatus": "REAL_PUBLIC_DATA",
        "HeightStatus": "DEMO_ILLUSTRATIVE_HEIGHT"
      },
      "geometry": {
        "type": "Polygon",
        "coordinates": [
          [
            [
              83.1644788,
              17.6922428
            ],
            [
              83.1644979,
              17.6923174
            ],
            [
              83.1646856,
              17.692274
            ],
            [
              83.1646666,
              17.6921994
            ],
            [
              83.1644788,
              17.6922428
            ]
          ]
        ]
      }
    },
    {
      "type": "Feature",
      "id": "B213",
      "properties": {
        "Building_ID": "B213",
        "Parcel_ID": "LP213",
        "Osm_ID": 635518667,
        "Name": "Duvvada Building B213",
        "Building_Type": "Apartment",
        "Latitude": 17.692425,
        "Longitude": 83.164042,
        "Area_sq_m": 216.1,
        "Floors": 5,
        "HasRealLevels": false,
        "RealFloors": null,
        "Height_m": 16,
        "HasRealHeight": false,
        "RealHeight": null,
        "Street": "Kurmannapalem Road / Duvvada",
        "City": "Visakhapatnam",
        "Postcode": "530046",
        "State": "Andhra Pradesh",
        "Source": "OpenStreetMap",
        "DataStatus": "REAL_PUBLIC_DATA",
        "HeightStatus": "DEMO_ILLUSTRATIVE_HEIGHT"
      },
      "geometry": {
        "type": "Polygon",
        "coordinates": [
          [
            [
              83.1640309,
              17.6925477
            ],
            [
              83.1641114,
              17.692529
            ],
            [
              83.1640534,
              17.6923032
            ],
            [
              83.163973,
              17.6923219
            ],
            [
              83.1640309,
              17.6925477
            ]
          ]
        ]
      }
    },
    {
      "type": "Feature",
      "id": "B214",
      "properties": {
        "Building_ID": "B214",
        "Parcel_ID": "LP214",
        "Osm_ID": 635518669,
        "Name": "Duvvada Building B214",
        "Building_Type": "Apartment",
        "Latitude": 17.692444,
        "Longitude": 83.163962,
        "Area_sq_m": 216.3,
        "Floors": 5,
        "HasRealLevels": false,
        "RealFloors": null,
        "Height_m": 16,
        "HasRealHeight": false,
        "RealHeight": null,
        "Street": "Kurmannapalem Road / Duvvada",
        "City": "Visakhapatnam",
        "Postcode": "530046",
        "State": "Andhra Pradesh",
        "Source": "OpenStreetMap",
        "DataStatus": "REAL_PUBLIC_DATA",
        "HeightStatus": "DEMO_ILLUSTRATIVE_HEIGHT"
      },
      "geometry": {
        "type": "Polygon",
        "coordinates": [
          [
            [
              83.1639504,
              17.6925665
            ],
            [
              83.1640309,
              17.6925477
            ],
            [
              83.163973,
              17.6923219
            ],
            [
              83.1638925,
              17.6923407
            ],
            [
              83.1639504,
              17.6925665
            ]
          ]
        ]
      }
    },
    {
      "type": "Feature",
      "id": "B215",
      "properties": {
        "Building_ID": "B215",
        "Parcel_ID": "LP215",
        "Osm_ID": 635518671,
        "Name": "Duvvada Building B215",
        "Building_Type": "Apartment",
        "Latitude": 17.692463,
        "Longitude": 83.163881,
        "Area_sq_m": 216.1,
        "Floors": 5,
        "HasRealLevels": false,
        "RealFloors": null,
        "Height_m": 16,
        "HasRealHeight": false,
        "RealHeight": null,
        "Street": "Kurmannapalem Road / Duvvada",
        "City": "Visakhapatnam",
        "Postcode": "530046",
        "State": "Andhra Pradesh",
        "Source": "OpenStreetMap",
        "DataStatus": "REAL_PUBLIC_DATA",
        "HeightStatus": "DEMO_ILLUSTRATIVE_HEIGHT"
      },
      "geometry": {
        "type": "Polygon",
        "coordinates": [
          [
            [
              83.16387,
              17.6925852
            ],
            [
              83.1639504,
              17.6925665
            ],
            [
              83.1638925,
              17.6923407
            ],
            [
              83.163812,
              17.6923594
            ],
            [
              83.16387,
              17.6925852
            ]
          ]
        ]
      }
    },
    {
      "type": "Feature",
      "id": "B216",
      "properties": {
        "Building_ID": "B216",
        "Parcel_ID": "LP216",
        "Osm_ID": 635521548,
        "Name": "Duvvada Building B216",
        "Building_Type": "Apartment",
        "Latitude": 17.697707,
        "Longitude": 83.159608,
        "Area_sq_m": 269.1,
        "Floors": 5,
        "HasRealLevels": false,
        "RealFloors": null,
        "Height_m": 16,
        "HasRealHeight": false,
        "RealHeight": null,
        "Street": "Kurmannapalem Road / Duvvada",
        "City": "Visakhapatnam",
        "Postcode": "530046",
        "State": "Andhra Pradesh",
        "Source": "OpenStreetMap",
        "DataStatus": "REAL_PUBLIC_DATA",
        "HeightStatus": "DEMO_ILLUSTRATIVE_HEIGHT"
      },
      "geometry": {
        "type": "Polygon",
        "coordinates": [
          [
            [
              83.1595141,
              17.6976486
            ],
            [
              83.1595386,
              17.6977913
            ],
            [
              83.1597022,
              17.6977658
            ],
            [
              83.1596777,
              17.697623
            ],
            [
              83.1595141,
              17.6976486
            ]
          ]
        ]
      }
    },
    {
      "type": "Feature",
      "id": "B217",
      "properties": {
        "Building_ID": "B217",
        "Parcel_ID": "LP217",
        "Osm_ID": 635521549,
        "Name": "Duvvada Building B217",
        "Building_Type": "Apartment",
        "Latitude": 17.69783,
        "Longitude": 83.159386,
        "Area_sq_m": 348.8,
        "Floors": 5,
        "HasRealLevels": false,
        "RealFloors": null,
        "Height_m": 16,
        "HasRealHeight": false,
        "RealHeight": null,
        "Street": "Kurmannapalem Road / Duvvada",
        "City": "Visakhapatnam",
        "Postcode": "530046",
        "State": "Andhra Pradesh",
        "Source": "OpenStreetMap",
        "DataStatus": "REAL_PUBLIC_DATA",
        "HeightStatus": "DEMO_ILLUSTRATIVE_HEIGHT"
      },
      "geometry": {
        "type": "Polygon",
        "coordinates": [
          [
            [
              83.1592767,
              17.6977661
            ],
            [
              83.1593177,
              17.6979325
            ],
            [
              83.1594947,
              17.6978929
            ],
            [
              83.1594537,
              17.6977265
            ],
            [
              83.1592767,
              17.6977661
            ]
          ]
        ]
      }
    },
    {
      "type": "Feature",
      "id": "B218",
      "properties": {
        "Building_ID": "B218",
        "Parcel_ID": "LP218",
        "Osm_ID": 635521550,
        "Name": "Duvvada Building B218",
        "Building_Type": "Apartment",
        "Latitude": 17.697866,
        "Longitude": 83.159661,
        "Area_sq_m": 209.9,
        "Floors": 5,
        "HasRealLevels": false,
        "RealFloors": null,
        "Height_m": 16,
        "HasRealHeight": false,
        "RealHeight": null,
        "Street": "Kurmannapalem Road / Duvvada",
        "City": "Visakhapatnam",
        "Postcode": "530046",
        "State": "Andhra Pradesh",
        "Source": "OpenStreetMap",
        "DataStatus": "REAL_PUBLIC_DATA",
        "HeightStatus": "DEMO_ILLUSTRATIVE_HEIGHT"
      },
      "geometry": {
        "type": "Polygon",
        "coordinates": [
          [
            [
              83.1595664,
              17.6978325
            ],
            [
              83.1596044,
              17.6979454
            ],
            [
              83.1597546,
              17.6978994
            ],
            [
              83.1597166,
              17.6977865
            ],
            [
              83.1595664,
              17.6978325
            ]
          ]
        ]
      }
    },
    {
      "type": "Feature",
      "id": "B219",
      "properties": {
        "Building_ID": "B219",
        "Parcel_ID": "LP219",
        "Osm_ID": 635521551,
        "Name": "Duvvada Building B219",
        "Building_Type": "Apartment",
        "Latitude": 17.698032,
        "Longitude": 83.160021,
        "Area_sq_m": 317.9,
        "Floors": 5,
        "HasRealLevels": false,
        "RealFloors": null,
        "Height_m": 16,
        "HasRealHeight": false,
        "RealHeight": null,
        "Street": "Kurmannapalem Road / Duvvada",
        "City": "Visakhapatnam",
        "Postcode": "530046",
        "State": "Andhra Pradesh",
        "Source": "OpenStreetMap",
        "DataStatus": "REAL_PUBLIC_DATA",
        "HeightStatus": "DEMO_ILLUSTRATIVE_HEIGHT"
      },
      "geometry": {
        "type": "Polygon",
        "coordinates": [
          [
            [
              83.1599258,
              17.6979539
            ],
            [
              83.1599776,
              17.6981441
            ],
            [
              83.1601171,
              17.6981096
            ],
            [
              83.1600653,
              17.6979194
            ],
            [
              83.1599258,
              17.6979539
            ]
          ]
        ]
      }
    },
    {
      "type": "Feature",
      "id": "B220",
      "properties": {
        "Building_ID": "B220",
        "Parcel_ID": "LP220",
        "Osm_ID": 635521552,
        "Name": "Duvvada Building B220",
        "Building_Type": "Apartment",
        "Latitude": 17.697861,
        "Longitude": 83.159964,
        "Area_sq_m": 223.4,
        "Floors": 5,
        "HasRealLevels": false,
        "RealFloors": null,
        "Height_m": 16,
        "HasRealHeight": false,
        "RealHeight": null,
        "Street": "Kurmannapalem Road / Duvvada",
        "City": "Visakhapatnam",
        "Postcode": "530046",
        "State": "Andhra Pradesh",
        "Source": "OpenStreetMap",
        "DataStatus": "REAL_PUBLIC_DATA",
        "HeightStatus": "DEMO_ILLUSTRATIVE_HEIGHT"
      },
      "geometry": {
        "type": "Polygon",
        "coordinates": [
          [
            [
              83.1598587,
              17.6978351
            ],
            [
              83.1598899,
              17.6979372
            ],
            [
              83.1600696,
              17.6978874
            ],
            [
              83.1600384,
              17.6977853
            ],
            [
              83.1598587,
              17.6978351
            ]
          ]
        ]
      }
    },
    {
      "type": "Feature",
      "id": "B221",
      "properties": {
        "Building_ID": "B221",
        "Parcel_ID": "LP221",
        "Osm_ID": 635521553,
        "Name": "Duvvada Building B221",
        "Building_Type": "Apartment",
        "Latitude": 17.697825,
        "Longitude": 83.160712,
        "Area_sq_m": 282.2,
        "Floors": 5,
        "HasRealLevels": false,
        "RealFloors": null,
        "Height_m": 16,
        "HasRealHeight": false,
        "RealHeight": null,
        "Street": "Kurmannapalem Road / Duvvada",
        "City": "Visakhapatnam",
        "Postcode": "530046",
        "State": "Andhra Pradesh",
        "Source": "OpenStreetMap",
        "DataStatus": "REAL_PUBLIC_DATA",
        "HeightStatus": "DEMO_ILLUSTRATIVE_HEIGHT"
      },
      "geometry": {
        "type": "Polygon",
        "coordinates": [
          [
            [
              83.1606205,
              17.6977329
            ],
            [
              83.1607022,
              17.697952
            ],
            [
              83.1608041,
              17.6979175
            ],
            [
              83.1607224,
              17.6976984
            ],
            [
              83.1606205,
              17.6977329
            ]
          ]
        ]
      }
    },
    {
      "type": "Feature",
      "id": "B222",
      "properties": {
        "Building_ID": "B222",
        "Parcel_ID": "LP222",
        "Osm_ID": 635521554,
        "Name": "Duvvada Building B222",
        "Building_Type": "Commercial",
        "Latitude": 17.697406,
        "Longitude": 83.160423,
        "Area_sq_m": 426.5,
        "Floors": 4,
        "HasRealLevels": false,
        "RealFloors": null,
        "Height_m": 12.8,
        "HasRealHeight": false,
        "RealHeight": null,
        "Street": "Kurmannapalem Road / Duvvada",
        "City": "Visakhapatnam",
        "Postcode": "530046",
        "State": "Andhra Pradesh",
        "Source": "OpenStreetMap",
        "DataStatus": "REAL_PUBLIC_DATA",
        "HeightStatus": "DEMO_ILLUSTRATIVE_HEIGHT"
      },
      "geometry": {
        "type": "Polygon",
        "coordinates": [
          [
            [
              83.1605252,
              17.6975029
            ],
            [
              83.1604903,
              17.6972844
            ],
            [
              83.1603203,
              17.697309
            ],
            [
              83.1603552,
              17.6975275
            ],
            [
              83.1605252,
              17.6975029
            ]
          ]
        ]
      }
    },
    {
      "type": "Feature",
      "id": "B223",
      "properties": {
        "Building_ID": "B223",
        "Parcel_ID": "LP223",
        "Osm_ID": 635521555,
        "Name": "Duvvada Building B223",
        "Building_Type": "Independent House",
        "Latitude": 17.697342,
        "Longitude": 83.16099,
        "Area_sq_m": 101.7,
        "Floors": 2,
        "HasRealLevels": false,
        "RealFloors": null,
        "Height_m": 6.4,
        "HasRealHeight": false,
        "RealHeight": null,
        "Street": "Kurmannapalem Road / Duvvada",
        "City": "Visakhapatnam",
        "Postcode": "530046",
        "State": "Andhra Pradesh",
        "Source": "OpenStreetMap",
        "DataStatus": "REAL_PUBLIC_DATA",
        "HeightStatus": "DEMO_ILLUSTRATIVE_HEIGHT"
      },
      "geometry": {
        "type": "Polygon",
        "coordinates": [
          [
            [
              83.160933,
              17.6973049
            ],
            [
              83.1609485,
              17.697395
            ],
            [
              83.1610464,
              17.6973797
            ],
            [
              83.1610309,
              17.6972895
            ],
            [
              83.160933,
              17.6973049
            ]
          ]
        ]
      }
    },
    {
      "type": "Feature",
      "id": "B224",
      "properties": {
        "Building_ID": "B224",
        "Parcel_ID": "LP224",
        "Osm_ID": 635521556,
        "Name": "Duvvada Building B224",
        "Building_Type": "Apartment",
        "Latitude": 17.697466,
        "Longitude": 83.161076,
        "Area_sq_m": 214.2,
        "Floors": 5,
        "HasRealLevels": false,
        "RealFloors": null,
        "Height_m": 16,
        "HasRealHeight": false,
        "RealHeight": null,
        "Street": "Kurmannapalem Road / Duvvada",
        "City": "Visakhapatnam",
        "Postcode": "530046",
        "State": "Andhra Pradesh",
        "Source": "OpenStreetMap",
        "DataStatus": "REAL_PUBLIC_DATA",
        "HeightStatus": "DEMO_ILLUSTRATIVE_HEIGHT"
      },
      "geometry": {
        "type": "Polygon",
        "coordinates": [
          [
            [
              83.1609638,
              17.6974543
            ],
            [
              83.1609982,
              17.6975432
            ],
            [
              83.1611873,
              17.6974767
            ],
            [
              83.1611529,
              17.6973879
            ],
            [
              83.1609638,
              17.6974543
            ]
          ]
        ]
      }
    },
    {
      "type": "Feature",
      "id": "B225",
      "properties": {
        "Building_ID": "B225",
        "Parcel_ID": "LP225",
        "Osm_ID": 635521557,
        "Name": "Duvvada Building B225",
        "Building_Type": "Independent House",
        "Latitude": 17.697283,
        "Longitude": 83.161096,
        "Area_sq_m": 123.7,
        "Floors": 2,
        "HasRealLevels": false,
        "RealFloors": null,
        "Height_m": 6.4,
        "HasRealHeight": false,
        "RealHeight": null,
        "Street": "Kurmannapalem Road / Duvvada",
        "City": "Visakhapatnam",
        "Postcode": "530046",
        "State": "Andhra Pradesh",
        "Source": "OpenStreetMap",
        "DataStatus": "REAL_PUBLIC_DATA",
        "HeightStatus": "DEMO_ILLUSTRATIVE_HEIGHT"
      },
      "geometry": {
        "type": "Polygon",
        "coordinates": [
          [
            [
              83.1610778,
              17.6973662
            ],
            [
              83.1611469,
              17.697353
            ],
            [
              83.1611147,
              17.6971997
            ],
            [
              83.1610456,
              17.6972129
            ],
            [
              83.1610778,
              17.6973662
            ]
          ]
        ]
      }
    },
    {
      "type": "Feature",
      "id": "B226",
      "properties": {
        "Building_ID": "B226",
        "Parcel_ID": "LP226",
        "Osm_ID": 647927762,
        "Name": "Duvvada Building B226",
        "Building_Type": "Commercial",
        "Latitude": 17.689929,
        "Longitude": 83.166193,
        "Area_sq_m": 499.8,
        "Floors": 4,
        "HasRealLevels": false,
        "RealFloors": null,
        "Height_m": 12.8,
        "HasRealHeight": false,
        "RealHeight": null,
        "Street": "Kurmannapalem Road / Duvvada",
        "City": "Visakhapatnam",
        "Postcode": "530046",
        "State": "Andhra Pradesh",
        "Source": "OpenStreetMap",
        "DataStatus": "REAL_PUBLIC_DATA",
        "HeightStatus": "DEMO_ILLUSTRATIVE_HEIGHT"
      },
      "geometry": {
        "type": "Polygon",
        "coordinates": [
          [
            [
              83.1660251,
              17.6900183
            ],
            [
              83.1663819,
              17.6899611
            ],
            [
              83.1663605,
              17.6898397
            ],
            [
              83.1660037,
              17.689897
            ],
            [
              83.1660251,
              17.6900183
            ]
          ]
        ]
      }
    },
    {
      "type": "Feature",
      "id": "B227",
      "properties": {
        "Building_ID": "B227",
        "Parcel_ID": "LP227",
        "Osm_ID": 647927767,
        "Name": "Duvvada Building B227",
        "Building_Type": "Independent House",
        "Latitude": 17.690016,
        "Longitude": 83.165793,
        "Area_sq_m": 137.8,
        "Floors": 2,
        "HasRealLevels": false,
        "RealFloors": null,
        "Height_m": 6.4,
        "HasRealHeight": false,
        "RealHeight": null,
        "Street": "Kurmannapalem Road / Duvvada",
        "City": "Visakhapatnam",
        "Postcode": "530046",
        "State": "Andhra Pradesh",
        "Source": "OpenStreetMap",
        "DataStatus": "REAL_PUBLIC_DATA",
        "HeightStatus": "DEMO_ILLUSTRATIVE_HEIGHT"
      },
      "geometry": {
        "type": "Polygon",
        "coordinates": [
          [
            [
              83.1657328,
              17.6900695
            ],
            [
              83.1658642,
              17.6900541
            ],
            [
              83.1658524,
              17.6899621
            ],
            [
              83.1657209,
              17.6899775
            ],
            [
              83.1657328,
              17.6900695
            ]
          ]
        ]
      }
    },
    {
      "type": "Feature",
      "id": "B228",
      "properties": {
        "Building_ID": "B228",
        "Parcel_ID": "LP228",
        "Osm_ID": 647927768,
        "Name": "Duvvada Building B228",
        "Building_Type": "Apartment",
        "Latitude": 17.690258,
        "Longitude": 83.165851,
        "Area_sq_m": 249,
        "Floors": 5,
        "HasRealLevels": false,
        "RealFloors": null,
        "Height_m": 16,
        "HasRealHeight": false,
        "RealHeight": null,
        "Street": "Kurmannapalem Road / Duvvada",
        "City": "Visakhapatnam",
        "Postcode": "530046",
        "State": "Andhra Pradesh",
        "Source": "OpenStreetMap",
        "DataStatus": "REAL_PUBLIC_DATA",
        "HeightStatus": "DEMO_ILLUSTRATIVE_HEIGHT"
      },
      "geometry": {
        "type": "Polygon",
        "coordinates": [
          [
            [
              83.165769,
              17.6903314
            ],
            [
              83.1659528,
              17.6903028
            ],
            [
              83.1659327,
              17.6901853
            ],
            [
              83.1657489,
              17.6902138
            ],
            [
              83.165769,
              17.6903314
            ]
          ]
        ]
      }
    },
    {
      "type": "Feature",
      "id": "B229",
      "properties": {
        "Building_ID": "B229",
        "Parcel_ID": "LP229",
        "Osm_ID": 647927769,
        "Name": "Duvvada Building B229",
        "Building_Type": "Apartment",
        "Latitude": 17.690517,
        "Longitude": 83.165434,
        "Area_sq_m": 384.8,
        "Floors": 5,
        "HasRealLevels": false,
        "RealFloors": null,
        "Height_m": 16,
        "HasRealHeight": false,
        "RealHeight": null,
        "Street": "Kurmannapalem Road / Duvvada",
        "City": "Visakhapatnam",
        "Postcode": "530046",
        "State": "Andhra Pradesh",
        "Source": "OpenStreetMap",
        "DataStatus": "REAL_PUBLIC_DATA",
        "HeightStatus": "DEMO_ILLUSTRATIVE_HEIGHT"
      },
      "geometry": {
        "type": "Polygon",
        "coordinates": [
          [
            [
              83.1653378,
              17.6906385
            ],
            [
              83.1655583,
              17.6906064
            ],
            [
              83.1655231,
              17.690387
            ],
            [
              83.1654223,
              17.6904017
            ],
            [
              83.1654422,
              17.690526
            ],
            [
              83.1653226,
              17.6905434
            ],
            [
              83.1653378,
              17.6906385
            ]
          ]
        ]
      }
    },
    {
      "type": "Feature",
      "id": "B230",
      "properties": {
        "Building_ID": "B230",
        "Parcel_ID": "LP230",
        "Osm_ID": 647927770,
        "Name": "Duvvada Building B230",
        "Building_Type": "Apartment",
        "Latitude": 17.690175,
        "Longitude": 83.164865,
        "Area_sq_m": 258.3,
        "Floors": 5,
        "HasRealLevels": false,
        "RealFloors": null,
        "Height_m": 16,
        "HasRealHeight": false,
        "RealHeight": null,
        "Street": "Kurmannapalem Road / Duvvada",
        "City": "Visakhapatnam",
        "Postcode": "530046",
        "State": "Andhra Pradesh",
        "Source": "OpenStreetMap",
        "DataStatus": "REAL_PUBLIC_DATA",
        "HeightStatus": "DEMO_ILLUSTRATIVE_HEIGHT"
      },
      "geometry": {
        "type": "Polygon",
        "coordinates": [
          [
            [
              83.1648181,
              17.6902701
            ],
            [
              83.1649603,
              17.6902266
            ],
            [
              83.1649109,
              17.6900799
            ],
            [
              83.1647687,
              17.6901233
            ],
            [
              83.1648181,
              17.6902701
            ]
          ]
        ]
      }
    },
    {
      "type": "Feature",
      "id": "B231",
      "properties": {
        "Building_ID": "B231",
        "Parcel_ID": "LP231",
        "Osm_ID": 647927771,
        "Name": "Duvvada Building B231",
        "Building_Type": "Apartment",
        "Latitude": 17.690069,
        "Longitude": 83.165554,
        "Area_sq_m": 247.7,
        "Floors": 5,
        "HasRealLevels": false,
        "RealFloors": null,
        "Height_m": 16,
        "HasRealHeight": false,
        "RealHeight": null,
        "Street": "Kurmannapalem Road / Duvvada",
        "City": "Visakhapatnam",
        "Postcode": "530046",
        "State": "Andhra Pradesh",
        "Source": "OpenStreetMap",
        "DataStatus": "REAL_PUBLIC_DATA",
        "HeightStatus": "DEMO_ILLUSTRATIVE_HEIGHT"
      },
      "geometry": {
        "type": "Polygon",
        "coordinates": [
          [
            [
              83.1654754,
              17.6901423
            ],
            [
              83.1656516,
              17.6901179
            ],
            [
              83.1656328,
              17.6899952
            ],
            [
              83.1654566,
              17.6900197
            ],
            [
              83.1654754,
              17.6901423
            ]
          ]
        ]
      }
    },
    {
      "type": "Feature",
      "id": "B232",
      "properties": {
        "Building_ID": "B232",
        "Parcel_ID": "LP232",
        "Osm_ID": 647927772,
        "Name": "Duvvada Building B232",
        "Building_Type": "Independent House",
        "Latitude": 17.689955,
        "Longitude": 83.165388,
        "Area_sq_m": 131.5,
        "Floors": 2,
        "HasRealLevels": false,
        "RealFloors": null,
        "Height_m": 6.4,
        "HasRealHeight": false,
        "RealHeight": null,
        "Street": "Kurmannapalem Road / Duvvada",
        "City": "Visakhapatnam",
        "Postcode": "530046",
        "State": "Andhra Pradesh",
        "Source": "OpenStreetMap",
        "DataStatus": "REAL_PUBLIC_DATA",
        "HeightStatus": "DEMO_ILLUSTRATIVE_HEIGHT"
      },
      "geometry": {
        "type": "Polygon",
        "coordinates": [
          [
            [
              83.1653471,
              17.690019
            ],
            [
              83.1654505,
              17.6900007
            ],
            [
              83.1654291,
              17.6898912
            ],
            [
              83.1653257,
              17.6899095
            ],
            [
              83.1653471,
              17.690019
            ]
          ]
        ]
      }
    },
    {
      "type": "Feature",
      "id": "B233",
      "properties": {
        "Building_ID": "B233",
        "Parcel_ID": "LP233",
        "Osm_ID": 647927773,
        "Name": "Duvvada Building B233",
        "Building_Type": "Independent House",
        "Latitude": 17.690087,
        "Longitude": 83.165391,
        "Area_sq_m": 102.9,
        "Floors": 2,
        "HasRealLevels": false,
        "RealFloors": null,
        "Height_m": 6.4,
        "HasRealHeight": false,
        "RealHeight": null,
        "Street": "Kurmannapalem Road / Duvvada",
        "City": "Visakhapatnam",
        "Postcode": "530046",
        "State": "Andhra Pradesh",
        "Source": "OpenStreetMap",
        "DataStatus": "REAL_PUBLIC_DATA",
        "HeightStatus": "DEMO_ILLUSTRATIVE_HEIGHT"
      },
      "geometry": {
        "type": "Polygon",
        "coordinates": [
          [
            [
              83.1653599,
              17.6901461
            ],
            [
              83.1654477,
              17.6901262
            ],
            [
              83.165423,
              17.6900273
            ],
            [
              83.1653352,
              17.6900473
            ],
            [
              83.1653599,
              17.6901461
            ]
          ]
        ]
      }
    },
    {
      "type": "Feature",
      "id": "B234",
      "properties": {
        "Building_ID": "B234",
        "Parcel_ID": "LP234",
        "Osm_ID": 647927774,
        "Name": "Duvvada Building B234",
        "Building_Type": "Independent House",
        "Latitude": 17.690034,
        "Longitude": 83.165084,
        "Area_sq_m": 169.4,
        "Floors": 2,
        "HasRealLevels": false,
        "RealFloors": null,
        "Height_m": 6.4,
        "HasRealHeight": false,
        "RealHeight": null,
        "Street": "Kurmannapalem Road / Duvvada",
        "City": "Visakhapatnam",
        "Postcode": "530046",
        "State": "Andhra Pradesh",
        "Source": "OpenStreetMap",
        "DataStatus": "REAL_PUBLIC_DATA",
        "HeightStatus": "DEMO_ILLUSTRATIVE_HEIGHT"
      },
      "geometry": {
        "type": "Polygon",
        "coordinates": [
          [
            [
              83.1650448,
              17.6901116
            ],
            [
              83.165155,
              17.6900866
            ],
            [
              83.1651226,
              17.689957
            ],
            [
              83.1650123,
              17.6899821
            ],
            [
              83.1650448,
              17.6901116
            ]
          ]
        ]
      }
    },
    {
      "type": "Feature",
      "id": "B235",
      "properties": {
        "Building_ID": "B235",
        "Parcel_ID": "LP235",
        "Osm_ID": 647927775,
        "Name": "Duvvada Building B235",
        "Building_Type": "Independent House",
        "Latitude": 17.690068,
        "Longitude": 83.164971,
        "Area_sq_m": 141.3,
        "Floors": 2,
        "HasRealLevels": false,
        "RealFloors": null,
        "Height_m": 6.4,
        "HasRealHeight": false,
        "RealHeight": null,
        "Street": "Kurmannapalem Road / Duvvada",
        "City": "Visakhapatnam",
        "Postcode": "530046",
        "State": "Andhra Pradesh",
        "Source": "OpenStreetMap",
        "DataStatus": "REAL_PUBLIC_DATA",
        "HeightStatus": "DEMO_ILLUSTRATIVE_HEIGHT"
      },
      "geometry": {
        "type": "Polygon",
        "coordinates": [
          [
            [
              83.1649429,
              17.6901448
            ],
            [
              83.1650325,
              17.6901245
            ],
            [
              83.1649992,
              17.6899915
            ],
            [
              83.1649096,
              17.6900119
            ],
            [
              83.1649429,
              17.6901448
            ]
          ]
        ]
      }
    },
    {
      "type": "Feature",
      "id": "B236",
      "properties": {
        "Building_ID": "B236",
        "Parcel_ID": "LP236",
        "Osm_ID": 647927776,
        "Name": "Duvvada Building B236",
        "Building_Type": "Independent House",
        "Latitude": 17.690258,
        "Longitude": 83.165436,
        "Area_sq_m": 148.4,
        "Floors": 2,
        "HasRealLevels": false,
        "RealFloors": null,
        "Height_m": 6.4,
        "HasRealHeight": false,
        "RealHeight": null,
        "Street": "Kurmannapalem Road / Duvvada",
        "City": "Visakhapatnam",
        "Postcode": "530046",
        "State": "Andhra Pradesh",
        "Source": "OpenStreetMap",
        "DataStatus": "REAL_PUBLIC_DATA",
        "HeightStatus": "DEMO_ILLUSTRATIVE_HEIGHT"
      },
      "geometry": {
        "type": "Polygon",
        "coordinates": [
          [
            [
              83.1654096,
              17.690339
            ],
            [
              83.1654975,
              17.6903191
            ],
            [
              83.1654619,
              17.6901768
            ],
            [
              83.1653739,
              17.6901968
            ],
            [
              83.1654096,
              17.690339
            ]
          ]
        ]
      }
    },
    {
      "type": "Feature",
      "id": "B237",
      "properties": {
        "Building_ID": "B237",
        "Parcel_ID": "LP237",
        "Osm_ID": 647927777,
        "Name": "Duvvada Building B237",
        "Building_Type": "Independent House",
        "Latitude": 17.690413,
        "Longitude": 83.164951,
        "Area_sq_m": 137.6,
        "Floors": 2,
        "HasRealLevels": false,
        "RealFloors": null,
        "Height_m": 6.4,
        "HasRealHeight": false,
        "RealHeight": null,
        "Street": "Kurmannapalem Road / Duvvada",
        "City": "Visakhapatnam",
        "Postcode": "530046",
        "State": "Andhra Pradesh",
        "Source": "OpenStreetMap",
        "DataStatus": "REAL_PUBLIC_DATA",
        "HeightStatus": "DEMO_ILLUSTRATIVE_HEIGHT"
      },
      "geometry": {
        "type": "Polygon",
        "coordinates": [
          [
            [
              83.1648771,
              17.6903799
            ],
            [
              83.1649005,
              17.6904733
            ],
            [
              83.1650247,
              17.6904451
            ],
            [
              83.1650013,
              17.6903517
            ],
            [
              83.1648771,
              17.6903799
            ]
          ]
        ]
      }
    },
    {
      "type": "Feature",
      "id": "B238",
      "properties": {
        "Building_ID": "B238",
        "Parcel_ID": "LP238",
        "Osm_ID": 647927778,
        "Name": "Duvvada Building B238",
        "Building_Type": "Apartment",
        "Latitude": 17.690667,
        "Longitude": 83.164777,
        "Area_sq_m": 208.8,
        "Floors": 5,
        "HasRealLevels": false,
        "RealFloors": null,
        "Height_m": 16,
        "HasRealHeight": false,
        "RealHeight": null,
        "Street": "Kurmannapalem Road / Duvvada",
        "City": "Visakhapatnam",
        "Postcode": "530046",
        "State": "Andhra Pradesh",
        "Source": "OpenStreetMap",
        "DataStatus": "REAL_PUBLIC_DATA",
        "HeightStatus": "DEMO_ILLUSTRATIVE_HEIGHT"
      },
      "geometry": {
        "type": "Polygon",
        "coordinates": [
          [
            [
              83.1648409,
              17.6905933
            ],
            [
              83.1646844,
              17.6906289
            ],
            [
              83.1647125,
              17.6907413
            ],
            [
              83.1648691,
              17.6907057
            ],
            [
              83.1648409,
              17.6905933
            ]
          ]
        ]
      }
    },
    {
      "type": "Feature",
      "id": "B239",
      "properties": {
        "Building_ID": "B239",
        "Parcel_ID": "LP239",
        "Osm_ID": 647927779,
        "Name": "Duvvada Building B239",
        "Building_Type": "Independent House",
        "Latitude": 17.690355,
        "Longitude": 83.16461,
        "Area_sq_m": 147.1,
        "Floors": 2,
        "HasRealLevels": false,
        "RealFloors": null,
        "Height_m": 6.4,
        "HasRealHeight": false,
        "RealHeight": null,
        "Street": "Kurmannapalem Road / Duvvada",
        "City": "Visakhapatnam",
        "Postcode": "530046",
        "State": "Andhra Pradesh",
        "Source": "OpenStreetMap",
        "DataStatus": "REAL_PUBLIC_DATA",
        "HeightStatus": "DEMO_ILLUSTRATIVE_HEIGHT"
      },
      "geometry": {
        "type": "Polygon",
        "coordinates": [
          [
            [
              83.1645781,
              17.6904298
            ],
            [
              83.1646755,
              17.6904063
            ],
            [
              83.164642,
              17.6902798
            ],
            [
              83.1645446,
              17.6903033
            ],
            [
              83.1645781,
              17.6904298
            ]
          ]
        ]
      }
    },
    {
      "type": "Feature",
      "id": "B240",
      "properties": {
        "Building_ID": "B240",
        "Parcel_ID": "LP240",
        "Osm_ID": 647927780,
        "Name": "Duvvada Building B240",
        "Building_Type": "Independent House",
        "Latitude": 17.69021,
        "Longitude": 83.164576,
        "Area_sq_m": 136.9,
        "Floors": 2,
        "HasRealLevels": false,
        "RealFloors": null,
        "Height_m": 6.4,
        "HasRealHeight": false,
        "RealHeight": null,
        "Street": "Kurmannapalem Road / Duvvada",
        "City": "Visakhapatnam",
        "Postcode": "530046",
        "State": "Andhra Pradesh",
        "Source": "OpenStreetMap",
        "DataStatus": "REAL_PUBLIC_DATA",
        "HeightStatus": "DEMO_ILLUSTRATIVE_HEIGHT"
      },
      "geometry": {
        "type": "Polygon",
        "coordinates": [
          [
            [
              83.1645231,
              17.6902675
            ],
            [
              83.1646446,
              17.690251
            ],
            [
              83.1646298,
              17.6901526
            ],
            [
              83.1645083,
              17.6901691
            ],
            [
              83.1645231,
              17.6902675
            ]
          ]
        ]
      }
    },
    {
      "type": "Feature",
      "id": "B241",
      "properties": {
        "Building_ID": "B241",
        "Parcel_ID": "LP241",
        "Osm_ID": 647927781,
        "Name": "Duvvada Building B241",
        "Building_Type": "Apartment",
        "Latitude": 17.690341,
        "Longitude": 83.164451,
        "Area_sq_m": 319.1,
        "Floors": 5,
        "HasRealLevels": false,
        "RealFloors": null,
        "Height_m": 16,
        "HasRealHeight": false,
        "RealHeight": null,
        "Street": "Kurmannapalem Road / Duvvada",
        "City": "Visakhapatnam",
        "Postcode": "530046",
        "State": "Andhra Pradesh",
        "Source": "OpenStreetMap",
        "DataStatus": "REAL_PUBLIC_DATA",
        "HeightStatus": "DEMO_ILLUSTRATIVE_HEIGHT"
      },
      "geometry": {
        "type": "Polygon",
        "coordinates": [
          [
            [
              83.1644279,
              17.6904643
            ],
            [
              83.1645506,
              17.6904229
            ],
            [
              83.1644742,
              17.6902171
            ],
            [
              83.1643514,
              17.6902586
            ],
            [
              83.1644279,
              17.6904643
            ]
          ]
        ]
      }
    },
    {
      "type": "Feature",
      "id": "B242",
      "properties": {
        "Building_ID": "B242",
        "Parcel_ID": "LP242",
        "Osm_ID": 647927782,
        "Name": "Duvvada Building B242",
        "Building_Type": "Independent House",
        "Latitude": 17.690281,
        "Longitude": 83.164104,
        "Area_sq_m": 141.7,
        "Floors": 2,
        "HasRealLevels": false,
        "RealFloors": null,
        "Height_m": 6.4,
        "HasRealHeight": false,
        "RealHeight": null,
        "Street": "Kurmannapalem Road / Duvvada",
        "City": "Visakhapatnam",
        "Postcode": "530046",
        "State": "Andhra Pradesh",
        "Source": "OpenStreetMap",
        "DataStatus": "REAL_PUBLIC_DATA",
        "HeightStatus": "DEMO_ILLUSTRATIVE_HEIGHT"
      },
      "geometry": {
        "type": "Polygon",
        "coordinates": [
          [
            [
              83.1640336,
              17.6902407
            ],
            [
              83.1640541,
              17.6903428
            ],
            [
              83.1641734,
              17.690321
            ],
            [
              83.1641529,
              17.6902189
            ],
            [
              83.1640336,
              17.6902407
            ]
          ]
        ]
      }
    },
    {
      "type": "Feature",
      "id": "B243",
      "properties": {
        "Building_ID": "B243",
        "Parcel_ID": "LP243",
        "Osm_ID": 647927783,
        "Name": "Duvvada Building B243",
        "Building_Type": "Commercial",
        "Latitude": 17.690509,
        "Longitude": 83.163601,
        "Area_sq_m": 685.5,
        "Floors": 4,
        "HasRealLevels": false,
        "RealFloors": null,
        "Height_m": 12.8,
        "HasRealHeight": false,
        "RealHeight": null,
        "Street": "Kurmannapalem Road / Duvvada",
        "City": "Visakhapatnam",
        "Postcode": "530046",
        "State": "Andhra Pradesh",
        "Source": "OpenStreetMap",
        "DataStatus": "REAL_PUBLIC_DATA",
        "HeightStatus": "DEMO_ILLUSTRATIVE_HEIGHT"
      },
      "geometry": {
        "type": "Polygon",
        "coordinates": [
          [
            [
              83.1636161,
              17.690667
            ],
            [
              83.1637613,
              17.6906393
            ],
            [
              83.1636909,
              17.6903037
            ],
            [
              83.1634873,
              17.6903425
            ],
            [
              83.1635174,
              17.6904858
            ],
            [
              83.1635599,
              17.6904777
            ],
            [
              83.1635813,
              17.6905801
            ],
            [
              83.1635973,
              17.690577
            ],
            [
              83.1636161,
              17.690667
            ]
          ]
        ]
      }
    },
    {
      "type": "Feature",
      "id": "B244",
      "properties": {
        "Building_ID": "B244",
        "Parcel_ID": "LP244",
        "Osm_ID": 647927784,
        "Name": "Duvvada Building B244",
        "Building_Type": "Commercial",
        "Latitude": 17.689996,
        "Longitude": 83.163778,
        "Area_sq_m": 529.9,
        "Floors": 4,
        "HasRealLevels": false,
        "RealFloors": null,
        "Height_m": 12.8,
        "HasRealHeight": false,
        "RealHeight": null,
        "Street": "Kurmannapalem Road / Duvvada",
        "City": "Visakhapatnam",
        "Postcode": "530046",
        "State": "Andhra Pradesh",
        "Source": "OpenStreetMap",
        "DataStatus": "REAL_PUBLIC_DATA",
        "HeightStatus": "DEMO_ILLUSTRATIVE_HEIGHT"
      },
      "geometry": {
        "type": "Polygon",
        "coordinates": [
          [
            [
              83.1636433,
              17.6901052
            ],
            [
              83.1639525,
              17.690029
            ],
            [
              83.1639136,
              17.6898859
            ],
            [
              83.1636044,
              17.6899621
            ],
            [
              83.1636433,
              17.6901052
            ]
          ]
        ]
      }
    },
    {
      "type": "Feature",
      "id": "B245",
      "properties": {
        "Building_ID": "B245",
        "Parcel_ID": "LP245",
        "Osm_ID": 647927785,
        "Name": "Duvvada Building B245",
        "Building_Type": "Commercial",
        "Latitude": 17.690073,
        "Longitude": 83.163467,
        "Area_sq_m": 440.4,
        "Floors": 4,
        "HasRealLevels": false,
        "RealFloors": null,
        "Height_m": 12.8,
        "HasRealHeight": false,
        "RealHeight": null,
        "Street": "Kurmannapalem Road / Duvvada",
        "City": "Visakhapatnam",
        "Postcode": "530046",
        "State": "Andhra Pradesh",
        "Source": "OpenStreetMap",
        "DataStatus": "REAL_PUBLIC_DATA",
        "HeightStatus": "DEMO_ILLUSTRATIVE_HEIGHT"
      },
      "geometry": {
        "type": "Polygon",
        "coordinates": [
          [
            [
              83.163363,
              17.6901755
            ],
            [
              83.1636066,
              17.6901233
            ],
            [
              83.1635704,
              17.68997
            ],
            [
              83.1633268,
              17.6900222
            ],
            [
              83.163363,
              17.6901755
            ]
          ]
        ]
      }
    },
    {
      "type": "Feature",
      "id": "B246",
      "properties": {
        "Building_ID": "B246",
        "Parcel_ID": "LP246",
        "Osm_ID": 647927786,
        "Name": "Duvvada Building B246",
        "Building_Type": "Independent House",
        "Latitude": 17.690143,
        "Longitude": 83.163198,
        "Area_sq_m": 179.8,
        "Floors": 2,
        "HasRealLevels": false,
        "RealFloors": null,
        "Height_m": 6.4,
        "HasRealHeight": false,
        "RealHeight": null,
        "Street": "Kurmannapalem Road / Duvvada",
        "City": "Visakhapatnam",
        "Postcode": "530046",
        "State": "Andhra Pradesh",
        "Source": "OpenStreetMap",
        "DataStatus": "REAL_PUBLIC_DATA",
        "HeightStatus": "DEMO_ILLUSTRATIVE_HEIGHT"
      },
      "geometry": {
        "type": "Polygon",
        "coordinates": [
          [
            [
              83.1631713,
              17.690233
            ],
            [
              83.1632678,
              17.6902087
            ],
            [
              83.1632248,
              17.6900535
            ],
            [
              83.1631283,
              17.6900778
            ],
            [
              83.1631713,
              17.690233
            ]
          ]
        ]
      }
    },
    {
      "type": "Feature",
      "id": "B247",
      "properties": {
        "Building_ID": "B247",
        "Parcel_ID": "LP247",
        "Osm_ID": 647927787,
        "Name": "Duvvada Building B247",
        "Building_Type": "Apartment",
        "Latitude": 17.690183,
        "Longitude": 83.163032,
        "Area_sq_m": 227.8,
        "Floors": 5,
        "HasRealLevels": false,
        "RealFloors": null,
        "Height_m": 16,
        "HasRealHeight": false,
        "RealHeight": null,
        "Street": "Kurmannapalem Road / Duvvada",
        "City": "Visakhapatnam",
        "Postcode": "530046",
        "State": "Andhra Pradesh",
        "Source": "OpenStreetMap",
        "DataStatus": "REAL_PUBLIC_DATA",
        "HeightStatus": "DEMO_ILLUSTRATIVE_HEIGHT"
      },
      "geometry": {
        "type": "Polygon",
        "coordinates": [
          [
            [
              83.1629835,
              17.6902701
            ],
            [
              83.1631216,
              17.6902317
            ],
            [
              83.1630802,
              17.6900963
            ],
            [
              83.1629421,
              17.6901346
            ],
            [
              83.1629835,
              17.6902701
            ]
          ]
        ]
      }
    },
    {
      "type": "Feature",
      "id": "B248",
      "properties": {
        "Building_ID": "B248",
        "Parcel_ID": "LP248",
        "Osm_ID": 647927789,
        "Name": "Duvvada Building B248",
        "Building_Type": "Apartment",
        "Latitude": 17.689899,
        "Longitude": 83.163136,
        "Area_sq_m": 353.7,
        "Floors": 5,
        "HasRealLevels": false,
        "RealFloors": null,
        "Height_m": 16,
        "HasRealHeight": false,
        "RealHeight": null,
        "Street": "Kurmannapalem Road / Duvvada",
        "City": "Visakhapatnam",
        "Postcode": "530046",
        "State": "Andhra Pradesh",
        "Source": "OpenStreetMap",
        "DataStatus": "REAL_PUBLIC_DATA",
        "HeightStatus": "DEMO_ILLUSTRATIVE_HEIGHT"
      },
      "geometry": {
        "type": "Polygon",
        "coordinates": [
          [
            [
              83.1630854,
              17.690012
            ],
            [
              83.163249,
              17.689957
            ],
            [
              83.1631857,
              17.6897857
            ],
            [
              83.1630221,
              17.6898406
            ],
            [
              83.1630854,
              17.690012
            ]
          ]
        ]
      }
    },
    {
      "type": "Feature",
      "id": "B249",
      "properties": {
        "Building_ID": "B249",
        "Parcel_ID": "LP249",
        "Osm_ID": 942547955,
        "Name": "Gloria Vidyakendram",
        "Building_Type": "Commercial",
        "Latitude": 17.702268,
        "Longitude": 83.16326,
        "Area_sq_m": 2802.8,
        "Floors": 4,
        "HasRealLevels": false,
        "RealFloors": null,
        "Height_m": 12.8,
        "HasRealHeight": false,
        "RealHeight": null,
        "Street": "Kurmannapalem Road / Duvvada",
        "City": "Visakhapatnam",
        "Postcode": "530046",
        "State": "Andhra Pradesh",
        "Source": "OpenStreetMap",
        "DataStatus": "REAL_PUBLIC_DATA",
        "HeightStatus": "DEMO_ILLUSTRATIVE_HEIGHT"
      },
      "geometry": {
        "type": "Polygon",
        "coordinates": [
          [
            [
              83.1629007,
              17.7022894
            ],
            [
              83.1632398,
              17.7019337
            ],
            [
              83.1636346,
              17.7022362
            ],
            [
              83.1632655,
              17.7026124
            ],
            [
              83.1629007,
              17.7022894
            ]
          ]
        ]
      }
    },
    {
      "type": "Feature",
      "id": "B250",
      "properties": {
        "Building_ID": "B250",
        "Parcel_ID": "LP250",
        "Osm_ID": 942548271,
        "Name": "Maa Sai Towers",
        "Building_Type": "Apartment",
        "Latitude": 17.702604,
        "Longitude": 83.162769,
        "Area_sq_m": 250.5,
        "Floors": 5,
        "HasRealLevels": false,
        "RealFloors": null,
        "Height_m": 16,
        "HasRealHeight": false,
        "RealHeight": null,
        "Street": "Kurmannapalem Road / Duvvada",
        "City": "Visakhapatnam",
        "Postcode": "530046",
        "State": "Andhra Pradesh",
        "Source": "OpenStreetMap",
        "DataStatus": "REAL_PUBLIC_DATA",
        "HeightStatus": "DEMO_ILLUSTRATIVE_HEIGHT"
      },
      "geometry": {
        "type": "Polygon",
        "coordinates": [
          [
            [
              83.1626518,
              17.7026164
            ],
            [
              83.1627892,
              17.7025102
            ],
            [
              83.1629007,
              17.702596
            ],
            [
              83.1627334,
              17.7026941
            ],
            [
              83.1626518,
              17.7026164
            ]
          ]
        ]
      }
    },
    {
      "type": "Feature",
      "id": "B251",
      "properties": {
        "Building_ID": "B251",
        "Parcel_ID": "LP251",
        "Osm_ID": 1156967994,
        "Name": "Duvvada Building B251",
        "Building_Type": "Independent House",
        "Latitude": 17.696568,
        "Longitude": 83.152013,
        "Area_sq_m": 139.1,
        "Floors": 2,
        "HasRealLevels": false,
        "RealFloors": null,
        "Height_m": 6.4,
        "HasRealHeight": false,
        "RealHeight": null,
        "Street": "Kurmannapalem Road / Duvvada",
        "City": "Visakhapatnam",
        "Postcode": "530046",
        "State": "Andhra Pradesh",
        "Source": "OpenStreetMap",
        "DataStatus": "REAL_PUBLIC_DATA",
        "HeightStatus": "DEMO_ILLUSTRATIVE_HEIGHT"
      },
      "geometry": {
        "type": "Polygon",
        "coordinates": [
          [
            [
              83.1519534,
              17.69651
            ],
            [
              83.1520694,
              17.6964908
            ],
            [
              83.152089,
              17.6965983
            ],
            [
              83.1520004,
              17.696613
            ],
            [
              83.1519974,
              17.6965968
            ],
            [
              83.1519701,
              17.6966013
            ],
            [
              83.1519534,
              17.69651
            ]
          ]
        ]
      }
    },
    {
      "type": "Feature",
      "id": "B252",
      "properties": {
        "Building_ID": "B252",
        "Parcel_ID": "LP252",
        "Osm_ID": 1255211402,
        "Name": "Duvvada Building B252",
        "Building_Type": "Independent House",
        "Latitude": 17.694111,
        "Longitude": 83.155736,
        "Area_sq_m": 78.1,
        "Floors": 2,
        "HasRealLevels": false,
        "RealFloors": null,
        "Height_m": 6.4,
        "HasRealHeight": false,
        "RealHeight": null,
        "Street": "Kurmannapalem Road / Duvvada",
        "City": "Visakhapatnam",
        "Postcode": "530046",
        "State": "Andhra Pradesh",
        "Source": "OpenStreetMap",
        "DataStatus": "REAL_PUBLIC_DATA",
        "HeightStatus": "DEMO_ILLUSTRATIVE_HEIGHT"
      },
      "geometry": {
        "type": "Polygon",
        "coordinates": [
          [
            [
              83.1557893,
              17.6941376
            ],
            [
              83.1557678,
              17.6940618
            ],
            [
              83.1556822,
              17.6940838
            ],
            [
              83.1557037,
              17.6941596
            ],
            [
              83.1557893,
              17.6941376
            ]
          ]
        ]
      }
    },
    {
      "type": "Feature",
      "id": "B253",
      "properties": {
        "Building_ID": "B253",
        "Parcel_ID": "LP253",
        "Osm_ID": 1255211630,
        "Name": "Duvvada Building B253",
        "Building_Type": "Independent House",
        "Latitude": 17.710714,
        "Longitude": 83.149606,
        "Area_sq_m": 42.2,
        "Floors": 2,
        "HasRealLevels": false,
        "RealFloors": null,
        "Height_m": 6.4,
        "HasRealHeight": false,
        "RealHeight": null,
        "Street": "Kurmannapalem Road / Duvvada",
        "City": "Visakhapatnam",
        "Postcode": "530046",
        "State": "Andhra Pradesh",
        "Source": "OpenStreetMap",
        "DataStatus": "REAL_PUBLIC_DATA",
        "HeightStatus": "DEMO_ILLUSTRATIVE_HEIGHT"
      },
      "geometry": {
        "type": "Polygon",
        "coordinates": [
          [
            [
              83.149602,
              17.7107624
            ],
            [
              83.1496418,
              17.7107487
            ],
            [
              83.14961,
              17.7106651
            ],
            [
              83.1495703,
              17.7106788
            ],
            [
              83.149602,
              17.7107624
            ]
          ]
        ]
      }
    },
    {
      "type": "Feature",
      "id": "B254",
      "properties": {
        "Building_ID": "B254",
        "Parcel_ID": "LP254",
        "Osm_ID": 1355590981,
        "Name": "Duvvada Building B254",
        "Building_Type": "Independent House",
        "Latitude": 17.690755,
        "Longitude": 83.15904,
        "Area_sq_m": 160.6,
        "Floors": 2,
        "HasRealLevels": false,
        "RealFloors": null,
        "Height_m": 6.4,
        "HasRealHeight": false,
        "RealHeight": null,
        "Street": "Kurmannapalem Road / Duvvada",
        "City": "Visakhapatnam",
        "Postcode": "530046",
        "State": "Andhra Pradesh",
        "Source": "OpenStreetMap",
        "DataStatus": "REAL_PUBLIC_DATA",
        "HeightStatus": "DEMO_ILLUSTRATIVE_HEIGHT"
      },
      "geometry": {
        "type": "Polygon",
        "coordinates": [
          [
            [
              83.1590561,
              17.6906681
            ],
            [
              83.1589678,
              17.6907004
            ],
            [
              83.1590248,
              17.6908416
            ],
            [
              83.1591131,
              17.6908092
            ],
            [
              83.1590561,
              17.6906681
            ]
          ]
        ]
      }
    },
    {
      "type": "Feature",
      "id": "B255",
      "properties": {
        "Building_ID": "B255",
        "Parcel_ID": "LP255",
        "Osm_ID": 1355590982,
        "Name": "Duvvada Building B255",
        "Building_Type": "Apartment",
        "Latitude": 17.692256,
        "Longitude": 83.156956,
        "Area_sq_m": 277.9,
        "Floors": 5,
        "HasRealLevels": false,
        "RealFloors": null,
        "Height_m": 16,
        "HasRealHeight": false,
        "RealHeight": null,
        "Street": "Kurmannapalem Road / Duvvada",
        "City": "Visakhapatnam",
        "Postcode": "530046",
        "State": "Andhra Pradesh",
        "Source": "OpenStreetMap",
        "DataStatus": "REAL_PUBLIC_DATA",
        "HeightStatus": "DEMO_ILLUSTRATIVE_HEIGHT"
      },
      "geometry": {
        "type": "Polygon",
        "coordinates": [
          [
            [
              83.1569355,
              17.692369
            ],
            [
              83.1570536,
              17.6923235
            ],
            [
              83.1569771,
              17.6921433
            ],
            [
              83.156859,
              17.6921888
            ],
            [
              83.1569355,
              17.692369
            ]
          ]
        ]
      }
    },
    {
      "type": "Feature",
      "id": "B256",
      "properties": {
        "Building_ID": "B256",
        "Parcel_ID": "LP256",
        "Osm_ID": 1355590983,
        "Name": "Duvvada Building B256",
        "Building_Type": "Apartment",
        "Latitude": 17.692773,
        "Longitude": 83.15779,
        "Area_sq_m": 360.9,
        "Floors": 5,
        "HasRealLevels": false,
        "RealFloors": null,
        "Height_m": 16,
        "HasRealHeight": false,
        "RealHeight": null,
        "Street": "Kurmannapalem Road / Duvvada",
        "City": "Visakhapatnam",
        "Postcode": "530046",
        "State": "Andhra Pradesh",
        "Source": "OpenStreetMap",
        "DataStatus": "REAL_PUBLIC_DATA",
        "HeightStatus": "DEMO_ILLUSTRATIVE_HEIGHT"
      },
      "geometry": {
        "type": "Polygon",
        "coordinates": [
          [
            [
              83.1576808,
              17.6928714
            ],
            [
              83.1579389,
              17.6927858
            ],
            [
              83.1578984,
              17.6926747
            ],
            [
              83.1576402,
              17.6927603
            ],
            [
              83.1576808,
              17.6928714
            ]
          ]
        ]
      }
    },
    {
      "type": "Feature",
      "id": "B257",
      "properties": {
        "Building_ID": "B257",
        "Parcel_ID": "LP257",
        "Osm_ID": 1355590984,
        "Name": "Duvvada Building B257",
        "Building_Type": "Commercial",
        "Latitude": 17.693236,
        "Longitude": 83.15828,
        "Area_sq_m": 956.7,
        "Floors": 4,
        "HasRealLevels": false,
        "RealFloors": null,
        "Height_m": 12.8,
        "HasRealHeight": false,
        "RealHeight": null,
        "Street": "Kurmannapalem Road / Duvvada",
        "City": "Visakhapatnam",
        "Postcode": "530046",
        "State": "Andhra Pradesh",
        "Source": "OpenStreetMap",
        "DataStatus": "REAL_PUBLIC_DATA",
        "HeightStatus": "DEMO_ILLUSTRATIVE_HEIGHT"
      },
      "geometry": {
        "type": "Polygon",
        "coordinates": [
          [
            [
              83.1582206,
              17.6934911
            ],
            [
              83.1583767,
              17.6934377
            ],
            [
              83.1583217,
              17.6932916
            ],
            [
              83.1584058,
              17.6932629
            ],
            [
              83.1583599,
              17.6931411
            ],
            [
              83.1582758,
              17.6931699
            ],
            [
              83.1582192,
              17.6930196
            ],
            [
              83.1580631,
              17.693073
            ],
            [
              83.1582206,
              17.6934911
            ]
          ]
        ]
      }
    },
    {
      "type": "Feature",
      "id": "B258",
      "properties": {
        "Building_ID": "B258",
        "Parcel_ID": "LP258",
        "Osm_ID": 1355590985,
        "Name": "Duvvada Building B258",
        "Building_Type": "Apartment",
        "Latitude": 17.693471,
        "Longitude": 83.15805,
        "Area_sq_m": 255.7,
        "Floors": 5,
        "HasRealLevels": false,
        "RealFloors": null,
        "Height_m": 16,
        "HasRealHeight": false,
        "RealHeight": null,
        "Street": "Kurmannapalem Road / Duvvada",
        "City": "Visakhapatnam",
        "Postcode": "530046",
        "State": "Andhra Pradesh",
        "Source": "OpenStreetMap",
        "DataStatus": "REAL_PUBLIC_DATA",
        "HeightStatus": "DEMO_ILLUSTRATIVE_HEIGHT"
      },
      "geometry": {
        "type": "Polygon",
        "coordinates": [
          [
            [
              83.157998,
              17.6935633
            ],
            [
              83.1581514,
              17.6935108
            ],
            [
              83.1581019,
              17.6933793
            ],
            [
              83.1579484,
              17.6934318
            ],
            [
              83.157998,
              17.6935633
            ]
          ]
        ]
      }
    },
    {
      "type": "Feature",
      "id": "B259",
      "properties": {
        "Building_ID": "B259",
        "Parcel_ID": "LP259",
        "Osm_ID": 1355590986,
        "Name": "Duvvada Building B259",
        "Building_Type": "Apartment",
        "Latitude": 17.693177,
        "Longitude": 83.157953,
        "Area_sq_m": 244.4,
        "Floors": 5,
        "HasRealLevels": false,
        "RealFloors": null,
        "Height_m": 16,
        "HasRealHeight": false,
        "RealHeight": null,
        "Street": "Kurmannapalem Road / Duvvada",
        "City": "Visakhapatnam",
        "Postcode": "530046",
        "State": "Andhra Pradesh",
        "Source": "OpenStreetMap",
        "DataStatus": "REAL_PUBLIC_DATA",
        "HeightStatus": "DEMO_ILLUSTRATIVE_HEIGHT"
      },
      "geometry": {
        "type": "Polygon",
        "coordinates": [
          [
            [
              83.1578974,
              17.6932656
            ],
            [
              83.1580548,
              17.6932117
            ],
            [
              83.1580087,
              17.6930892
            ],
            [
              83.1578512,
              17.6931431
            ],
            [
              83.1578974,
              17.6932656
            ]
          ]
        ]
      }
    },
    {
      "type": "Feature",
      "id": "B260",
      "properties": {
        "Building_ID": "B260",
        "Parcel_ID": "LP260",
        "Osm_ID": 1355590987,
        "Name": "Duvvada Building B260",
        "Building_Type": "Commercial",
        "Latitude": 17.693396,
        "Longitude": 83.157789,
        "Area_sq_m": 820.2,
        "Floors": 4,
        "HasRealLevels": false,
        "RealFloors": null,
        "Height_m": 12.8,
        "HasRealHeight": false,
        "RealHeight": null,
        "Street": "Kurmannapalem Road / Duvvada",
        "City": "Visakhapatnam",
        "Postcode": "530046",
        "State": "Andhra Pradesh",
        "Source": "OpenStreetMap",
        "DataStatus": "REAL_PUBLIC_DATA",
        "HeightStatus": "DEMO_ILLUSTRATIVE_HEIGHT"
      },
      "geometry": {
        "type": "Polygon",
        "coordinates": [
          [
            [
              83.1579456,
              17.6935773
            ],
            [
              83.1577887,
              17.6931608
            ],
            [
              83.1576333,
              17.6932139
            ],
            [
              83.1577902,
              17.6936305
            ],
            [
              83.1579456,
              17.6935773
            ]
          ]
        ]
      }
    },
    {
      "type": "Feature",
      "id": "B261",
      "properties": {
        "Building_ID": "B261",
        "Parcel_ID": "LP261",
        "Osm_ID": 1355590989,
        "Name": "Duvvada Building B261",
        "Building_Type": "Apartment",
        "Latitude": 17.697574,
        "Longitude": 83.158874,
        "Area_sq_m": 382.5,
        "Floors": 5,
        "HasRealLevels": false,
        "RealFloors": null,
        "Height_m": 16,
        "HasRealHeight": false,
        "RealHeight": null,
        "Street": "Kurmannapalem Road / Duvvada",
        "City": "Visakhapatnam",
        "Postcode": "530046",
        "State": "Andhra Pradesh",
        "Source": "OpenStreetMap",
        "DataStatus": "REAL_PUBLIC_DATA",
        "HeightStatus": "DEMO_ILLUSTRATIVE_HEIGHT"
      },
      "geometry": {
        "type": "Polygon",
        "coordinates": [
          [
            [
              83.1589126,
              17.6974492
            ],
            [
              83.1587587,
              17.6975036
            ],
            [
              83.1588344,
              17.6976983
            ],
            [
              83.1589883,
              17.6976439
            ],
            [
              83.1589126,
              17.6974492
            ]
          ]
        ]
      }
    },
    {
      "type": "Feature",
      "id": "B262",
      "properties": {
        "Building_ID": "B262",
        "Parcel_ID": "LP262",
        "Osm_ID": 1355590991,
        "Name": "Duvvada Building B262",
        "Building_Type": "Independent House",
        "Latitude": 17.704375,
        "Longitude": 83.163264,
        "Area_sq_m": 163.6,
        "Floors": 2,
        "HasRealLevels": false,
        "RealFloors": null,
        "Height_m": 6.4,
        "HasRealHeight": false,
        "RealHeight": null,
        "Street": "Kurmannapalem Road / Duvvada",
        "City": "Visakhapatnam",
        "Postcode": "530046",
        "State": "Andhra Pradesh",
        "Source": "OpenStreetMap",
        "DataStatus": "REAL_PUBLIC_DATA",
        "HeightStatus": "DEMO_ILLUSTRATIVE_HEIGHT"
      },
      "geometry": {
        "type": "Polygon",
        "coordinates": [
          [
            [
              83.163243,
              17.7044627
            ],
            [
              83.163332,
              17.7044379
            ],
            [
              83.1632858,
              17.7042871
            ],
            [
              83.1631967,
              17.7043119
            ],
            [
              83.163243,
              17.7044627
            ]
          ]
        ]
      }
    },
    {
      "type": "Feature",
      "id": "B263",
      "properties": {
        "Building_ID": "B263",
        "Parcel_ID": "LP263",
        "Osm_ID": 1355590994,
        "Name": "Duvvada Building B263",
        "Building_Type": "Commercial",
        "Latitude": 17.698798,
        "Longitude": 83.170365,
        "Area_sq_m": 8444,
        "Floors": 4,
        "HasRealLevels": false,
        "RealFloors": null,
        "Height_m": 12.8,
        "HasRealHeight": false,
        "RealHeight": null,
        "Street": "Kurmannapalem Road / Duvvada",
        "City": "Visakhapatnam",
        "Postcode": "530046",
        "State": "Andhra Pradesh",
        "Source": "OpenStreetMap",
        "DataStatus": "REAL_PUBLIC_DATA",
        "HeightStatus": "DEMO_ILLUSTRATIVE_HEIGHT"
      },
      "geometry": {
        "type": "Polygon",
        "coordinates": [
          [
            [
              83.1695697,
              17.6984535
            ],
            [
              83.1697872,
              17.6990218
            ],
            [
              83.1701448,
              17.6988976
            ],
            [
              83.1701726,
              17.6989703
            ],
            [
              83.1705168,
              17.6988507
            ],
            [
              83.170545,
              17.6989245
            ],
            [
              83.1706959,
              17.6988721
            ],
            [
              83.170734,
              17.6989716
            ],
            [
              83.1708965,
              17.6989152
            ],
            [
              83.1705849,
              17.6981008
            ],
            [
              83.1695697,
              17.6984535
            ]
          ]
        ]
      }
    },
    {
      "type": "Feature",
      "id": "B264",
      "properties": {
        "Building_ID": "B264",
        "Parcel_ID": "LP264",
        "Osm_ID": 1355590996,
        "Name": "Duvvada Building B264",
        "Building_Type": "Apartment",
        "Latitude": 17.703752,
        "Longitude": 83.168429,
        "Area_sq_m": 236.1,
        "Floors": 5,
        "HasRealLevels": false,
        "RealFloors": null,
        "Height_m": 16,
        "HasRealHeight": false,
        "RealHeight": null,
        "Street": "Kurmannapalem Road / Duvvada",
        "City": "Visakhapatnam",
        "Postcode": "530046",
        "State": "Andhra Pradesh",
        "Source": "OpenStreetMap",
        "DataStatus": "REAL_PUBLIC_DATA",
        "HeightStatus": "DEMO_ILLUSTRATIVE_HEIGHT"
      },
      "geometry": {
        "type": "Polygon",
        "coordinates": [
          [
            [
              83.1684586,
              17.7036553
            ],
            [
              83.1683318,
              17.7037134
            ],
            [
              83.1683999,
              17.7038481
            ],
            [
              83.1685267,
              17.70379
            ],
            [
              83.1684586,
              17.7036553
            ]
          ]
        ]
      }
    },
    {
      "type": "Feature",
      "id": "B265",
      "properties": {
        "Building_ID": "B265",
        "Parcel_ID": "LP265",
        "Osm_ID": 1355590997,
        "Name": "Duvvada Building B265",
        "Building_Type": "Apartment",
        "Latitude": 17.703538,
        "Longitude": 83.16888,
        "Area_sq_m": 358.5,
        "Floors": 5,
        "HasRealLevels": false,
        "RealFloors": null,
        "Height_m": 16,
        "HasRealHeight": false,
        "RealHeight": null,
        "Street": "Kurmannapalem Road / Duvvada",
        "City": "Visakhapatnam",
        "Postcode": "530046",
        "State": "Andhra Pradesh",
        "Source": "OpenStreetMap",
        "DataStatus": "REAL_PUBLIC_DATA",
        "HeightStatus": "DEMO_ILLUSTRATIVE_HEIGHT"
      },
      "geometry": {
        "type": "Polygon",
        "coordinates": [
          [
            [
              83.168824,
              17.7036501
            ],
            [
              83.1690064,
              17.7035693
            ],
            [
              83.168936,
              17.7034253
            ],
            [
              83.1687537,
              17.7035061
            ],
            [
              83.168824,
              17.7036501
            ]
          ]
        ]
      }
    },
    {
      "type": "Feature",
      "id": "B266",
      "properties": {
        "Building_ID": "B266",
        "Parcel_ID": "LP266",
        "Osm_ID": 1355590998,
        "Name": "Duvvada Building B266",
        "Building_Type": "Apartment",
        "Latitude": 17.703648,
        "Longitude": 83.168644,
        "Area_sq_m": 341.6,
        "Floors": 5,
        "HasRealLevels": false,
        "RealFloors": null,
        "Height_m": 16,
        "HasRealHeight": false,
        "RealHeight": null,
        "Street": "Kurmannapalem Road / Duvvada",
        "City": "Visakhapatnam",
        "Postcode": "530046",
        "State": "Andhra Pradesh",
        "Source": "OpenStreetMap",
        "DataStatus": "REAL_PUBLIC_DATA",
        "HeightStatus": "DEMO_ILLUSTRATIVE_HEIGHT"
      },
      "geometry": {
        "type": "Polygon",
        "coordinates": [
          [
            [
              83.1685182,
              17.7036214
            ],
            [
              83.1685845,
              17.703757
            ],
            [
              83.1687689,
              17.7036753
            ],
            [
              83.1687026,
              17.7035396
            ],
            [
              83.1685182,
              17.7036214
            ]
          ]
        ]
      }
    },
    {
      "type": "Feature",
      "id": "B267",
      "properties": {
        "Building_ID": "B267",
        "Parcel_ID": "LP267",
        "Osm_ID": 1355590999,
        "Name": "Duvvada Building B267",
        "Building_Type": "Apartment",
        "Latitude": 17.704521,
        "Longitude": 83.168698,
        "Area_sq_m": 325.7,
        "Floors": 5,
        "HasRealLevels": false,
        "RealFloors": null,
        "Height_m": 16,
        "HasRealHeight": false,
        "RealHeight": null,
        "Street": "Kurmannapalem Road / Duvvada",
        "City": "Visakhapatnam",
        "Postcode": "530046",
        "State": "Andhra Pradesh",
        "Source": "OpenStreetMap",
        "DataStatus": "REAL_PUBLIC_DATA",
        "HeightStatus": "DEMO_ILLUSTRATIVE_HEIGHT"
      },
      "geometry": {
        "type": "Polygon",
        "coordinates": [
          [
            [
              83.1687422,
              17.7044109
            ],
            [
              83.16858,
              17.7044858
            ],
            [
              83.1686537,
              17.7046307
            ],
            [
              83.1688159,
              17.7045558
            ],
            [
              83.1687422,
              17.7044109
            ]
          ]
        ]
      }
    },
    {
      "type": "Feature",
      "id": "B268",
      "properties": {
        "Building_ID": "B268",
        "Parcel_ID": "LP268",
        "Osm_ID": 1355591000,
        "Name": "Duvvada Building B268",
        "Building_Type": "Apartment",
        "Latitude": 17.704037,
        "Longitude": 83.168532,
        "Area_sq_m": 361.6,
        "Floors": 5,
        "HasRealLevels": false,
        "RealFloors": null,
        "Height_m": 16,
        "HasRealHeight": false,
        "RealHeight": null,
        "Street": "Kurmannapalem Road / Duvvada",
        "City": "Visakhapatnam",
        "Postcode": "530046",
        "State": "Andhra Pradesh",
        "Source": "OpenStreetMap",
        "DataStatus": "REAL_PUBLIC_DATA",
        "HeightStatus": "DEMO_ILLUSTRATIVE_HEIGHT"
      },
      "geometry": {
        "type": "Polygon",
        "coordinates": [
          [
            [
              83.1684719,
              17.7041495
            ],
            [
              83.1686613,
              17.7040618
            ],
            [
              83.1685911,
              17.7039242
            ],
            [
              83.1684017,
              17.7040119
            ],
            [
              83.1684719,
              17.7041495
            ]
          ]
        ]
      }
    },
    {
      "type": "Feature",
      "id": "B269",
      "properties": {
        "Building_ID": "B269",
        "Parcel_ID": "LP269",
        "Osm_ID": 1355591001,
        "Name": "Duvvada Building B269",
        "Building_Type": "Commercial",
        "Latitude": 17.703909,
        "Longitude": 83.168788,
        "Area_sq_m": 410.9,
        "Floors": 4,
        "HasRealLevels": false,
        "RealFloors": null,
        "Height_m": 12.8,
        "HasRealHeight": false,
        "RealHeight": null,
        "Street": "Kurmannapalem Road / Duvvada",
        "City": "Visakhapatnam",
        "Postcode": "530046",
        "State": "Andhra Pradesh",
        "Source": "OpenStreetMap",
        "DataStatus": "REAL_PUBLIC_DATA",
        "HeightStatus": "DEMO_ILLUSTRATIVE_HEIGHT"
      },
      "geometry": {
        "type": "Polygon",
        "coordinates": [
          [
            [
              83.1687153,
              17.7040275
            ],
            [
              83.1689305,
              17.7039278
            ],
            [
              83.1688603,
              17.7037902
            ],
            [
              83.1686451,
              17.7038899
            ],
            [
              83.1687153,
              17.7040275
            ]
          ]
        ]
      }
    },
    {
      "type": "Feature",
      "id": "B270",
      "properties": {
        "Building_ID": "B270",
        "Parcel_ID": "LP270",
        "Osm_ID": 1355591002,
        "Name": "Duvvada Building B270",
        "Building_Type": "Commercial",
        "Latitude": 17.703787,
        "Longitude": 83.169066,
        "Area_sq_m": 410.9,
        "Floors": 4,
        "HasRealLevels": false,
        "RealFloors": null,
        "Height_m": 12.8,
        "HasRealHeight": false,
        "RealHeight": null,
        "Street": "Kurmannapalem Road / Duvvada",
        "City": "Visakhapatnam",
        "Postcode": "530046",
        "State": "Andhra Pradesh",
        "Source": "OpenStreetMap",
        "DataStatus": "REAL_PUBLIC_DATA",
        "HeightStatus": "DEMO_ILLUSTRATIVE_HEIGHT"
      },
      "geometry": {
        "type": "Polygon",
        "coordinates": [
          [
            [
              83.1689937,
              17.7039057
            ],
            [
              83.1692089,
              17.703806
            ],
            [
              83.1691387,
              17.7036684
            ],
            [
              83.1689235,
              17.7037681
            ],
            [
              83.1689937,
              17.7039057
            ]
          ]
        ]
      }
    },
    {
      "type": "Feature",
      "id": "B271",
      "properties": {
        "Building_ID": "B271",
        "Parcel_ID": "LP271",
        "Osm_ID": 1355591003,
        "Name": "Duvvada Building B271",
        "Building_Type": "Apartment",
        "Latitude": 17.704437,
        "Longitude": 83.16893,
        "Area_sq_m": 325.7,
        "Floors": 5,
        "HasRealLevels": false,
        "RealFloors": null,
        "Height_m": 16,
        "HasRealHeight": false,
        "RealHeight": null,
        "Street": "Kurmannapalem Road / Duvvada",
        "City": "Visakhapatnam",
        "Postcode": "530046",
        "State": "Andhra Pradesh",
        "Source": "OpenStreetMap",
        "DataStatus": "REAL_PUBLIC_DATA",
        "HeightStatus": "DEMO_ILLUSTRATIVE_HEIGHT"
      },
      "geometry": {
        "type": "Polygon",
        "coordinates": [
          [
            [
              83.1689742,
              17.7043266
            ],
            [
              83.168812,
              17.7044015
            ],
            [
              83.1688857,
              17.7045464
            ],
            [
              83.1690479,
              17.7044715
            ],
            [
              83.1689742,
              17.7043266
            ]
          ]
        ]
      }
    },
    {
      "type": "Feature",
      "id": "B272",
      "properties": {
        "Building_ID": "B272",
        "Parcel_ID": "LP272",
        "Osm_ID": 1355591004,
        "Name": "Duvvada Building B272",
        "Building_Type": "Apartment",
        "Latitude": 17.703895,
        "Longitude": 83.169574,
        "Area_sq_m": 222.2,
        "Floors": 5,
        "HasRealLevels": false,
        "RealFloors": null,
        "Height_m": 16,
        "HasRealHeight": false,
        "RealHeight": null,
        "Street": "Kurmannapalem Road / Duvvada",
        "City": "Visakhapatnam",
        "Postcode": "530046",
        "State": "Andhra Pradesh",
        "Source": "OpenStreetMap",
        "DataStatus": "REAL_PUBLIC_DATA",
        "HeightStatus": "DEMO_ILLUSTRATIVE_HEIGHT"
      },
      "geometry": {
        "type": "Polygon",
        "coordinates": [
          [
            [
              83.169565,
              17.7039983
            ],
            [
              83.1696652,
              17.703952
            ],
            [
              83.1695838,
              17.703792
            ],
            [
              83.1694836,
              17.7038382
            ],
            [
              83.169565,
              17.7039983
            ]
          ]
        ]
      }
    },
    {
      "type": "Feature",
      "id": "B273",
      "properties": {
        "Building_ID": "B273",
        "Parcel_ID": "LP273",
        "Osm_ID": 1355591005,
        "Name": "Duvvada Building B273",
        "Building_Type": "Apartment",
        "Latitude": 17.70395,
        "Longitude": 83.1694,
        "Area_sq_m": 235.1,
        "Floors": 5,
        "HasRealLevels": false,
        "RealFloors": null,
        "Height_m": 16,
        "HasRealHeight": false,
        "RealHeight": null,
        "Street": "Kurmannapalem Road / Duvvada",
        "City": "Visakhapatnam",
        "Postcode": "530046",
        "State": "Andhra Pradesh",
        "Source": "OpenStreetMap",
        "DataStatus": "REAL_PUBLIC_DATA",
        "HeightStatus": "DEMO_ILLUSTRATIVE_HEIGHT"
      },
      "geometry": {
        "type": "Polygon",
        "coordinates": [
          [
            [
              83.1693698,
              17.7040456
            ],
            [
              83.1694977,
              17.7039866
            ],
            [
              83.1694302,
              17.7038539
            ],
            [
              83.1693024,
              17.7039129
            ],
            [
              83.1693698,
              17.7040456
            ]
          ]
        ]
      }
    },
    {
      "type": "Feature",
      "id": "B274",
      "properties": {
        "Building_ID": "B274",
        "Parcel_ID": "LP274",
        "Osm_ID": 1355591006,
        "Name": "Duvvada Building B274",
        "Building_Type": "Commercial",
        "Latitude": 17.704191,
        "Longitude": 83.168896,
        "Area_sq_m": 407.9,
        "Floors": 4,
        "HasRealLevels": false,
        "RealFloors": null,
        "Height_m": 12.8,
        "HasRealHeight": false,
        "RealHeight": null,
        "Street": "Kurmannapalem Road / Duvvada",
        "City": "Visakhapatnam",
        "Postcode": "530046",
        "State": "Andhra Pradesh",
        "Source": "OpenStreetMap",
        "DataStatus": "REAL_PUBLIC_DATA",
        "HeightStatus": "DEMO_ILLUSTRATIVE_HEIGHT"
      },
      "geometry": {
        "type": "Polygon",
        "coordinates": [
          [
            [
              83.1688223,
              17.7043091
            ],
            [
              83.1690395,
              17.7042088
            ],
            [
              83.1689706,
              17.7040733
            ],
            [
              83.1687534,
              17.7041736
            ],
            [
              83.1688223,
              17.7043091
            ]
          ]
        ]
      }
    },
    {
      "type": "Feature",
      "id": "B275",
      "properties": {
        "Building_ID": "B275",
        "Parcel_ID": "LP275",
        "Osm_ID": 1355591007,
        "Name": "Duvvada Building B275",
        "Building_Type": "Commercial",
        "Latitude": 17.70406,
        "Longitude": 83.169173,
        "Area_sq_m": 407.7,
        "Floors": 4,
        "HasRealLevels": false,
        "RealFloors": null,
        "Height_m": 12.8,
        "HasRealHeight": false,
        "RealHeight": null,
        "Street": "Kurmannapalem Road / Duvvada",
        "City": "Visakhapatnam",
        "Postcode": "530046",
        "State": "Andhra Pradesh",
        "Source": "OpenStreetMap",
        "DataStatus": "REAL_PUBLIC_DATA",
        "HeightStatus": "DEMO_ILLUSTRATIVE_HEIGHT"
      },
      "geometry": {
        "type": "Polygon",
        "coordinates": [
          [
            [
              83.1690989,
              17.7041778
            ],
            [
              83.1693162,
              17.7040775
            ],
            [
              83.1692473,
              17.7039421
            ],
            [
              83.1690301,
              17.7040423
            ],
            [
              83.1690989,
              17.7041778
            ]
          ]
        ]
      }
    },
    {
      "type": "Feature",
      "id": "B276",
      "properties": {
        "Building_ID": "B276",
        "Parcel_ID": "LP276",
        "Osm_ID": 1355591008,
        "Name": "Duvvada Building B276",
        "Building_Type": "Commercial",
        "Latitude": 17.703046,
        "Longitude": 83.165088,
        "Area_sq_m": 498.2,
        "Floors": 4,
        "HasRealLevels": false,
        "RealFloors": null,
        "Height_m": 12.8,
        "HasRealHeight": false,
        "RealHeight": null,
        "Street": "Kurmannapalem Road / Duvvada",
        "City": "Visakhapatnam",
        "Postcode": "530046",
        "State": "Andhra Pradesh",
        "Source": "OpenStreetMap",
        "DataStatus": "REAL_PUBLIC_DATA",
        "HeightStatus": "DEMO_ILLUSTRATIVE_HEIGHT"
      },
      "geometry": {
        "type": "Polygon",
        "coordinates": [
          [
            [
              83.1650669,
              17.7031921
            ],
            [
              83.1652426,
              17.7030305
            ],
            [
              83.16511,
              17.7028997
            ],
            [
              83.1649344,
              17.7030614
            ],
            [
              83.1650669,
              17.7031921
            ]
          ]
        ]
      }
    },
    {
      "type": "Feature",
      "id": "B277",
      "properties": {
        "Building_ID": "B277",
        "Parcel_ID": "LP277",
        "Osm_ID": 1355591009,
        "Name": "Duvvada Building B277",
        "Building_Type": "Independent House",
        "Latitude": 17.704223,
        "Longitude": 83.16413,
        "Area_sq_m": 164.1,
        "Floors": 2,
        "HasRealLevels": false,
        "RealFloors": null,
        "Height_m": 6.4,
        "HasRealHeight": false,
        "RealHeight": null,
        "Street": "Kurmannapalem Road / Duvvada",
        "City": "Visakhapatnam",
        "Postcode": "530046",
        "State": "Andhra Pradesh",
        "Source": "OpenStreetMap",
        "DataStatus": "REAL_PUBLIC_DATA",
        "HeightStatus": "DEMO_ILLUSTRATIVE_HEIGHT"
      },
      "geometry": {
        "type": "Polygon",
        "coordinates": [
          [
            [
              83.1641201,
              17.7041388
            ],
            [
              83.1640418,
              17.7042161
            ],
            [
              83.1641397,
              17.7043062
            ],
            [
              83.164218,
              17.7042289
            ],
            [
              83.1641201,
              17.7041388
            ]
          ]
        ]
      }
    },
    {
      "type": "Feature",
      "id": "B278",
      "properties": {
        "Building_ID": "B278",
        "Parcel_ID": "LP278",
        "Osm_ID": 1355591011,
        "Name": "Duvvada Building B278",
        "Building_Type": "Apartment",
        "Latitude": 17.702992,
        "Longitude": 83.165663,
        "Area_sq_m": 348.1,
        "Floors": 5,
        "HasRealLevels": false,
        "RealFloors": null,
        "Height_m": 16,
        "HasRealHeight": false,
        "RealHeight": null,
        "Street": "Kurmannapalem Road / Duvvada",
        "City": "Visakhapatnam",
        "Postcode": "530046",
        "State": "Andhra Pradesh",
        "Source": "OpenStreetMap",
        "DataStatus": "REAL_PUBLIC_DATA",
        "HeightStatus": "DEMO_ILLUSTRATIVE_HEIGHT"
      },
      "geometry": {
        "type": "Polygon",
        "coordinates": [
          [
            [
              83.1656329,
              17.7031161
            ],
            [
              83.1657938,
              17.7029685
            ],
            [
              83.1656927,
              17.7028685
            ],
            [
              83.1655318,
              17.7030161
            ],
            [
              83.1656329,
              17.7031161
            ]
          ]
        ]
      }
    },
    {
      "type": "Feature",
      "id": "B279",
      "properties": {
        "Building_ID": "B279",
        "Parcel_ID": "LP279",
        "Osm_ID": 1355591012,
        "Name": "Duvvada Building B279",
        "Building_Type": "Apartment",
        "Latitude": 17.703405,
        "Longitude": 83.163643,
        "Area_sq_m": 265.8,
        "Floors": 5,
        "HasRealLevels": false,
        "RealFloors": null,
        "Height_m": 16,
        "HasRealHeight": false,
        "RealHeight": null,
        "Street": "Kurmannapalem Road / Duvvada",
        "City": "Visakhapatnam",
        "Postcode": "530046",
        "State": "Andhra Pradesh",
        "Source": "OpenStreetMap",
        "DataStatus": "REAL_PUBLIC_DATA",
        "HeightStatus": "DEMO_ILLUSTRATIVE_HEIGHT"
      },
      "geometry": {
        "type": "Polygon",
        "coordinates": [
          [
            [
              83.1636936,
              17.7035224
            ],
            [
              83.1637652,
              17.7034545
            ],
            [
              83.1635915,
              17.7032884
            ],
            [
              83.1635199,
              17.7033563
            ],
            [
              83.1636936,
              17.7035224
            ]
          ]
        ]
      }
    },
    {
      "type": "Feature",
      "id": "B280",
      "properties": {
        "Building_ID": "B280",
        "Parcel_ID": "LP280",
        "Osm_ID": 1355591013,
        "Name": "Duvvada Building B280",
        "Building_Type": "Apartment",
        "Latitude": 17.702096,
        "Longitude": 83.160024,
        "Area_sq_m": 237.8,
        "Floors": 5,
        "HasRealLevels": false,
        "RealFloors": null,
        "Height_m": 16,
        "HasRealHeight": false,
        "RealHeight": null,
        "Street": "Kurmannapalem Road / Duvvada",
        "City": "Visakhapatnam",
        "Postcode": "530046",
        "State": "Andhra Pradesh",
        "Source": "OpenStreetMap",
        "DataStatus": "REAL_PUBLIC_DATA",
        "HeightStatus": "DEMO_ILLUSTRATIVE_HEIGHT"
      },
      "geometry": {
        "type": "Polygon",
        "coordinates": [
          [
            [
              83.1599164,
              17.7021189
            ],
            [
              83.1600881,
              17.7021809
            ],
            [
              83.160131,
              17.702073
            ],
            [
              83.1599593,
              17.702011
            ],
            [
              83.1599164,
              17.7021189
            ]
          ]
        ]
      }
    },
    {
      "type": "Feature",
      "id": "B281",
      "properties": {
        "Building_ID": "B281",
        "Parcel_ID": "LP281",
        "Osm_ID": 1355591014,
        "Name": "Duvvada Building B281",
        "Building_Type": "Apartment",
        "Latitude": 17.701119,
        "Longitude": 83.160352,
        "Area_sq_m": 293.5,
        "Floors": 5,
        "HasRealLevels": false,
        "RealFloors": null,
        "Height_m": 16,
        "HasRealHeight": false,
        "RealHeight": null,
        "Street": "Kurmannapalem Road / Duvvada",
        "City": "Visakhapatnam",
        "Postcode": "530046",
        "State": "Andhra Pradesh",
        "Source": "OpenStreetMap",
        "DataStatus": "REAL_PUBLIC_DATA",
        "HeightStatus": "DEMO_ILLUSTRATIVE_HEIGHT"
      },
      "geometry": {
        "type": "Polygon",
        "coordinates": [
          [
            [
              83.1604562,
              17.7010675
            ],
            [
              83.16031,
              17.7010138
            ],
            [
              83.160247,
              17.7011696
            ],
            [
              83.1603932,
              17.7012232
            ],
            [
              83.1604562,
              17.7010675
            ]
          ]
        ]
      }
    },
    {
      "type": "Feature",
      "id": "B282",
      "properties": {
        "Building_ID": "B282",
        "Parcel_ID": "LP282",
        "Osm_ID": 1355591015,
        "Name": "Duvvada Building B282",
        "Building_Type": "Commercial",
        "Latitude": 17.700688,
        "Longitude": 83.161415,
        "Area_sq_m": 892.5,
        "Floors": 4,
        "HasRealLevels": false,
        "RealFloors": null,
        "Height_m": 12.8,
        "HasRealHeight": false,
        "RealHeight": null,
        "Street": "Kurmannapalem Road / Duvvada",
        "City": "Visakhapatnam",
        "Postcode": "530046",
        "State": "Andhra Pradesh",
        "Source": "OpenStreetMap",
        "DataStatus": "REAL_PUBLIC_DATA",
        "HeightStatus": "DEMO_ILLUSTRATIVE_HEIGHT"
      },
      "geometry": {
        "type": "Polygon",
        "coordinates": [
          [
            [
              83.1614238,
              17.7004555
            ],
            [
              83.1611918,
              17.7006637
            ],
            [
              83.16136,
              17.7008338
            ],
            [
              83.1614446,
              17.7007578
            ],
            [
              83.1614626,
              17.700776
            ],
            [
              83.1616099,
              17.7006437
            ],
            [
              83.1614238,
              17.7004555
            ]
          ]
        ]
      }
    },
    {
      "type": "Feature",
      "id": "B283",
      "properties": {
        "Building_ID": "B283",
        "Parcel_ID": "LP283",
        "Osm_ID": 1355591016,
        "Name": "Duvvada Building B283",
        "Building_Type": "Independent House",
        "Latitude": 17.699326,
        "Longitude": 83.160554,
        "Area_sq_m": 139.9,
        "Floors": 2,
        "HasRealLevels": false,
        "RealFloors": null,
        "Height_m": 6.4,
        "HasRealHeight": false,
        "RealHeight": null,
        "Street": "Kurmannapalem Road / Duvvada",
        "City": "Visakhapatnam",
        "Postcode": "530046",
        "State": "Andhra Pradesh",
        "Source": "OpenStreetMap",
        "DataStatus": "REAL_PUBLIC_DATA",
        "HeightStatus": "DEMO_ILLUSTRATIVE_HEIGHT"
      },
      "geometry": {
        "type": "Polygon",
        "coordinates": [
          [
            [
              83.1606366,
              17.6993088
            ],
            [
              83.1605698,
              17.6992473
            ],
            [
              83.1604719,
              17.6993438
            ],
            [
              83.1605387,
              17.6994053
            ],
            [
              83.1606366,
              17.6993088
            ]
          ]
        ]
      }
    },
    {
      "type": "Feature",
      "id": "B284",
      "properties": {
        "Building_ID": "B284",
        "Parcel_ID": "LP284",
        "Osm_ID": 1355591017,
        "Name": "Duvvada Building B284",
        "Building_Type": "Apartment",
        "Latitude": 17.698965,
        "Longitude": 83.160271,
        "Area_sq_m": 228.3,
        "Floors": 5,
        "HasRealLevels": false,
        "RealFloors": null,
        "Height_m": 16,
        "HasRealHeight": false,
        "RealHeight": null,
        "Street": "Kurmannapalem Road / Duvvada",
        "City": "Visakhapatnam",
        "Postcode": "530046",
        "State": "Andhra Pradesh",
        "Source": "OpenStreetMap",
        "DataStatus": "REAL_PUBLIC_DATA",
        "HeightStatus": "DEMO_ILLUSTRATIVE_HEIGHT"
      },
      "geometry": {
        "type": "Polygon",
        "coordinates": [
          [
            [
              83.1603751,
              17.698985
            ],
            [
              83.1602544,
              17.6988649
            ],
            [
              83.160166,
              17.6989455
            ],
            [
              83.1602867,
              17.6990656
            ],
            [
              83.1603751,
              17.698985
            ]
          ]
        ]
      }
    },
    {
      "type": "Feature",
      "id": "B285",
      "properties": {
        "Building_ID": "B285",
        "Parcel_ID": "LP285",
        "Osm_ID": 1355591018,
        "Name": "Duvvada Building B285",
        "Building_Type": "Apartment",
        "Latitude": 17.695976,
        "Longitude": 83.160703,
        "Area_sq_m": 180.2,
        "Floors": 5,
        "HasRealLevels": false,
        "RealFloors": null,
        "Height_m": 16,
        "HasRealHeight": false,
        "RealHeight": null,
        "Street": "Kurmannapalem Road / Duvvada",
        "City": "Visakhapatnam",
        "Postcode": "530046",
        "State": "Andhra Pradesh",
        "Source": "OpenStreetMap",
        "DataStatus": "REAL_PUBLIC_DATA",
        "HeightStatus": "DEMO_ILLUSTRATIVE_HEIGHT"
      },
      "geometry": {
        "type": "Polygon",
        "coordinates": [
          [
            [
              83.1607774,
              17.6960342
            ],
            [
              83.1607298,
              17.6958886
            ],
            [
              83.1606293,
              17.6959184
            ],
            [
              83.1606769,
              17.6960641
            ],
            [
              83.1607774,
              17.6960342
            ]
          ]
        ]
      }
    },
    {
      "type": "Feature",
      "id": "B286",
      "properties": {
        "Building_ID": "B286",
        "Parcel_ID": "LP286",
        "Osm_ID": 1355591019,
        "Name": "Duvvada Building B286",
        "Building_Type": "Apartment",
        "Latitude": 17.695932,
        "Longitude": 83.158737,
        "Area_sq_m": 255.2,
        "Floors": 5,
        "HasRealLevels": false,
        "RealFloors": null,
        "Height_m": 16,
        "HasRealHeight": false,
        "RealHeight": null,
        "Street": "Kurmannapalem Road / Duvvada",
        "City": "Visakhapatnam",
        "Postcode": "530046",
        "State": "Andhra Pradesh",
        "Source": "OpenStreetMap",
        "DataStatus": "REAL_PUBLIC_DATA",
        "HeightStatus": "DEMO_ILLUSTRATIVE_HEIGHT"
      },
      "geometry": {
        "type": "Polygon",
        "coordinates": [
          [
            [
              83.158641,
              17.695872
            ],
            [
              83.1586401,
              17.6959901
            ],
            [
              83.1588326,
              17.6959914
            ],
            [
              83.1588335,
              17.6958733
            ],
            [
              83.158641,
              17.695872
            ]
          ]
        ]
      }
    },
    {
      "type": "Feature",
      "id": "B287",
      "properties": {
        "Building_ID": "B287",
        "Parcel_ID": "LP287",
        "Osm_ID": 1355591020,
        "Name": "Duvvada Building B287",
        "Building_Type": "Apartment",
        "Latitude": 17.696375,
        "Longitude": 83.158344,
        "Area_sq_m": 375.3,
        "Floors": 5,
        "HasRealLevels": false,
        "RealFloors": null,
        "Height_m": 16,
        "HasRealHeight": false,
        "RealHeight": null,
        "Street": "Kurmannapalem Road / Duvvada",
        "City": "Visakhapatnam",
        "Postcode": "530046",
        "State": "Andhra Pradesh",
        "Source": "OpenStreetMap",
        "DataStatus": "REAL_PUBLIC_DATA",
        "HeightStatus": "DEMO_ILLUSTRATIVE_HEIGHT"
      },
      "geometry": {
        "type": "Polygon",
        "coordinates": [
          [
            [
              83.1582467,
              17.696461
            ],
            [
              83.1584352,
              17.6964661
            ],
            [
              83.1584404,
              17.6962888
            ],
            [
              83.158252,
              17.6962837
            ],
            [
              83.1582467,
              17.696461
            ]
          ]
        ]
      }
    },
    {
      "type": "Feature",
      "id": "B288",
      "properties": {
        "Building_ID": "B288",
        "Parcel_ID": "LP288",
        "Osm_ID": 1355591021,
        "Name": "Duvvada Building B288",
        "Building_Type": "Apartment",
        "Latitude": 17.698168,
        "Longitude": 83.159708,
        "Area_sq_m": 225.6,
        "Floors": 5,
        "HasRealLevels": false,
        "RealFloors": null,
        "Height_m": 16,
        "HasRealHeight": false,
        "RealHeight": null,
        "Street": "Kurmannapalem Road / Duvvada",
        "City": "Visakhapatnam",
        "Postcode": "530046",
        "State": "Andhra Pradesh",
        "Source": "OpenStreetMap",
        "DataStatus": "REAL_PUBLIC_DATA",
        "HeightStatus": "DEMO_ILLUSTRATIVE_HEIGHT"
      },
      "geometry": {
        "type": "Polygon",
        "coordinates": [
          [
            [
              83.1596348,
              17.6982446
            ],
            [
              83.1598125,
              17.6981954
            ],
            [
              83.1597807,
              17.6980911
            ],
            [
              83.159603,
              17.6981403
            ],
            [
              83.1596348,
              17.6982446
            ]
          ]
        ]
      }
    },
    {
      "type": "Feature",
      "id": "B289",
      "properties": {
        "Building_ID": "B289",
        "Parcel_ID": "LP289",
        "Osm_ID": 1355591022,
        "Name": "Duvvada Building B289",
        "Building_Type": "Commercial",
        "Latitude": 17.699501,
        "Longitude": 83.158402,
        "Area_sq_m": 627.7,
        "Floors": 4,
        "HasRealLevels": false,
        "RealFloors": null,
        "Height_m": 12.8,
        "HasRealHeight": false,
        "RealHeight": null,
        "Street": "Kurmannapalem Road / Duvvada",
        "City": "Visakhapatnam",
        "Postcode": "530046",
        "State": "Andhra Pradesh",
        "Source": "OpenStreetMap",
        "DataStatus": "REAL_PUBLIC_DATA",
        "HeightStatus": "DEMO_ILLUSTRATIVE_HEIGHT"
      },
      "geometry": {
        "type": "Polygon",
        "coordinates": [
          [
            [
              83.1585538,
              17.6995797
            ],
            [
              83.1584526,
              17.6993433
            ],
            [
              83.1582497,
              17.6994222
            ],
            [
              83.158351,
              17.6996585
            ],
            [
              83.1585538,
              17.6995797
            ]
          ]
        ]
      }
    },
    {
      "type": "Feature",
      "id": "B290",
      "properties": {
        "Building_ID": "B290",
        "Parcel_ID": "LP290",
        "Osm_ID": 1355591023,
        "Name": "Duvvada Building B290",
        "Building_Type": "Apartment",
        "Latitude": 17.699362,
        "Longitude": 83.157861,
        "Area_sq_m": 188.5,
        "Floors": 5,
        "HasRealLevels": false,
        "RealFloors": null,
        "Height_m": 16,
        "HasRealHeight": false,
        "RealHeight": null,
        "Street": "Kurmannapalem Road / Duvvada",
        "City": "Visakhapatnam",
        "Postcode": "530046",
        "State": "Andhra Pradesh",
        "Source": "OpenStreetMap",
        "DataStatus": "REAL_PUBLIC_DATA",
        "HeightStatus": "DEMO_ILLUSTRATIVE_HEIGHT"
      },
      "geometry": {
        "type": "Polygon",
        "coordinates": [
          [
            [
              83.1577626,
              17.699344
            ],
            [
              83.1577986,
              17.699436
            ],
            [
              83.1579588,
              17.6993792
            ],
            [
              83.1579228,
              17.6992871
            ],
            [
              83.1577626,
              17.699344
            ]
          ]
        ]
      }
    },
    {
      "type": "Feature",
      "id": "B291",
      "properties": {
        "Building_ID": "B291",
        "Parcel_ID": "LP291",
        "Osm_ID": 1355591024,
        "Name": "Duvvada Building B291",
        "Building_Type": "Commercial",
        "Latitude": 17.69896,
        "Longitude": 83.158211,
        "Area_sq_m": 593.7,
        "Floors": 4,
        "HasRealLevels": false,
        "RealFloors": null,
        "Height_m": 12.8,
        "HasRealHeight": false,
        "RealHeight": null,
        "Street": "Kurmannapalem Road / Duvvada",
        "City": "Visakhapatnam",
        "Postcode": "530046",
        "State": "Andhra Pradesh",
        "Source": "OpenStreetMap",
        "DataStatus": "REAL_PUBLIC_DATA",
        "HeightStatus": "DEMO_ILLUSTRATIVE_HEIGHT"
      },
      "geometry": {
        "type": "Polygon",
        "coordinates": [
          [
            [
              83.1583761,
              17.699006
            ],
            [
              83.1583131,
              17.6988286
            ],
            [
              83.1580456,
              17.6989148
            ],
            [
              83.1581086,
              17.6990923
            ],
            [
              83.1583761,
              17.699006
            ]
          ]
        ]
      }
    },
    {
      "type": "Feature",
      "id": "B292",
      "properties": {
        "Building_ID": "B292",
        "Parcel_ID": "LP292",
        "Osm_ID": 1355591025,
        "Name": "Duvvada Building B292",
        "Building_Type": "Apartment",
        "Latitude": 17.704208,
        "Longitude": 83.160709,
        "Area_sq_m": 228,
        "Floors": 5,
        "HasRealLevels": false,
        "RealFloors": null,
        "Height_m": 16,
        "HasRealHeight": false,
        "RealHeight": null,
        "Street": "Kurmannapalem Road / Duvvada",
        "City": "Visakhapatnam",
        "Postcode": "530046",
        "State": "Andhra Pradesh",
        "Source": "OpenStreetMap",
        "DataStatus": "REAL_PUBLIC_DATA",
        "HeightStatus": "DEMO_ILLUSTRATIVE_HEIGHT"
      },
      "geometry": {
        "type": "Polygon",
        "coordinates": [
          [
            [
              83.1606091,
              17.7042378
            ],
            [
              83.1607632,
              17.7042932
            ],
            [
              83.1608089,
              17.7041778
            ],
            [
              83.1606548,
              17.7041224
            ],
            [
              83.1606091,
              17.7042378
            ]
          ]
        ]
      }
    },
    {
      "type": "Feature",
      "id": "B293",
      "properties": {
        "Building_ID": "B293",
        "Parcel_ID": "LP293",
        "Osm_ID": 1355591026,
        "Name": "Duvvada Building B293",
        "Building_Type": "Apartment",
        "Latitude": 17.704126,
        "Longitude": 83.160152,
        "Area_sq_m": 339,
        "Floors": 5,
        "HasRealLevels": false,
        "RealFloors": null,
        "Height_m": 16,
        "HasRealHeight": false,
        "RealHeight": null,
        "Street": "Kurmannapalem Road / Duvvada",
        "City": "Visakhapatnam",
        "Postcode": "530046",
        "State": "Andhra Pradesh",
        "Source": "OpenStreetMap",
        "DataStatus": "REAL_PUBLIC_DATA",
        "HeightStatus": "DEMO_ILLUSTRATIVE_HEIGHT"
      },
      "geometry": {
        "type": "Polygon",
        "coordinates": [
          [
            [
              83.160255,
              17.7040251
            ],
            [
              83.1601457,
              17.7039858
            ],
            [
              83.1600498,
              17.7042276
            ],
            [
              83.1601592,
              17.7042669
            ],
            [
              83.160255,
              17.7040251
            ]
          ]
        ]
      }
    },
    {
      "type": "Feature",
      "id": "B294",
      "properties": {
        "Building_ID": "B294",
        "Parcel_ID": "LP294",
        "Osm_ID": 1355591027,
        "Name": "Duvvada Building B294",
        "Building_Type": "Apartment",
        "Latitude": 17.703762,
        "Longitude": 83.1603,
        "Area_sq_m": 230.6,
        "Floors": 5,
        "HasRealLevels": false,
        "RealFloors": null,
        "Height_m": 16,
        "HasRealHeight": false,
        "RealHeight": null,
        "Street": "Kurmannapalem Road / Duvvada",
        "City": "Visakhapatnam",
        "Postcode": "530046",
        "State": "Andhra Pradesh",
        "Source": "OpenStreetMap",
        "DataStatus": "REAL_PUBLIC_DATA",
        "HeightStatus": "DEMO_ILLUSTRATIVE_HEIGHT"
      },
      "geometry": {
        "type": "Polygon",
        "coordinates": [
          [
            [
              83.1603251,
              17.7038619
            ],
            [
              83.1603881,
              17.7037028
            ],
            [
              83.1602751,
              17.7036622
            ],
            [
              83.160212,
              17.7038212
            ],
            [
              83.1603251,
              17.7038619
            ]
          ]
        ]
      }
    },
    {
      "type": "Feature",
      "id": "B295",
      "properties": {
        "Building_ID": "B295",
        "Parcel_ID": "LP295",
        "Osm_ID": 1355591028,
        "Name": "Duvvada Building B295",
        "Building_Type": "Apartment",
        "Latitude": 17.703261,
        "Longitude": 83.160652,
        "Area_sq_m": 214.3,
        "Floors": 5,
        "HasRealLevels": false,
        "RealFloors": null,
        "Height_m": 16,
        "HasRealHeight": false,
        "RealHeight": null,
        "Street": "Kurmannapalem Road / Duvvada",
        "City": "Visakhapatnam",
        "Postcode": "530046",
        "State": "Andhra Pradesh",
        "Source": "OpenStreetMap",
        "DataStatus": "REAL_PUBLIC_DATA",
        "HeightStatus": "DEMO_ILLUSTRATIVE_HEIGHT"
      },
      "geometry": {
        "type": "Polygon",
        "coordinates": [
          [
            [
              83.1607164,
              17.7033403
            ],
            [
              83.1607539,
              17.7032375
            ],
            [
              83.1605883,
              17.7031826
            ],
            [
              83.1605507,
              17.7032854
            ],
            [
              83.1607164,
              17.7033403
            ]
          ]
        ]
      }
    },
    {
      "type": "Feature",
      "id": "B296",
      "properties": {
        "Building_ID": "B296",
        "Parcel_ID": "LP296",
        "Osm_ID": 1355591029,
        "Name": "Duvvada Building B296",
        "Building_Type": "Apartment",
        "Latitude": 17.7026,
        "Longitude": 83.161452,
        "Area_sq_m": 362.5,
        "Floors": 5,
        "HasRealLevels": false,
        "RealFloors": null,
        "Height_m": 16,
        "HasRealHeight": false,
        "RealHeight": null,
        "Street": "Kurmannapalem Road / Duvvada",
        "City": "Visakhapatnam",
        "Postcode": "530046",
        "State": "Andhra Pradesh",
        "Source": "OpenStreetMap",
        "DataStatus": "REAL_PUBLIC_DATA",
        "HeightStatus": "DEMO_ILLUSTRATIVE_HEIGHT"
      },
      "geometry": {
        "type": "Polygon",
        "coordinates": [
          [
            [
              83.1614419,
              17.7027239
            ],
            [
              83.1615821,
              17.7025942
            ],
            [
              83.1614612,
              17.7024757
            ],
            [
              83.161321,
              17.7026053
            ],
            [
              83.1614419,
              17.7027239
            ]
          ]
        ]
      }
    },
    {
      "type": "Feature",
      "id": "B297",
      "properties": {
        "Building_ID": "B297",
        "Parcel_ID": "LP297",
        "Osm_ID": 1355591030,
        "Name": "Duvvada Building B297",
        "Building_Type": "Apartment",
        "Latitude": 17.70169,
        "Longitude": 83.160665,
        "Area_sq_m": 395.3,
        "Floors": 5,
        "HasRealLevels": false,
        "RealFloors": null,
        "Height_m": 16,
        "HasRealHeight": false,
        "RealHeight": null,
        "Street": "Kurmannapalem Road / Duvvada",
        "City": "Visakhapatnam",
        "Postcode": "530046",
        "State": "Andhra Pradesh",
        "Source": "OpenStreetMap",
        "DataStatus": "REAL_PUBLIC_DATA",
        "HeightStatus": "DEMO_ILLUSTRATIVE_HEIGHT"
      },
      "geometry": {
        "type": "Polygon",
        "coordinates": [
          [
            [
              83.1606855,
              17.7018302
            ],
            [
              83.1607774,
              17.701597
            ],
            [
              83.160645,
              17.7015497
            ],
            [
              83.1605531,
              17.7017829
            ],
            [
              83.1606855,
              17.7018302
            ]
          ]
        ]
      }
    },
    {
      "type": "Feature",
      "id": "B298",
      "properties": {
        "Building_ID": "B298",
        "Parcel_ID": "LP298",
        "Osm_ID": 1355591031,
        "Name": "Duvvada Building B298",
        "Building_Type": "Independent House",
        "Latitude": 17.69802,
        "Longitude": 83.164013,
        "Area_sq_m": 160,
        "Floors": 2,
        "HasRealLevels": false,
        "RealFloors": null,
        "Height_m": 6.4,
        "HasRealHeight": false,
        "RealHeight": null,
        "Street": "Kurmannapalem Road / Duvvada",
        "City": "Visakhapatnam",
        "Postcode": "530046",
        "State": "Andhra Pradesh",
        "Source": "OpenStreetMap",
        "DataStatus": "REAL_PUBLIC_DATA",
        "HeightStatus": "DEMO_ILLUSTRATIVE_HEIGHT"
      },
      "geometry": {
        "type": "Polygon",
        "coordinates": [
          [
            [
              83.1639605,
              17.6980874
            ],
            [
              83.1640946,
              17.698051
            ],
            [
              83.1640652,
              17.6979527
            ],
            [
              83.1639311,
              17.6979891
            ],
            [
              83.1639605,
              17.6980874
            ]
          ]
        ]
      }
    },
    {
      "type": "Feature",
      "id": "B299",
      "properties": {
        "Building_ID": "B299",
        "Parcel_ID": "LP299",
        "Osm_ID": 1355591032,
        "Name": "Duvvada Building B299",
        "Building_Type": "Independent House",
        "Latitude": 17.698253,
        "Longitude": 83.16438,
        "Area_sq_m": 176.9,
        "Floors": 2,
        "HasRealLevels": false,
        "RealFloors": null,
        "Height_m": 6.4,
        "HasRealHeight": false,
        "RealHeight": null,
        "Street": "Kurmannapalem Road / Duvvada",
        "City": "Visakhapatnam",
        "Postcode": "530046",
        "State": "Andhra Pradesh",
        "Source": "OpenStreetMap",
        "DataStatus": "REAL_PUBLIC_DATA",
        "HeightStatus": "DEMO_ILLUSTRATIVE_HEIGHT"
      },
      "geometry": {
        "type": "Polygon",
        "coordinates": [
          [
            [
              83.1643186,
              17.6983225
            ],
            [
              83.1644718,
              17.698276
            ],
            [
              83.1644406,
              17.6981826
            ],
            [
              83.1642874,
              17.6982291
            ],
            [
              83.1643186,
              17.6983225
            ]
          ]
        ]
      }
    },
    {
      "type": "Feature",
      "id": "B300",
      "properties": {
        "Building_ID": "B300",
        "Parcel_ID": "LP300",
        "Osm_ID": 1355591033,
        "Name": "Duvvada Building B300",
        "Building_Type": "Independent House",
        "Latitude": 17.698149,
        "Longitude": 83.164341,
        "Area_sq_m": 176.7,
        "Floors": 2,
        "HasRealLevels": false,
        "RealFloors": null,
        "Height_m": 6.4,
        "HasRealHeight": false,
        "RealHeight": null,
        "Street": "Kurmannapalem Road / Duvvada",
        "City": "Visakhapatnam",
        "Postcode": "530046",
        "State": "Andhra Pradesh",
        "Source": "OpenStreetMap",
        "DataStatus": "REAL_PUBLIC_DATA",
        "HeightStatus": "DEMO_ILLUSTRATIVE_HEIGHT"
      },
      "geometry": {
        "type": "Polygon",
        "coordinates": [
          [
            [
              83.1644339,
              17.6981717
            ],
            [
              83.1644029,
              17.698079
            ],
            [
              83.1642488,
              17.6981257
            ],
            [
              83.1642798,
              17.6982185
            ],
            [
              83.1644339,
              17.6981717
            ]
          ]
        ]
      }
    },
    {
      "type": "Feature",
      "id": "B301",
      "properties": {
        "Building_ID": "B301",
        "Parcel_ID": "LP301",
        "Osm_ID": 1355591034,
        "Name": "Duvvada Building B301",
        "Building_Type": "Independent House",
        "Latitude": 17.698174,
        "Longitude": 83.16455,
        "Area_sq_m": 145.6,
        "Floors": 2,
        "HasRealLevels": false,
        "RealFloors": null,
        "Height_m": 6.4,
        "HasRealHeight": false,
        "RealHeight": null,
        "Street": "Kurmannapalem Road / Duvvada",
        "City": "Visakhapatnam",
        "Postcode": "530046",
        "State": "Andhra Pradesh",
        "Source": "OpenStreetMap",
        "DataStatus": "REAL_PUBLIC_DATA",
        "HeightStatus": "DEMO_ILLUSTRATIVE_HEIGHT"
      },
      "geometry": {
        "type": "Polygon",
        "coordinates": [
          [
            [
              83.1644621,
              17.698157
            ],
            [
              83.1644884,
              17.6982358
            ],
            [
              83.1646379,
              17.6981905
            ],
            [
              83.1646116,
              17.6981117
            ],
            [
              83.1644621,
              17.698157
            ]
          ]
        ]
      }
    },
    {
      "type": "Feature",
      "id": "B302",
      "properties": {
        "Building_ID": "B302",
        "Parcel_ID": "LP302",
        "Osm_ID": 1355591035,
        "Name": "Duvvada Building B302",
        "Building_Type": "Apartment",
        "Latitude": 17.698343,
        "Longitude": 83.164609,
        "Area_sq_m": 235,
        "Floors": 5,
        "HasRealLevels": false,
        "RealFloors": null,
        "Height_m": 16,
        "HasRealHeight": false,
        "RealHeight": null,
        "Street": "Kurmannapalem Road / Duvvada",
        "City": "Visakhapatnam",
        "Postcode": "530046",
        "State": "Andhra Pradesh",
        "Source": "OpenStreetMap",
        "DataStatus": "REAL_PUBLIC_DATA",
        "HeightStatus": "DEMO_ILLUSTRATIVE_HEIGHT"
      },
      "geometry": {
        "type": "Polygon",
        "coordinates": [
          [
            [
              83.164566,
              17.6984343
            ],
            [
              83.1647006,
              17.6983923
            ],
            [
              83.1646523,
              17.6982518
            ],
            [
              83.1645177,
              17.6982938
            ],
            [
              83.164566,
              17.6984343
            ]
          ]
        ]
      }
    },
    {
      "type": "Feature",
      "id": "B303",
      "properties": {
        "Building_ID": "B303",
        "Parcel_ID": "LP303",
        "Osm_ID": 1355591036,
        "Name": "Duvvada Building B303",
        "Building_Type": "Commercial",
        "Latitude": 17.698689,
        "Longitude": 83.164538,
        "Area_sq_m": 405.3,
        "Floors": 4,
        "HasRealLevels": false,
        "RealFloors": null,
        "Height_m": 12.8,
        "HasRealHeight": false,
        "RealHeight": null,
        "Street": "Kurmannapalem Road / Duvvada",
        "City": "Visakhapatnam",
        "Postcode": "530046",
        "State": "Andhra Pradesh",
        "Source": "OpenStreetMap",
        "DataStatus": "REAL_PUBLIC_DATA",
        "HeightStatus": "DEMO_ILLUSTRATIVE_HEIGHT"
      },
      "geometry": {
        "type": "Polygon",
        "coordinates": [
          [
            [
              83.1646458,
              17.6988125
            ],
            [
              83.1645432,
              17.6985288
            ],
            [
              83.1644294,
              17.6985662
            ],
            [
              83.164532,
              17.6988498
            ],
            [
              83.1646458,
              17.6988125
            ]
          ]
        ]
      }
    },
    {
      "type": "Feature",
      "id": "B304",
      "properties": {
        "Building_ID": "B304",
        "Parcel_ID": "LP304",
        "Osm_ID": 1355591037,
        "Name": "Duvvada Building B304",
        "Building_Type": "Apartment",
        "Latitude": 17.698404,
        "Longitude": 83.165074,
        "Area_sq_m": 340.3,
        "Floors": 5,
        "HasRealLevels": false,
        "RealFloors": null,
        "Height_m": 16,
        "HasRealHeight": false,
        "RealHeight": null,
        "Street": "Kurmannapalem Road / Duvvada",
        "City": "Visakhapatnam",
        "Postcode": "530046",
        "State": "Andhra Pradesh",
        "Source": "OpenStreetMap",
        "DataStatus": "REAL_PUBLIC_DATA",
        "HeightStatus": "DEMO_ILLUSTRATIVE_HEIGHT"
      },
      "geometry": {
        "type": "Polygon",
        "coordinates": [
          [
            [
              83.1651467,
              17.698304
            ],
            [
              83.1649535,
              17.6983618
            ],
            [
              83.1650005,
              17.6985046
            ],
            [
              83.1651938,
              17.6984468
            ],
            [
              83.1651467,
              17.698304
            ]
          ]
        ]
      }
    },
    {
      "type": "Feature",
      "id": "B305",
      "properties": {
        "Building_ID": "B305",
        "Parcel_ID": "LP305",
        "Osm_ID": 1355591038,
        "Name": "Duvvada Building B305",
        "Building_Type": "Apartment",
        "Latitude": 17.698167,
        "Longitude": 83.164971,
        "Area_sq_m": 343.8,
        "Floors": 5,
        "HasRealLevels": false,
        "RealFloors": null,
        "Height_m": 16,
        "HasRealHeight": false,
        "RealHeight": null,
        "Street": "Kurmannapalem Road / Duvvada",
        "City": "Visakhapatnam",
        "Postcode": "530046",
        "State": "Andhra Pradesh",
        "Source": "OpenStreetMap",
        "DataStatus": "REAL_PUBLIC_DATA",
        "HeightStatus": "DEMO_ILLUSTRATIVE_HEIGHT"
      },
      "geometry": {
        "type": "Polygon",
        "coordinates": [
          [
            [
              83.1649288,
              17.6983072
            ],
            [
              83.1650883,
              17.6982595
            ],
            [
              83.1650384,
              17.698108
            ],
            [
              83.1649598,
              17.6981315
            ],
            [
              83.1649446,
              17.6980856
            ],
            [
              83.1648637,
              17.6981098
            ],
            [
              83.1649288,
              17.6983072
            ]
          ]
        ]
      }
    },
    {
      "type": "Feature",
      "id": "B306",
      "properties": {
        "Building_ID": "B306",
        "Parcel_ID": "LP306",
        "Osm_ID": 1355591039,
        "Name": "Duvvada Building B306",
        "Building_Type": "Apartment",
        "Latitude": 17.698198,
        "Longitude": 83.164093,
        "Area_sq_m": 197.6,
        "Floors": 5,
        "HasRealLevels": false,
        "RealFloors": null,
        "Height_m": 16,
        "HasRealHeight": false,
        "RealHeight": null,
        "Street": "Kurmannapalem Road / Duvvada",
        "City": "Visakhapatnam",
        "Postcode": "530046",
        "State": "Andhra Pradesh",
        "Source": "OpenStreetMap",
        "DataStatus": "REAL_PUBLIC_DATA",
        "HeightStatus": "DEMO_ILLUSTRATIVE_HEIGHT"
      },
      "geometry": {
        "type": "Polygon",
        "coordinates": [
          [
            [
              83.1640544,
              17.6982823
            ],
            [
              83.1641764,
              17.6982433
            ],
            [
              83.1641308,
              17.6981136
            ],
            [
              83.1640088,
              17.6981526
            ],
            [
              83.1640544,
              17.6982823
            ]
          ]
        ]
      }
    },
    {
      "type": "Feature",
      "id": "B307",
      "properties": {
        "Building_ID": "B307",
        "Parcel_ID": "LP307",
        "Osm_ID": 1355591040,
        "Name": "Duvvada Building B307",
        "Building_Type": "Independent House",
        "Latitude": 17.696481,
        "Longitude": 83.163412,
        "Area_sq_m": 174.4,
        "Floors": 2,
        "HasRealLevels": false,
        "RealFloors": null,
        "Height_m": 6.4,
        "HasRealHeight": false,
        "RealHeight": null,
        "Street": "Kurmannapalem Road / Duvvada",
        "City": "Visakhapatnam",
        "Postcode": "530046",
        "State": "Andhra Pradesh",
        "Source": "OpenStreetMap",
        "DataStatus": "REAL_PUBLIC_DATA",
        "HeightStatus": "DEMO_ILLUSTRATIVE_HEIGHT"
      },
      "geometry": {
        "type": "Polygon",
        "coordinates": [
          [
            [
              83.16341,
              17.6965715
            ],
            [
              83.1634974,
              17.6965213
            ],
            [
              83.163415,
              17.6963909
            ],
            [
              83.1633275,
              17.6964412
            ],
            [
              83.16341,
              17.6965715
            ]
          ]
        ]
      }
    },
    {
      "type": "Feature",
      "id": "B308",
      "properties": {
        "Building_ID": "B308",
        "Parcel_ID": "LP308",
        "Osm_ID": 1355591041,
        "Name": "Duvvada Building B308",
        "Building_Type": "Commercial",
        "Latitude": 17.696753,
        "Longitude": 83.162893,
        "Area_sq_m": 423.5,
        "Floors": 4,
        "HasRealLevels": false,
        "RealFloors": null,
        "Height_m": 12.8,
        "HasRealHeight": false,
        "RealHeight": null,
        "Street": "Kurmannapalem Road / Duvvada",
        "City": "Visakhapatnam",
        "Postcode": "530046",
        "State": "Andhra Pradesh",
        "Source": "OpenStreetMap",
        "DataStatus": "REAL_PUBLIC_DATA",
        "HeightStatus": "DEMO_ILLUSTRATIVE_HEIGHT"
      },
      "geometry": {
        "type": "Polygon",
        "coordinates": [
          [
            [
              83.1629674,
              17.6966335
            ],
            [
              83.1627488,
              17.6967306
            ],
            [
              83.1628182,
              17.6968724
            ],
            [
              83.1630368,
              17.6967753
            ],
            [
              83.1629674,
              17.6966335
            ]
          ]
        ]
      }
    },
    {
      "type": "Feature",
      "id": "B309",
      "properties": {
        "Building_ID": "B309",
        "Parcel_ID": "LP309",
        "Osm_ID": 1355591042,
        "Name": "Duvvada Building B309",
        "Building_Type": "Apartment",
        "Latitude": 17.697115,
        "Longitude": 83.161976,
        "Area_sq_m": 273.5,
        "Floors": 5,
        "HasRealLevels": false,
        "RealFloors": null,
        "Height_m": 16,
        "HasRealHeight": false,
        "RealHeight": null,
        "Street": "Kurmannapalem Road / Duvvada",
        "City": "Visakhapatnam",
        "Postcode": "530046",
        "State": "Andhra Pradesh",
        "Source": "OpenStreetMap",
        "DataStatus": "REAL_PUBLIC_DATA",
        "HeightStatus": "DEMO_ILLUSTRATIVE_HEIGHT"
      },
      "geometry": {
        "type": "Polygon",
        "coordinates": [
          [
            [
              83.1619374,
              17.6969593
            ],
            [
              83.1618674,
              17.6969932
            ],
            [
              83.162015,
              17.6972698
            ],
            [
              83.162085,
              17.6972359
            ],
            [
              83.1619374,
              17.6969593
            ]
          ]
        ]
      }
    },
    {
      "type": "Feature",
      "id": "B310",
      "properties": {
        "Building_ID": "B310",
        "Parcel_ID": "LP310",
        "Osm_ID": 1355591043,
        "Name": "Duvvada Building B310",
        "Building_Type": "Apartment",
        "Latitude": 17.700461,
        "Longitude": 83.163899,
        "Area_sq_m": 261.5,
        "Floors": 5,
        "HasRealLevels": false,
        "RealFloors": null,
        "Height_m": 16,
        "HasRealHeight": false,
        "RealHeight": null,
        "Street": "Kurmannapalem Road / Duvvada",
        "City": "Visakhapatnam",
        "Postcode": "530046",
        "State": "Andhra Pradesh",
        "Source": "OpenStreetMap",
        "DataStatus": "REAL_PUBLIC_DATA",
        "HeightStatus": "DEMO_ILLUSTRATIVE_HEIGHT"
      },
      "geometry": {
        "type": "Polygon",
        "coordinates": [
          [
            [
              83.1638834,
              17.7003558
            ],
            [
              83.1637877,
              17.7004537
            ],
            [
              83.1639151,
              17.7005668
            ],
            [
              83.1640108,
              17.7004689
            ],
            [
              83.1638834,
              17.7003558
            ]
          ]
        ]
      }
    },
    {
      "type": "Feature",
      "id": "B311",
      "properties": {
        "Building_ID": "B311",
        "Parcel_ID": "LP311",
        "Osm_ID": 1355591044,
        "Name": "Duvvada Building B311",
        "Building_Type": "Commercial",
        "Latitude": 17.700938,
        "Longitude": 83.163616,
        "Area_sq_m": 455.1,
        "Floors": 4,
        "HasRealLevels": false,
        "RealFloors": null,
        "Height_m": 12.8,
        "HasRealHeight": false,
        "RealHeight": null,
        "Street": "Kurmannapalem Road / Duvvada",
        "City": "Visakhapatnam",
        "Postcode": "530046",
        "State": "Andhra Pradesh",
        "Source": "OpenStreetMap",
        "DataStatus": "REAL_PUBLIC_DATA",
        "HeightStatus": "DEMO_ILLUSTRATIVE_HEIGHT"
      },
      "geometry": {
        "type": "Polygon",
        "coordinates": [
          [
            [
              83.1636051,
              17.7010777
            ],
            [
              83.163762,
              17.7009257
            ],
            [
              83.1636264,
              17.7007986
            ],
            [
              83.1634695,
              17.7009507
            ],
            [
              83.1636051,
              17.7010777
            ]
          ]
        ]
      }
    },
    {
      "type": "Feature",
      "id": "B312",
      "properties": {
        "Building_ID": "B312",
        "Parcel_ID": "LP312",
        "Osm_ID": 1355591045,
        "Name": "Duvvada Building B312",
        "Building_Type": "Apartment",
        "Latitude": 17.701485,
        "Longitude": 83.163056,
        "Area_sq_m": 198.5,
        "Floors": 5,
        "HasRealLevels": false,
        "RealFloors": null,
        "Height_m": 16,
        "HasRealHeight": false,
        "RealHeight": null,
        "Street": "Kurmannapalem Road / Duvvada",
        "City": "Visakhapatnam",
        "Postcode": "530046",
        "State": "Andhra Pradesh",
        "Source": "OpenStreetMap",
        "DataStatus": "REAL_PUBLIC_DATA",
        "HeightStatus": "DEMO_ILLUSTRATIVE_HEIGHT"
      },
      "geometry": {
        "type": "Polygon",
        "coordinates": [
          [
            [
              83.1630291,
              17.7013914
            ],
            [
              83.162956,
              17.7014654
            ],
            [
              83.1630828,
              17.7015791
            ],
            [
              83.1631558,
              17.7015051
            ],
            [
              83.1630291,
              17.7013914
            ]
          ]
        ]
      }
    },
    {
      "type": "Feature",
      "id": "B313",
      "properties": {
        "Building_ID": "B313",
        "Parcel_ID": "LP313",
        "Osm_ID": 1355591046,
        "Name": "Duvvada Building B313",
        "Building_Type": "Apartment",
        "Latitude": 17.701372,
        "Longitude": 83.163163,
        "Area_sq_m": 198.5,
        "Floors": 5,
        "HasRealLevels": false,
        "RealFloors": null,
        "Height_m": 16,
        "HasRealHeight": false,
        "RealHeight": null,
        "Street": "Kurmannapalem Road / Duvvada",
        "City": "Visakhapatnam",
        "Postcode": "530046",
        "State": "Andhra Pradesh",
        "Source": "OpenStreetMap",
        "DataStatus": "REAL_PUBLIC_DATA",
        "HeightStatus": "DEMO_ILLUSTRATIVE_HEIGHT"
      },
      "geometry": {
        "type": "Polygon",
        "coordinates": [
          [
            [
              83.1631357,
              17.7012783
            ],
            [
              83.1630626,
              17.7013522
            ],
            [
              83.1631894,
              17.7014659
            ],
            [
              83.1632625,
              17.701392
            ],
            [
              83.1631357,
              17.7012783
            ]
          ]
        ]
      }
    },
    {
      "type": "Feature",
      "id": "B314",
      "properties": {
        "Building_ID": "B314",
        "Parcel_ID": "LP314",
        "Osm_ID": 1355591061,
        "Name": "Duvvada Building B314",
        "Building_Type": "Apartment",
        "Latitude": 17.699425,
        "Longitude": 83.164949,
        "Area_sq_m": 353.9,
        "Floors": 5,
        "HasRealLevels": false,
        "RealFloors": null,
        "Height_m": 16,
        "HasRealHeight": false,
        "RealHeight": null,
        "Street": "Kurmannapalem Road / Duvvada",
        "City": "Visakhapatnam",
        "Postcode": "530046",
        "State": "Andhra Pradesh",
        "Source": "OpenStreetMap",
        "DataStatus": "REAL_PUBLIC_DATA",
        "HeightStatus": "DEMO_ILLUSTRATIVE_HEIGHT"
      },
      "geometry": {
        "type": "Polygon",
        "coordinates": [
          [
            [
              83.1648959,
              17.6995369
            ],
            [
              83.1650694,
              17.6994681
            ],
            [
              83.1650017,
              17.6993132
            ],
            [
              83.1648282,
              17.699382
            ],
            [
              83.1648959,
              17.6995369
            ]
          ]
        ]
      }
    },
    {
      "type": "Feature",
      "id": "B315",
      "properties": {
        "Building_ID": "B315",
        "Parcel_ID": "LP315",
        "Osm_ID": 1355591062,
        "Name": "Duvvada Building B315",
        "Building_Type": "Apartment",
        "Latitude": 17.69964,
        "Longitude": 83.165033,
        "Area_sq_m": 377.5,
        "Floors": 5,
        "HasRealLevels": false,
        "RealFloors": null,
        "Height_m": 16,
        "HasRealHeight": false,
        "RealHeight": null,
        "Street": "Kurmannapalem Road / Duvvada",
        "City": "Visakhapatnam",
        "Postcode": "530046",
        "State": "Andhra Pradesh",
        "Source": "OpenStreetMap",
        "DataStatus": "REAL_PUBLIC_DATA",
        "HeightStatus": "DEMO_ILLUSTRATIVE_HEIGHT"
      },
      "geometry": {
        "type": "Polygon",
        "coordinates": [
          [
            [
              83.1649818,
              17.6997566
            ],
            [
              83.1651557,
              17.6996876
            ],
            [
              83.1650837,
              17.6995228
            ],
            [
              83.1649097,
              17.6995918
            ],
            [
              83.1649818,
              17.6997566
            ]
          ]
        ]
      }
    },
    {
      "type": "Feature",
      "id": "B316",
      "properties": {
        "Building_ID": "B316",
        "Parcel_ID": "LP316",
        "Osm_ID": 1355591063,
        "Name": "Duvvada Building B316",
        "Building_Type": "Commercial",
        "Latitude": 17.69966,
        "Longitude": 83.164731,
        "Area_sq_m": 1244.5,
        "Floors": 4,
        "HasRealLevels": false,
        "RealFloors": null,
        "Height_m": 12.8,
        "HasRealHeight": false,
        "RealHeight": null,
        "Street": "Kurmannapalem Road / Duvvada",
        "City": "Visakhapatnam",
        "Postcode": "530046",
        "State": "Andhra Pradesh",
        "Source": "OpenStreetMap",
        "DataStatus": "REAL_PUBLIC_DATA",
        "HeightStatus": "DEMO_ILLUSTRATIVE_HEIGHT"
      },
      "geometry": {
        "type": "Polygon",
        "coordinates": [
          [
            [
              83.1649362,
              17.6998167
            ],
            [
              83.1647591,
              17.6994117
            ],
            [
              83.1645258,
              17.6995042
            ],
            [
              83.1647028,
              17.6999092
            ],
            [
              83.1649362,
              17.6998167
            ]
          ]
        ]
      }
    },
    {
      "type": "Feature",
      "id": "B317",
      "properties": {
        "Building_ID": "B317",
        "Parcel_ID": "LP317",
        "Osm_ID": 1355591074,
        "Name": "Duvvada Building B317",
        "Building_Type": "Apartment",
        "Latitude": 17.708894,
        "Longitude": 83.157548,
        "Area_sq_m": 357.2,
        "Floors": 5,
        "HasRealLevels": false,
        "RealFloors": null,
        "Height_m": 16,
        "HasRealHeight": false,
        "RealHeight": null,
        "Street": "Kurmannapalem Road / Duvvada",
        "City": "Visakhapatnam",
        "Postcode": "530046",
        "State": "Andhra Pradesh",
        "Source": "OpenStreetMap",
        "DataStatus": "REAL_PUBLIC_DATA",
        "HeightStatus": "DEMO_ILLUSTRATIVE_HEIGHT"
      },
      "geometry": {
        "type": "Polygon",
        "coordinates": [
          [
            [
              83.1574085,
              17.7090013
            ],
            [
              83.1577257,
              17.7088713
            ],
            [
              83.1576875,
              17.7087866
            ],
            [
              83.1573703,
              17.7089166
            ],
            [
              83.1574085,
              17.7090013
            ]
          ]
        ]
      }
    },
    {
      "type": "Feature",
      "id": "B318",
      "properties": {
        "Building_ID": "B318",
        "Parcel_ID": "LP318",
        "Osm_ID": 1355591075,
        "Name": "Duvvada Building B318",
        "Building_Type": "Apartment",
        "Latitude": 17.709186,
        "Longitude": 83.157566,
        "Area_sq_m": 205.5,
        "Floors": 5,
        "HasRealLevels": false,
        "RealFloors": null,
        "Height_m": 16,
        "HasRealHeight": false,
        "RealHeight": null,
        "Street": "Kurmannapalem Road / Duvvada",
        "City": "Visakhapatnam",
        "Postcode": "530046",
        "State": "Andhra Pradesh",
        "Source": "OpenStreetMap",
        "DataStatus": "REAL_PUBLIC_DATA",
        "HeightStatus": "DEMO_ILLUSTRATIVE_HEIGHT"
      },
      "geometry": {
        "type": "Polygon",
        "coordinates": [
          [
            [
              83.1575996,
              17.7090977
            ],
            [
              83.1574761,
              17.7091483
            ],
            [
              83.1575326,
              17.7092734
            ],
            [
              83.1576561,
              17.7092228
            ],
            [
              83.1575996,
              17.7090977
            ]
          ]
        ]
      }
    },
    {
      "type": "Feature",
      "id": "B319",
      "properties": {
        "Building_ID": "B319",
        "Parcel_ID": "LP319",
        "Osm_ID": 1355591076,
        "Name": "Duvvada Building B319",
        "Building_Type": "Apartment",
        "Latitude": 17.709108,
        "Longitude": 83.157758,
        "Area_sq_m": 242.4,
        "Floors": 5,
        "HasRealLevels": false,
        "RealFloors": null,
        "Height_m": 16,
        "HasRealHeight": false,
        "RealHeight": null,
        "Street": "Kurmannapalem Road / Duvvada",
        "City": "Visakhapatnam",
        "Postcode": "530046",
        "State": "Andhra Pradesh",
        "Source": "OpenStreetMap",
        "DataStatus": "REAL_PUBLIC_DATA",
        "HeightStatus": "DEMO_ILLUSTRATIVE_HEIGHT"
      },
      "geometry": {
        "type": "Polygon",
        "coordinates": [
          [
            [
              83.1577217,
              17.7092038
            ],
            [
              83.1578556,
              17.7091489
            ],
            [
              83.1577941,
              17.7090128
            ],
            [
              83.1576602,
              17.7090676
            ],
            [
              83.1577217,
              17.7092038
            ]
          ]
        ]
      }
    },
    {
      "type": "Feature",
      "id": "B320",
      "properties": {
        "Building_ID": "B320",
        "Parcel_ID": "LP320",
        "Osm_ID": 1355591077,
        "Name": "Duvvada Building B320",
        "Building_Type": "Apartment",
        "Latitude": 17.709353,
        "Longitude": 83.158253,
        "Area_sq_m": 399.1,
        "Floors": 5,
        "HasRealLevels": false,
        "RealFloors": null,
        "Height_m": 16,
        "HasRealHeight": false,
        "RealHeight": null,
        "Street": "Kurmannapalem Road / Duvvada",
        "City": "Visakhapatnam",
        "Postcode": "530046",
        "State": "Andhra Pradesh",
        "Source": "OpenStreetMap",
        "DataStatus": "REAL_PUBLIC_DATA",
        "HeightStatus": "DEMO_ILLUSTRATIVE_HEIGHT"
      },
      "geometry": {
        "type": "Polygon",
        "coordinates": [
          [
            [
              83.1582501,
              17.7091974
            ],
            [
              83.158137,
              17.7092437
            ],
            [
              83.1582568,
              17.7095091
            ],
            [
              83.1583699,
              17.7094628
            ],
            [
              83.1582501,
              17.7091974
            ]
          ]
        ]
      }
    },
    {
      "type": "Feature",
      "id": "B321",
      "properties": {
        "Building_ID": "B321",
        "Parcel_ID": "LP321",
        "Osm_ID": 1355591078,
        "Name": "Duvvada Building B321",
        "Building_Type": "Commercial",
        "Latitude": 17.709071,
        "Longitude": 83.158041,
        "Area_sq_m": 936.2,
        "Floors": 4,
        "HasRealLevels": false,
        "RealFloors": null,
        "Height_m": 12.8,
        "HasRealHeight": false,
        "RealHeight": null,
        "Street": "Kurmannapalem Road / Duvvada",
        "City": "Visakhapatnam",
        "Postcode": "530046",
        "State": "Andhra Pradesh",
        "Source": "OpenStreetMap",
        "DataStatus": "REAL_PUBLIC_DATA",
        "HeightStatus": "DEMO_ILLUSTRATIVE_HEIGHT"
      },
      "geometry": {
        "type": "Polygon",
        "coordinates": [
          [
            [
              83.1579611,
              17.7092555
            ],
            [
              83.1582366,
              17.7091426
            ],
            [
              83.1581213,
              17.7088871
            ],
            [
              83.1578457,
              17.709
            ],
            [
              83.1579611,
              17.7092555
            ]
          ]
        ]
      }
    },
    {
      "type": "Feature",
      "id": "B322",
      "properties": {
        "Building_ID": "B322",
        "Parcel_ID": "LP322",
        "Osm_ID": 1355591079,
        "Name": "Duvvada Building B322",
        "Building_Type": "Commercial",
        "Latitude": 17.709409,
        "Longitude": 83.15786,
        "Area_sq_m": 3544.8,
        "Floors": 4,
        "HasRealLevels": false,
        "RealFloors": null,
        "Height_m": 12.8,
        "HasRealHeight": false,
        "RealHeight": null,
        "Street": "Kurmannapalem Road / Duvvada",
        "City": "Visakhapatnam",
        "Postcode": "530046",
        "State": "Andhra Pradesh",
        "Source": "OpenStreetMap",
        "DataStatus": "REAL_PUBLIC_DATA",
        "HeightStatus": "DEMO_ILLUSTRATIVE_HEIGHT"
      },
      "geometry": {
        "type": "Polygon",
        "coordinates": [
          [
            [
              83.1576137,
              17.7098234
            ],
            [
              83.1582172,
              17.7095864
            ],
            [
              83.1580687,
              17.7092431
            ],
            [
              83.1579544,
              17.709288
            ],
            [
              83.1578988,
              17.7091596
            ],
            [
              83.1574096,
              17.7093517
            ],
            [
              83.1576137,
              17.7098234
            ]
          ]
        ]
      }
    },
    {
      "type": "Feature",
      "id": "B323",
      "properties": {
        "Building_ID": "B323",
        "Parcel_ID": "LP323",
        "Osm_ID": 1355591080,
        "Name": "Duvvada Building B323",
        "Building_Type": "Commercial",
        "Latitude": 17.709575,
        "Longitude": 83.156644,
        "Area_sq_m": 10983.6,
        "Floors": 4,
        "HasRealLevels": false,
        "RealFloors": null,
        "Height_m": 12.8,
        "HasRealHeight": false,
        "RealHeight": null,
        "Street": "Kurmannapalem Road / Duvvada",
        "City": "Visakhapatnam",
        "Postcode": "530046",
        "State": "Andhra Pradesh",
        "Source": "OpenStreetMap",
        "DataStatus": "REAL_PUBLIC_DATA",
        "HeightStatus": "DEMO_ILLUSTRATIVE_HEIGHT"
      },
      "geometry": {
        "type": "Polygon",
        "coordinates": [
          [
            [
              83.1563812,
              17.7102098
            ],
            [
              83.1573039,
              17.7098419
            ],
            [
              83.1569073,
              17.7089393
            ],
            [
              83.1559846,
              17.7093072
            ],
            [
              83.1563812,
              17.7102098
            ]
          ]
        ]
      }
    },
    {
      "type": "Feature",
      "id": "B324",
      "properties": {
        "Building_ID": "B324",
        "Parcel_ID": "LP324",
        "Osm_ID": 1355591081,
        "Name": "Duvvada Building B324",
        "Building_Type": "Commercial",
        "Latitude": 17.709921,
        "Longitude": 83.154877,
        "Area_sq_m": 1818.9,
        "Floors": 4,
        "HasRealLevels": false,
        "RealFloors": null,
        "Height_m": 12.8,
        "HasRealHeight": false,
        "RealHeight": null,
        "Street": "Kurmannapalem Road / Duvvada",
        "City": "Visakhapatnam",
        "Postcode": "530046",
        "State": "Andhra Pradesh",
        "Source": "OpenStreetMap",
        "DataStatus": "REAL_PUBLIC_DATA",
        "HeightStatus": "DEMO_ILLUSTRATIVE_HEIGHT"
      },
      "geometry": {
        "type": "Polygon",
        "coordinates": [
          [
            [
              83.1547236,
              17.7101651
            ],
            [
              83.1551663,
              17.7099888
            ],
            [
              83.1550295,
              17.7096771
            ],
            [
              83.1545869,
              17.7098534
            ],
            [
              83.1547236,
              17.7101651
            ]
          ]
        ]
      }
    },
    {
      "type": "Feature",
      "id": "B325",
      "properties": {
        "Building_ID": "B325",
        "Parcel_ID": "LP325",
        "Osm_ID": 1355591082,
        "Name": "Duvvada Building B325",
        "Building_Type": "Commercial",
        "Latitude": 17.708326,
        "Longitude": 83.152659,
        "Area_sq_m": 1182.1,
        "Floors": 4,
        "HasRealLevels": false,
        "RealFloors": null,
        "Height_m": 12.8,
        "HasRealHeight": false,
        "RealHeight": null,
        "Street": "Kurmannapalem Road / Duvvada",
        "City": "Visakhapatnam",
        "Postcode": "530046",
        "State": "Andhra Pradesh",
        "Source": "OpenStreetMap",
        "DataStatus": "REAL_PUBLIC_DATA",
        "HeightStatus": "DEMO_ILLUSTRATIVE_HEIGHT"
      },
      "geometry": {
        "type": "Polygon",
        "coordinates": [
          [
            [
              83.152421,
              17.7080712
            ],
            [
              83.1523291,
              17.7081941
            ],
            [
              83.1528977,
              17.7085799
            ],
            [
              83.1529896,
              17.708457
            ],
            [
              83.152421,
              17.7080712
            ]
          ]
        ]
      }
    },
    {
      "type": "Feature",
      "id": "B326",
      "properties": {
        "Building_ID": "B326",
        "Parcel_ID": "LP326",
        "Osm_ID": 1355591083,
        "Name": "Duvvada Building B326",
        "Building_Type": "Commercial",
        "Latitude": 17.708816,
        "Longitude": 83.152171,
        "Area_sq_m": 5539.7,
        "Floors": 4,
        "HasRealLevels": false,
        "RealFloors": null,
        "Height_m": 12.8,
        "HasRealHeight": false,
        "RealHeight": null,
        "Street": "Kurmannapalem Road / Duvvada",
        "City": "Visakhapatnam",
        "Postcode": "530046",
        "State": "Andhra Pradesh",
        "Source": "OpenStreetMap",
        "DataStatus": "REAL_PUBLIC_DATA",
        "HeightStatus": "DEMO_ILLUSTRATIVE_HEIGHT"
      },
      "geometry": {
        "type": "Polygon",
        "coordinates": [
          [
            [
              83.1516498,
              17.7087381
            ],
            [
              83.1522869,
              17.7093066
            ],
            [
              83.1526927,
              17.7088939
            ],
            [
              83.1520557,
              17.7083254
            ],
            [
              83.1516498,
              17.7087381
            ]
          ]
        ]
      }
    },
    {
      "type": "Feature",
      "id": "B327",
      "properties": {
        "Building_ID": "B327",
        "Parcel_ID": "LP327",
        "Osm_ID": 1355591084,
        "Name": "Duvvada Building B327",
        "Building_Type": "Commercial",
        "Latitude": 17.707491,
        "Longitude": 83.151697,
        "Area_sq_m": 5542.1,
        "Floors": 4,
        "HasRealLevels": false,
        "RealFloors": null,
        "Height_m": 12.8,
        "HasRealHeight": false,
        "RealHeight": null,
        "Street": "Kurmannapalem Road / Duvvada",
        "City": "Visakhapatnam",
        "Postcode": "530046",
        "State": "Andhra Pradesh",
        "Source": "OpenStreetMap",
        "DataStatus": "REAL_PUBLIC_DATA",
        "HeightStatus": "DEMO_ILLUSTRATIVE_HEIGHT"
      },
      "geometry": {
        "type": "Polygon",
        "coordinates": [
          [
            [
              83.1515935,
              17.7079843
            ],
            [
              83.1521392,
              17.7077658
            ],
            [
              83.1517999,
              17.7069967
            ],
            [
              83.1512542,
              17.7072152
            ],
            [
              83.1515935,
              17.7079843
            ]
          ]
        ]
      }
    },
    {
      "type": "Feature",
      "id": "B328",
      "properties": {
        "Building_ID": "B328",
        "Parcel_ID": "LP328",
        "Osm_ID": 1355591085,
        "Name": "Duvvada Building B328",
        "Building_Type": "Commercial",
        "Latitude": 17.709851,
        "Longitude": 83.162086,
        "Area_sq_m": 883.6,
        "Floors": 4,
        "HasRealLevels": false,
        "RealFloors": null,
        "Height_m": 12.8,
        "HasRealHeight": false,
        "RealHeight": null,
        "Street": "Kurmannapalem Road / Duvvada",
        "City": "Visakhapatnam",
        "Postcode": "530046",
        "State": "Andhra Pradesh",
        "Source": "OpenStreetMap",
        "DataStatus": "REAL_PUBLIC_DATA",
        "HeightStatus": "DEMO_ILLUSTRATIVE_HEIGHT"
      },
      "geometry": {
        "type": "Polygon",
        "coordinates": [
          [
            [
              83.1619495,
              17.7095659
            ],
            [
              83.1618456,
              17.7096371
            ],
            [
              83.1622224,
              17.7101366
            ],
            [
              83.1623264,
              17.7100655
            ],
            [
              83.1619495,
              17.7095659
            ]
          ]
        ]
      }
    },
    {
      "type": "Feature",
      "id": "B329",
      "properties": {
        "Building_ID": "B329",
        "Parcel_ID": "LP329",
        "Osm_ID": 1355591086,
        "Name": "Duvvada Building B329",
        "Building_Type": "Commercial",
        "Latitude": 17.711332,
        "Longitude": 83.162532,
        "Area_sq_m": 957.8,
        "Floors": 4,
        "HasRealLevels": false,
        "RealFloors": null,
        "Height_m": 12.8,
        "HasRealHeight": false,
        "RealHeight": null,
        "Street": "Kurmannapalem Road / Duvvada",
        "City": "Visakhapatnam",
        "Postcode": "530046",
        "State": "Andhra Pradesh",
        "Source": "OpenStreetMap",
        "DataStatus": "REAL_PUBLIC_DATA",
        "HeightStatus": "DEMO_ILLUSTRATIVE_HEIGHT"
      },
      "geometry": {
        "type": "Polygon",
        "coordinates": [
          [
            [
              83.1626254,
              17.7116113
            ],
            [
              83.1625879,
              17.7110428
            ],
            [
              83.1624383,
              17.7110517
            ],
            [
              83.1624759,
              17.7116202
            ],
            [
              83.1626254,
              17.7116113
            ]
          ]
        ]
      }
    },
    {
      "type": "Feature",
      "id": "B330",
      "properties": {
        "Building_ID": "B330",
        "Parcel_ID": "LP330",
        "Osm_ID": 1355591087,
        "Name": "Duvvada Building B330",
        "Building_Type": "Commercial",
        "Latitude": 17.713677,
        "Longitude": 83.164264,
        "Area_sq_m": 3582.5,
        "Floors": 4,
        "HasRealLevels": false,
        "RealFloors": null,
        "Height_m": 12.8,
        "HasRealHeight": false,
        "RealHeight": null,
        "Street": "Kurmannapalem Road / Duvvada",
        "City": "Visakhapatnam",
        "Postcode": "530046",
        "State": "Andhra Pradesh",
        "Source": "OpenStreetMap",
        "DataStatus": "REAL_PUBLIC_DATA",
        "HeightStatus": "DEMO_ILLUSTRATIVE_HEIGHT"
      },
      "geometry": {
        "type": "Polygon",
        "coordinates": [
          [
            [
              83.1641985,
              17.7141472
            ],
            [
              83.1645548,
              17.7139014
            ],
            [
              83.1643797,
              17.713671
            ],
            [
              83.1644225,
              17.7136414
            ],
            [
              83.1643647,
              17.7135654
            ],
            [
              83.1643219,
              17.713595
            ],
            [
              83.164115,
              17.7133227
            ],
            [
              83.1637587,
              17.7135685
            ],
            [
              83.1641985,
              17.7141472
            ]
          ]
        ]
      }
    },
    {
      "type": "Feature",
      "id": "B331",
      "properties": {
        "Building_ID": "B331",
        "Parcel_ID": "LP331",
        "Osm_ID": 1355591088,
        "Name": "Duvvada Building B331",
        "Building_Type": "Commercial",
        "Latitude": 17.712862,
        "Longitude": 83.164253,
        "Area_sq_m": 1294.2,
        "Floors": 4,
        "HasRealLevels": false,
        "RealFloors": null,
        "Height_m": 12.8,
        "HasRealHeight": false,
        "RealHeight": null,
        "Street": "Kurmannapalem Road / Duvvada",
        "City": "Visakhapatnam",
        "Postcode": "530046",
        "State": "Andhra Pradesh",
        "Source": "OpenStreetMap",
        "DataStatus": "REAL_PUBLIC_DATA",
        "HeightStatus": "DEMO_ILLUSTRATIVE_HEIGHT"
      },
      "geometry": {
        "type": "Polygon",
        "coordinates": [
          [
            [
              83.1639498,
              17.7128716
            ],
            [
              83.1640627,
              17.7129103
            ],
            [
              83.1640767,
              17.7128734
            ],
            [
              83.1641088,
              17.7128844
            ],
            [
              83.1640948,
              17.7129213
            ],
            [
              83.1643357,
              17.713004
            ],
            [
              83.1643502,
              17.7129657
            ],
            [
              83.1643849,
              17.7129776
            ],
            [
              83.1643704,
              17.713016
            ],
            [
              83.1644802,
              17.7130536
            ],
            [
              83.164598,
              17.712742
            ],
            [
              83.1644825,
              17.7127023
            ],
            [
              83.1643896,
              17.7129478
            ],
            [
              83.1643616,
              17.7129382
            ],
            [
              83.1643778,
              17.7128954
            ],
            [
              83.1642863,
              17.712864
            ],
            [
              83.1643041,
              17.7128171
            ],
            [
              83.164242,
              17.7127958
            ],
            [
              83.1642243,
              17.7128427
            ],
            [
              83.1641362,
              17.7128125
            ],
            [
              83.16412,
              17.7128552
            ],
            [
              83.1640885,
              17.7128444
            ],
            [
              83.1641813,
              17.712599
            ],
            [
              83.1640676,
              17.71256
            ],
            [
              83.1639498,
              17.7128716
            ]
          ]
        ]
      }
    },
    {
      "type": "Feature",
      "id": "B332",
      "properties": {
        "Building_ID": "B332",
        "Parcel_ID": "LP332",
        "Osm_ID": 1355591096,
        "Name": "Duvvada Building B332",
        "Building_Type": "Commercial",
        "Latitude": 17.710913,
        "Longitude": 83.163906,
        "Area_sq_m": 1491.1,
        "Floors": 4,
        "HasRealLevels": false,
        "RealFloors": null,
        "Height_m": 12.8,
        "HasRealHeight": false,
        "RealHeight": null,
        "Street": "Kurmannapalem Road / Duvvada",
        "City": "Visakhapatnam",
        "Postcode": "530046",
        "State": "Andhra Pradesh",
        "Source": "OpenStreetMap",
        "DataStatus": "REAL_PUBLIC_DATA",
        "HeightStatus": "DEMO_ILLUSTRATIVE_HEIGHT"
      },
      "geometry": {
        "type": "Polygon",
        "coordinates": [
          [
            [
              83.1640443,
              17.7112114
            ],
            [
              83.1640034,
              17.7109668
            ],
            [
              83.1640799,
              17.7109552
            ],
            [
              83.1640571,
              17.710819
            ],
            [
              83.1639806,
              17.7108306
            ],
            [
              83.1639404,
              17.7105905
            ],
            [
              83.1637617,
              17.7106177
            ],
            [
              83.1638023,
              17.7108602
            ],
            [
              83.1637416,
              17.7108694
            ],
            [
              83.1637643,
              17.7110048
            ],
            [
              83.163825,
              17.7109956
            ],
            [
              83.1638657,
              17.7112386
            ],
            [
              83.1640443,
              17.7112114
            ]
          ]
        ]
      }
    },
    {
      "type": "Feature",
      "id": "B333",
      "properties": {
        "Building_ID": "B333",
        "Parcel_ID": "LP333",
        "Osm_ID": 1502459922,
        "Name": "Duvvada Building B333",
        "Building_Type": "Commercial",
        "Latitude": 17.702679,
        "Longitude": 83.135881,
        "Area_sq_m": 424.6,
        "Floors": 4,
        "HasRealLevels": false,
        "RealFloors": null,
        "Height_m": 12.8,
        "HasRealHeight": false,
        "RealHeight": null,
        "Street": "Kurmannapalem Road / Duvvada",
        "City": "Visakhapatnam",
        "Postcode": "530046",
        "State": "Andhra Pradesh",
        "Source": "OpenStreetMap",
        "DataStatus": "REAL_PUBLIC_DATA",
        "HeightStatus": "DEMO_ILLUSTRATIVE_HEIGHT"
      },
      "geometry": {
        "type": "Polygon",
        "coordinates": [
          [
            [
              83.1358163,
              17.7028304
            ],
            [
              83.1358227,
              17.7025244
            ],
            [
              83.1359463,
              17.7025268
            ],
            [
              83.1359399,
              17.7028327
            ],
            [
              83.1358163,
              17.7028304
            ]
          ]
        ]
      }
    },
    {
      "type": "Feature",
      "id": "B334",
      "properties": {
        "Building_ID": "B334",
        "Parcel_ID": "LP334",
        "Osm_ID": 1502459923,
        "Name": "Duvvada Building B334",
        "Building_Type": "Commercial",
        "Latitude": 17.702687,
        "Longitude": 83.136068,
        "Area_sq_m": 424.6,
        "Floors": 4,
        "HasRealLevels": false,
        "RealFloors": null,
        "Height_m": 12.8,
        "HasRealHeight": false,
        "RealHeight": null,
        "Street": "Kurmannapalem Road / Duvvada",
        "City": "Visakhapatnam",
        "Postcode": "530046",
        "State": "Andhra Pradesh",
        "Source": "OpenStreetMap",
        "DataStatus": "REAL_PUBLIC_DATA",
        "HeightStatus": "DEMO_ILLUSTRATIVE_HEIGHT"
      },
      "geometry": {
        "type": "Polygon",
        "coordinates": [
          [
            [
              83.1360025,
              17.7028389
            ],
            [
              83.1360089,
              17.7025329
            ],
            [
              83.1361325,
              17.7025352
            ],
            [
              83.1361261,
              17.7028412
            ],
            [
              83.1360025,
              17.7028389
            ]
          ]
        ]
      }
    },
    {
      "type": "Feature",
      "id": "B335",
      "properties": {
        "Building_ID": "B335",
        "Parcel_ID": "LP335",
        "Osm_ID": 1502459924,
        "Name": "Duvvada Building B335",
        "Building_Type": "Commercial",
        "Latitude": 17.702705,
        "Longitude": 83.136859,
        "Area_sq_m": 424.5,
        "Floors": 4,
        "HasRealLevels": false,
        "RealFloors": null,
        "Height_m": 12.8,
        "HasRealHeight": false,
        "RealHeight": null,
        "Street": "Kurmannapalem Road / Duvvada",
        "City": "Visakhapatnam",
        "Postcode": "530046",
        "State": "Andhra Pradesh",
        "Source": "OpenStreetMap",
        "DataStatus": "REAL_PUBLIC_DATA",
        "HeightStatus": "DEMO_ILLUSTRATIVE_HEIGHT"
      },
      "geometry": {
        "type": "Polygon",
        "coordinates": [
          [
            [
              83.136794,
              17.7028572
            ],
            [
              83.1368005,
              17.7025512
            ],
            [
              83.136924,
              17.7025535
            ],
            [
              83.1369176,
              17.7028595
            ],
            [
              83.136794,
              17.7028572
            ]
          ]
        ]
      }
    },
    {
      "type": "Feature",
      "id": "B336",
      "properties": {
        "Building_ID": "B336",
        "Parcel_ID": "LP336",
        "Osm_ID": 1502459925,
        "Name": "Duvvada Building B336",
        "Building_Type": "Commercial",
        "Latitude": 17.702709,
        "Longitude": 83.137051,
        "Area_sq_m": 424.6,
        "Floors": 4,
        "HasRealLevels": false,
        "RealFloors": null,
        "Height_m": 12.8,
        "HasRealHeight": false,
        "RealHeight": null,
        "Street": "Kurmannapalem Road / Duvvada",
        "City": "Visakhapatnam",
        "Postcode": "530046",
        "State": "Andhra Pradesh",
        "Source": "OpenStreetMap",
        "DataStatus": "REAL_PUBLIC_DATA",
        "HeightStatus": "DEMO_ILLUSTRATIVE_HEIGHT"
      },
      "geometry": {
        "type": "Polygon",
        "coordinates": [
          [
            [
              83.1369863,
              17.7028607
            ],
            [
              83.1369927,
              17.7025547
            ],
            [
              83.1371163,
              17.7025571
            ],
            [
              83.1371099,
              17.702863
            ],
            [
              83.1369863,
              17.7028607
            ]
          ]
        ]
      }
    },
    {
      "type": "Feature",
      "id": "B337",
      "properties": {
        "Building_ID": "B337",
        "Parcel_ID": "LP337",
        "Osm_ID": 1502459926,
        "Name": "Duvvada Building B337",
        "Building_Type": "Commercial",
        "Latitude": 17.702723,
        "Longitude": 83.137359,
        "Area_sq_m": 424.4,
        "Floors": 4,
        "HasRealLevels": false,
        "RealFloors": null,
        "Height_m": 12.8,
        "HasRealHeight": false,
        "RealHeight": null,
        "Street": "Kurmannapalem Road / Duvvada",
        "City": "Visakhapatnam",
        "Postcode": "530046",
        "State": "Andhra Pradesh",
        "Source": "OpenStreetMap",
        "DataStatus": "REAL_PUBLIC_DATA",
        "HeightStatus": "DEMO_ILLUSTRATIVE_HEIGHT"
      },
      "geometry": {
        "type": "Polygon",
        "coordinates": [
          [
            [
              83.1372944,
              17.7028748
            ],
            [
              83.1373009,
              17.7025688
            ],
            [
              83.1374244,
              17.7025712
            ],
            [
              83.137418,
              17.7028771
            ],
            [
              83.1372944,
              17.7028748
            ]
          ]
        ]
      }
    },
    {
      "type": "Feature",
      "id": "B338",
      "properties": {
        "Building_ID": "B338",
        "Parcel_ID": "LP338",
        "Osm_ID": 1502459927,
        "Name": "Duvvada Building B338",
        "Building_Type": "Commercial",
        "Latitude": 17.702724,
        "Longitude": 83.137549,
        "Area_sq_m": 424.6,
        "Floors": 4,
        "HasRealLevels": false,
        "RealFloors": null,
        "Height_m": 12.8,
        "HasRealHeight": false,
        "RealHeight": null,
        "Street": "Kurmannapalem Road / Duvvada",
        "City": "Visakhapatnam",
        "Postcode": "530046",
        "State": "Andhra Pradesh",
        "Source": "OpenStreetMap",
        "DataStatus": "REAL_PUBLIC_DATA",
        "HeightStatus": "DEMO_ILLUSTRATIVE_HEIGHT"
      },
      "geometry": {
        "type": "Polygon",
        "coordinates": [
          [
            [
              83.1374842,
              17.7028759
            ],
            [
              83.1374906,
              17.70257
            ],
            [
              83.1376142,
              17.7025723
            ],
            [
              83.1376078,
              17.7028783
            ],
            [
              83.1374842,
              17.7028759
            ]
          ]
        ]
      }
    },
    {
      "type": "Feature",
      "id": "B339",
      "properties": {
        "Building_ID": "B339",
        "Parcel_ID": "LP339",
        "Osm_ID": 1502459928,
        "Name": "Duvvada Building B339",
        "Building_Type": "Apartment",
        "Latitude": 17.702693,
        "Longitude": 83.13637,
        "Area_sq_m": 332.3,
        "Floors": 5,
        "HasRealLevels": false,
        "RealFloors": null,
        "Height_m": 16,
        "HasRealHeight": false,
        "RealHeight": null,
        "Street": "Kurmannapalem Road / Duvvada",
        "City": "Visakhapatnam",
        "Postcode": "530046",
        "State": "Andhra Pradesh",
        "Source": "OpenStreetMap",
        "DataStatus": "REAL_PUBLIC_DATA",
        "HeightStatus": "DEMO_ILLUSTRATIVE_HEIGHT"
      },
      "geometry": {
        "type": "Polygon",
        "coordinates": [
          [
            [
              83.1363132,
              17.702837
            ],
            [
              83.1364148,
              17.7028407
            ],
            [
              83.1364265,
              17.7025497
            ],
            [
              83.1363249,
              17.702546
            ],
            [
              83.1363132,
              17.702837
            ]
          ]
        ]
      }
    },
    {
      "type": "Feature",
      "id": "B340",
      "properties": {
        "Building_ID": "B340",
        "Parcel_ID": "LP340",
        "Osm_ID": 1502459929,
        "Name": "Duvvada Building B340",
        "Building_Type": "Apartment",
        "Latitude": 17.702703,
        "Longitude": 83.136529,
        "Area_sq_m": 332,
        "Floors": 5,
        "HasRealLevels": false,
        "RealFloors": null,
        "Height_m": 16,
        "HasRealHeight": false,
        "RealHeight": null,
        "Street": "Kurmannapalem Road / Duvvada",
        "City": "Visakhapatnam",
        "Postcode": "530046",
        "State": "Andhra Pradesh",
        "Source": "OpenStreetMap",
        "DataStatus": "REAL_PUBLIC_DATA",
        "HeightStatus": "DEMO_ILLUSTRATIVE_HEIGHT"
      },
      "geometry": {
        "type": "Polygon",
        "coordinates": [
          [
            [
              83.1364725,
              17.7028463
            ],
            [
              83.136574,
              17.70285
            ],
            [
              83.1365857,
              17.7025591
            ],
            [
              83.1364841,
              17.7025554
            ],
            [
              83.1364725,
              17.7028463
            ]
          ]
        ]
      }
    },
    {
      "type": "Feature",
      "id": "B341",
      "properties": {
        "Building_ID": "B341",
        "Parcel_ID": "LP341",
        "Osm_ID": 1502459930,
        "Name": "Duvvada Building B341",
        "Building_Type": "Apartment",
        "Latitude": 17.702705,
        "Longitude": 83.136687,
        "Area_sq_m": 332.3,
        "Floors": 5,
        "HasRealLevels": false,
        "RealFloors": null,
        "Height_m": 16,
        "HasRealHeight": false,
        "RealHeight": null,
        "Street": "Kurmannapalem Road / Duvvada",
        "City": "Visakhapatnam",
        "Postcode": "530046",
        "State": "Andhra Pradesh",
        "Source": "OpenStreetMap",
        "DataStatus": "REAL_PUBLIC_DATA",
        "HeightStatus": "DEMO_ILLUSTRATIVE_HEIGHT"
      },
      "geometry": {
        "type": "Polygon",
        "coordinates": [
          [
            [
              83.1366303,
              17.7028484
            ],
            [
              83.1367319,
              17.7028521
            ],
            [
              83.1367436,
              17.7025611
            ],
            [
              83.136642,
              17.7025574
            ],
            [
              83.1366303,
              17.7028484
            ]
          ]
        ]
      }
    },
    {
      "type": "Feature",
      "id": "B342",
      "properties": {
        "Building_ID": "B342",
        "Parcel_ID": "LP342",
        "Osm_ID": 1502459931,
        "Name": "Duvvada Building B342",
        "Building_Type": "Commercial",
        "Latitude": 17.703137,
        "Longitude": 83.135674,
        "Area_sq_m": 506.8,
        "Floors": 4,
        "HasRealLevels": false,
        "RealFloors": null,
        "Height_m": 12.8,
        "HasRealHeight": false,
        "RealHeight": null,
        "Street": "Kurmannapalem Road / Duvvada",
        "City": "Visakhapatnam",
        "Postcode": "530046",
        "State": "Andhra Pradesh",
        "Source": "OpenStreetMap",
        "DataStatus": "REAL_PUBLIC_DATA",
        "HeightStatus": "DEMO_ILLUSTRATIVE_HEIGHT"
      },
      "geometry": {
        "type": "Polygon",
        "coordinates": [
          [
            [
              83.135605,
              17.7033064
            ],
            [
              83.1356164,
              17.7029549
            ],
            [
              83.1356724,
              17.7029566
            ],
            [
              83.1356711,
              17.7029962
            ],
            [
              83.1356827,
              17.7029965
            ],
            [
              83.135684,
              17.7029572
            ],
            [
              83.1357469,
              17.7029591
            ],
            [
              83.1357356,
              17.7033092
            ],
            [
              83.1356791,
              17.7033076
            ],
            [
              83.1356794,
              17.7032972
            ],
            [
              83.1356594,
              17.7032966
            ],
            [
              83.1356591,
              17.703308
            ],
            [
              83.135605,
              17.7033064
            ]
          ]
        ]
      }
    },
    {
      "type": "Feature",
      "id": "B343",
      "properties": {
        "Building_ID": "B343",
        "Parcel_ID": "LP343",
        "Osm_ID": 1502459932,
        "Name": "Duvvada Building B343",
        "Building_Type": "Commercial",
        "Latitude": 17.703146,
        "Longitude": 83.135865,
        "Area_sq_m": 506.6,
        "Floors": 4,
        "HasRealLevels": false,
        "RealFloors": null,
        "Height_m": 12.8,
        "HasRealHeight": false,
        "RealHeight": null,
        "Street": "Kurmannapalem Road / Duvvada",
        "City": "Visakhapatnam",
        "Postcode": "530046",
        "State": "Andhra Pradesh",
        "Source": "OpenStreetMap",
        "DataStatus": "REAL_PUBLIC_DATA",
        "HeightStatus": "DEMO_ILLUSTRATIVE_HEIGHT"
      },
      "geometry": {
        "type": "Polygon",
        "coordinates": [
          [
            [
              83.1357961,
              17.7033149
            ],
            [
              83.1358076,
              17.7029634
            ],
            [
              83.1358635,
              17.702965
            ],
            [
              83.1358622,
              17.7030046
            ],
            [
              83.1358739,
              17.703005
            ],
            [
              83.1358752,
              17.7029657
            ],
            [
              83.135938,
              17.7029675
            ],
            [
              83.1359267,
              17.7033177
            ],
            [
              83.1358702,
              17.703316
            ],
            [
              83.1358706,
              17.7033056
            ],
            [
              83.1358506,
              17.703305
            ],
            [
              83.1358502,
              17.7033165
            ],
            [
              83.1357961,
              17.7033149
            ]
          ]
        ]
      }
    },
    {
      "type": "Feature",
      "id": "B344",
      "properties": {
        "Building_ID": "B344",
        "Parcel_ID": "LP344",
        "Osm_ID": 1502459933,
        "Name": "Duvvada Building B344",
        "Building_Type": "Commercial",
        "Latitude": 17.703154,
        "Longitude": 83.136061,
        "Area_sq_m": 506.8,
        "Floors": 4,
        "HasRealLevels": false,
        "RealFloors": null,
        "Height_m": 12.8,
        "HasRealHeight": false,
        "RealHeight": null,
        "Street": "Kurmannapalem Road / Duvvada",
        "City": "Visakhapatnam",
        "Postcode": "530046",
        "State": "Andhra Pradesh",
        "Source": "OpenStreetMap",
        "DataStatus": "REAL_PUBLIC_DATA",
        "HeightStatus": "DEMO_ILLUSTRATIVE_HEIGHT"
      },
      "geometry": {
        "type": "Polygon",
        "coordinates": [
          [
            [
              83.1359915,
              17.703323
            ],
            [
              83.1360029,
              17.7029715
            ],
            [
              83.1360589,
              17.7029731
            ],
            [
              83.1360576,
              17.7030127
            ],
            [
              83.1360692,
              17.7030131
            ],
            [
              83.1360705,
              17.7029738
            ],
            [
              83.1361334,
              17.7029756
            ],
            [
              83.1361221,
              17.7033257
            ],
            [
              83.1360656,
              17.7033241
            ],
            [
              83.1360659,
              17.7033137
            ],
            [
              83.1360459,
              17.7033131
            ],
            [
              83.1360456,
              17.7033246
            ],
            [
              83.1359915,
              17.703323
            ]
          ]
        ]
      }
    },
    {
      "type": "Feature",
      "id": "B345",
      "properties": {
        "Building_ID": "B345",
        "Parcel_ID": "LP345",
        "Osm_ID": 1502459934,
        "Name": "Duvvada Building B345",
        "Building_Type": "Commercial",
        "Latitude": 17.703536,
        "Longitude": 83.135465,
        "Area_sq_m": 506.9,
        "Floors": 4,
        "HasRealLevels": false,
        "RealFloors": null,
        "Height_m": 12.8,
        "HasRealHeight": false,
        "RealHeight": null,
        "Street": "Kurmannapalem Road / Duvvada",
        "City": "Visakhapatnam",
        "Postcode": "530046",
        "State": "Andhra Pradesh",
        "Source": "OpenStreetMap",
        "DataStatus": "REAL_PUBLIC_DATA",
        "HeightStatus": "DEMO_ILLUSTRATIVE_HEIGHT"
      },
      "geometry": {
        "type": "Polygon",
        "coordinates": [
          [
            [
              83.1353957,
              17.7037056
            ],
            [
              83.1354071,
              17.7033541
            ],
            [
              83.1354631,
              17.7033557
            ],
            [
              83.1354618,
              17.7033953
            ],
            [
              83.1354734,
              17.7033957
            ],
            [
              83.1354747,
              17.7033564
            ],
            [
              83.1355376,
              17.7033582
            ],
            [
              83.1355263,
              17.7037084
            ],
            [
              83.1354698,
              17.7037067
            ],
            [
              83.1354701,
              17.7036963
            ],
            [
              83.1354501,
              17.7036957
            ],
            [
              83.1354498,
              17.7037072
            ],
            [
              83.1353957,
              17.7037056
            ]
          ]
        ]
      }
    },
    {
      "type": "Feature",
      "id": "B346",
      "properties": {
        "Building_ID": "B346",
        "Parcel_ID": "LP346",
        "Osm_ID": 1502459935,
        "Name": "Duvvada Building B346",
        "Building_Type": "Commercial",
        "Latitude": 17.703553,
        "Longitude": 83.135658,
        "Area_sq_m": 506.6,
        "Floors": 4,
        "HasRealLevels": false,
        "RealFloors": null,
        "Height_m": 12.8,
        "HasRealHeight": false,
        "RealHeight": null,
        "Street": "Kurmannapalem Road / Duvvada",
        "City": "Visakhapatnam",
        "Postcode": "530046",
        "State": "Andhra Pradesh",
        "Source": "OpenStreetMap",
        "DataStatus": "REAL_PUBLIC_DATA",
        "HeightStatus": "DEMO_ILLUSTRATIVE_HEIGHT"
      },
      "geometry": {
        "type": "Polygon",
        "coordinates": [
          [
            [
              83.1355888,
              17.7037219
            ],
            [
              83.1356003,
              17.7033704
            ],
            [
              83.1356562,
              17.7033721
            ],
            [
              83.1356549,
              17.7034117
            ],
            [
              83.1356666,
              17.703412
            ],
            [
              83.1356678,
              17.7033727
            ],
            [
              83.1357307,
              17.7033746
            ],
            [
              83.1357194,
              17.7037247
            ],
            [
              83.1356629,
              17.7037231
            ],
            [
              83.1356633,
              17.7037127
            ],
            [
              83.1356433,
              17.7037121
            ],
            [
              83.1356429,
              17.7037235
            ],
            [
              83.1355888,
              17.7037219
            ]
          ]
        ]
      }
    },
    {
      "type": "Feature",
      "id": "B347",
      "properties": {
        "Building_ID": "B347",
        "Parcel_ID": "LP347",
        "Osm_ID": 1502459936,
        "Name": "Duvvada Building B347",
        "Building_Type": "Commercial",
        "Latitude": 17.703558,
        "Longitude": 83.135853,
        "Area_sq_m": 506.4,
        "Floors": 4,
        "HasRealLevels": false,
        "RealFloors": null,
        "Height_m": 12.8,
        "HasRealHeight": false,
        "RealHeight": null,
        "Street": "Kurmannapalem Road / Duvvada",
        "City": "Visakhapatnam",
        "Postcode": "530046",
        "State": "Andhra Pradesh",
        "Source": "OpenStreetMap",
        "DataStatus": "REAL_PUBLIC_DATA",
        "HeightStatus": "DEMO_ILLUSTRATIVE_HEIGHT"
      },
      "geometry": {
        "type": "Polygon",
        "coordinates": [
          [
            [
              83.1357841,
              17.703727
            ],
            [
              83.1357955,
              17.7033755
            ],
            [
              83.1358515,
              17.7033772
            ],
            [
              83.1358502,
              17.7034168
            ],
            [
              83.1358618,
              17.7034172
            ],
            [
              83.1358631,
              17.7033779
            ],
            [
              83.1359259,
              17.7033797
            ],
            [
              83.1359146,
              17.7037298
            ],
            [
              83.1358582,
              17.7037282
            ],
            [
              83.1358585,
              17.7037178
            ],
            [
              83.1358385,
              17.7037172
            ],
            [
              83.1358382,
              17.7037286
            ],
            [
              83.1357841,
              17.703727
            ]
          ]
        ]
      }
    },
    {
      "type": "Feature",
      "id": "B348",
      "properties": {
        "Building_ID": "B348",
        "Parcel_ID": "LP348",
        "Osm_ID": 1502459937,
        "Name": "Duvvada Building B348",
        "Building_Type": "Commercial",
        "Latitude": 17.703569,
        "Longitude": 83.13605,
        "Area_sq_m": 506.6,
        "Floors": 4,
        "HasRealLevels": false,
        "RealFloors": null,
        "Height_m": 12.8,
        "HasRealHeight": false,
        "RealHeight": null,
        "Street": "Kurmannapalem Road / Duvvada",
        "City": "Visakhapatnam",
        "Postcode": "530046",
        "State": "Andhra Pradesh",
        "Source": "OpenStreetMap",
        "DataStatus": "REAL_PUBLIC_DATA",
        "HeightStatus": "DEMO_ILLUSTRATIVE_HEIGHT"
      },
      "geometry": {
        "type": "Polygon",
        "coordinates": [
          [
            [
              83.1359804,
              17.7037383
            ],
            [
              83.1359919,
              17.7033868
            ],
            [
              83.1360478,
              17.7033884
            ],
            [
              83.1360465,
              17.7034281
            ],
            [
              83.1360582,
              17.7034284
            ],
            [
              83.1360594,
              17.7033891
            ],
            [
              83.1361223,
              17.7033909
            ],
            [
              83.136111,
              17.7037411
            ],
            [
              83.1360545,
              17.7037394
            ],
            [
              83.1360549,
              17.703729
            ],
            [
              83.1360349,
              17.7037284
            ],
            [
              83.1360345,
              17.7037399
            ],
            [
              83.1359804,
              17.7037383
            ]
          ]
        ]
      }
    },
    {
      "type": "Feature",
      "id": "B349",
      "properties": {
        "Building_ID": "B349",
        "Parcel_ID": "LP349",
        "Osm_ID": 1502459938,
        "Name": "Duvvada Building B349",
        "Building_Type": "Commercial",
        "Latitude": 17.703572,
        "Longitude": 83.136436,
        "Area_sq_m": 506.6,
        "Floors": 4,
        "HasRealLevels": false,
        "RealFloors": null,
        "Height_m": 12.8,
        "HasRealHeight": false,
        "RealHeight": null,
        "Street": "Kurmannapalem Road / Duvvada",
        "City": "Visakhapatnam",
        "Postcode": "530046",
        "State": "Andhra Pradesh",
        "Source": "OpenStreetMap",
        "DataStatus": "REAL_PUBLIC_DATA",
        "HeightStatus": "DEMO_ILLUSTRATIVE_HEIGHT"
      },
      "geometry": {
        "type": "Polygon",
        "coordinates": [
          [
            [
              83.1363663,
              17.7037413
            ],
            [
              83.1363778,
              17.7033898
            ],
            [
              83.1364337,
              17.7033914
            ],
            [
              83.1364324,
              17.703431
            ],
            [
              83.1364441,
              17.7034314
            ],
            [
              83.1364453,
              17.7033921
            ],
            [
              83.1365082,
              17.7033939
            ],
            [
              83.1364969,
              17.7037441
            ],
            [
              83.1364404,
              17.7037424
            ],
            [
              83.1364408,
              17.703732
            ],
            [
              83.1364208,
              17.7037314
            ],
            [
              83.1364204,
              17.7037429
            ],
            [
              83.1363663,
              17.7037413
            ]
          ]
        ]
      }
    },
    {
      "type": "Feature",
      "id": "B350",
      "properties": {
        "Building_ID": "B350",
        "Parcel_ID": "LP350",
        "Osm_ID": 1502459939,
        "Name": "Duvvada Building B350",
        "Building_Type": "Commercial",
        "Latitude": 17.703583,
        "Longitude": 83.136631,
        "Area_sq_m": 506.4,
        "Floors": 4,
        "HasRealLevels": false,
        "RealFloors": null,
        "Height_m": 12.8,
        "HasRealHeight": false,
        "RealHeight": null,
        "Street": "Kurmannapalem Road / Duvvada",
        "City": "Visakhapatnam",
        "Postcode": "530046",
        "State": "Andhra Pradesh",
        "Source": "OpenStreetMap",
        "DataStatus": "REAL_PUBLIC_DATA",
        "HeightStatus": "DEMO_ILLUSTRATIVE_HEIGHT"
      },
      "geometry": {
        "type": "Polygon",
        "coordinates": [
          [
            [
              83.1365617,
              17.7037521
            ],
            [
              83.1365731,
              17.7034006
            ],
            [
              83.1366291,
              17.7034022
            ],
            [
              83.1366278,
              17.7034418
            ],
            [
              83.1366394,
              17.7034422
            ],
            [
              83.1366407,
              17.7034029
            ],
            [
              83.1367035,
              17.7034047
            ],
            [
              83.1366922,
              17.7037548
            ],
            [
              83.1366358,
              17.7037532
            ],
            [
              83.1366361,
              17.7037428
            ],
            [
              83.1366161,
              17.7037422
            ],
            [
              83.1366158,
              17.7037537
            ],
            [
              83.1365617,
              17.7037521
            ]
          ]
        ]
      }
    },
    {
      "type": "Feature",
      "id": "B351",
      "properties": {
        "Building_ID": "B351",
        "Parcel_ID": "LP351",
        "Osm_ID": 1502459940,
        "Name": "Duvvada Building B351",
        "Building_Type": "Commercial",
        "Latitude": 17.703587,
        "Longitude": 83.136825,
        "Area_sq_m": 506.6,
        "Floors": 4,
        "HasRealLevels": false,
        "RealFloors": null,
        "Height_m": 12.8,
        "HasRealHeight": false,
        "RealHeight": null,
        "Street": "Kurmannapalem Road / Duvvada",
        "City": "Visakhapatnam",
        "Postcode": "530046",
        "State": "Andhra Pradesh",
        "Source": "OpenStreetMap",
        "DataStatus": "REAL_PUBLIC_DATA",
        "HeightStatus": "DEMO_ILLUSTRATIVE_HEIGHT"
      },
      "geometry": {
        "type": "Polygon",
        "coordinates": [
          [
            [
              83.1367556,
              17.7037561
            ],
            [
              83.1367671,
              17.7034046
            ],
            [
              83.136823,
              17.7034062
            ],
            [
              83.1368217,
              17.7034459
            ],
            [
              83.1368334,
              17.7034462
            ],
            [
              83.1368346,
              17.7034069
            ],
            [
              83.1368975,
              17.7034088
            ],
            [
              83.1368862,
              17.7037589
            ],
            [
              83.1368297,
              17.7037572
            ],
            [
              83.1368301,
              17.7037469
            ],
            [
              83.1368101,
              17.7037463
            ],
            [
              83.1368097,
              17.7037577
            ],
            [
              83.1367556,
              17.7037561
            ]
          ]
        ]
      }
    },
    {
      "type": "Feature",
      "id": "B352",
      "properties": {
        "Building_ID": "B352",
        "Parcel_ID": "LP352",
        "Osm_ID": 1502459941,
        "Name": "Duvvada Building B352",
        "Building_Type": "Commercial",
        "Latitude": 17.703594,
        "Longitude": 83.13702,
        "Area_sq_m": 506.9,
        "Floors": 4,
        "HasRealLevels": false,
        "RealFloors": null,
        "Height_m": 12.8,
        "HasRealHeight": false,
        "RealHeight": null,
        "Street": "Kurmannapalem Road / Duvvada",
        "City": "Visakhapatnam",
        "Postcode": "530046",
        "State": "Andhra Pradesh",
        "Source": "OpenStreetMap",
        "DataStatus": "REAL_PUBLIC_DATA",
        "HeightStatus": "DEMO_ILLUSTRATIVE_HEIGHT"
      },
      "geometry": {
        "type": "Polygon",
        "coordinates": [
          [
            [
              83.136951,
              17.7037629
            ],
            [
              83.1369624,
              17.7034113
            ],
            [
              83.1370184,
              17.703413
            ],
            [
              83.1370171,
              17.7034526
            ],
            [
              83.1370287,
              17.703453
            ],
            [
              83.13703,
              17.7034137
            ],
            [
              83.1370929,
              17.7034155
            ],
            [
              83.1370816,
              17.7037656
            ],
            [
              83.1370251,
              17.703764
            ],
            [
              83.1370254,
              17.7037536
            ],
            [
              83.1370054,
              17.703753
            ],
            [
              83.1370051,
              17.7037645
            ],
            [
              83.136951,
              17.7037629
            ]
          ]
        ]
      }
    },
    {
      "type": "Feature",
      "id": "B353",
      "properties": {
        "Building_ID": "B353",
        "Parcel_ID": "LP353",
        "Osm_ID": 1502459942,
        "Name": "Duvvada Building B353",
        "Building_Type": "Commercial",
        "Latitude": 17.703167,
        "Longitude": 83.13646,
        "Area_sq_m": 506.6,
        "Floors": 4,
        "HasRealLevels": false,
        "RealFloors": null,
        "Height_m": 12.8,
        "HasRealHeight": false,
        "RealHeight": null,
        "Street": "Kurmannapalem Road / Duvvada",
        "City": "Visakhapatnam",
        "Postcode": "530046",
        "State": "Andhra Pradesh",
        "Source": "OpenStreetMap",
        "DataStatus": "REAL_PUBLIC_DATA",
        "HeightStatus": "DEMO_ILLUSTRATIVE_HEIGHT"
      },
      "geometry": {
        "type": "Polygon",
        "coordinates": [
          [
            [
              83.1363904,
              17.7033367
            ],
            [
              83.1364018,
              17.7029852
            ],
            [
              83.1364578,
              17.7029868
            ],
            [
              83.1364565,
              17.7030265
            ],
            [
              83.1364681,
              17.7030268
            ],
            [
              83.1364694,
              17.7029875
            ],
            [
              83.1365322,
              17.7029893
            ],
            [
              83.136521,
              17.7033395
            ],
            [
              83.1364645,
              17.7033378
            ],
            [
              83.1364648,
              17.7033274
            ],
            [
              83.1364448,
              17.7033268
            ],
            [
              83.1364445,
              17.7033383
            ],
            [
              83.1363904,
              17.7033367
            ]
          ]
        ]
      }
    },
    {
      "type": "Feature",
      "id": "B354",
      "properties": {
        "Building_ID": "B354",
        "Parcel_ID": "LP354",
        "Osm_ID": 1502459943,
        "Name": "Duvvada Building B354",
        "Building_Type": "Commercial",
        "Latitude": 17.703169,
        "Longitude": 83.136649,
        "Area_sq_m": 506.6,
        "Floors": 4,
        "HasRealLevels": false,
        "RealFloors": null,
        "Height_m": 12.8,
        "HasRealHeight": false,
        "RealHeight": null,
        "Street": "Kurmannapalem Road / Duvvada",
        "City": "Visakhapatnam",
        "Postcode": "530046",
        "State": "Andhra Pradesh",
        "Source": "OpenStreetMap",
        "DataStatus": "REAL_PUBLIC_DATA",
        "HeightStatus": "DEMO_ILLUSTRATIVE_HEIGHT"
      },
      "geometry": {
        "type": "Polygon",
        "coordinates": [
          [
            [
              83.1365801,
              17.703338
            ],
            [
              83.1365915,
              17.7029865
            ],
            [
              83.1366475,
              17.7029882
            ],
            [
              83.1366462,
              17.7030278
            ],
            [
              83.1366578,
              17.7030281
            ],
            [
              83.1366591,
              17.7029888
            ],
            [
              83.1367219,
              17.7029907
            ],
            [
              83.1367107,
              17.7033408
            ],
            [
              83.1366542,
              17.7033392
            ],
            [
              83.1366545,
              17.7033288
            ],
            [
              83.1366345,
              17.7033282
            ],
            [
              83.1366342,
              17.7033396
            ],
            [
              83.1365801,
              17.703338
            ]
          ]
        ]
      }
    },
    {
      "type": "Feature",
      "id": "B355",
      "properties": {
        "Building_ID": "B355",
        "Parcel_ID": "LP355",
        "Osm_ID": 1502459944,
        "Name": "Duvvada Building B355",
        "Building_Type": "Commercial",
        "Latitude": 17.703173,
        "Longitude": 83.136842,
        "Area_sq_m": 506.6,
        "Floors": 4,
        "HasRealLevels": false,
        "RealFloors": null,
        "Height_m": 12.8,
        "HasRealHeight": false,
        "RealHeight": null,
        "Street": "Kurmannapalem Road / Duvvada",
        "City": "Visakhapatnam",
        "Postcode": "530046",
        "State": "Andhra Pradesh",
        "Source": "OpenStreetMap",
        "DataStatus": "REAL_PUBLIC_DATA",
        "HeightStatus": "DEMO_ILLUSTRATIVE_HEIGHT"
      },
      "geometry": {
        "type": "Polygon",
        "coordinates": [
          [
            [
              83.1367726,
              17.7033421
            ],
            [
              83.1367841,
              17.7029906
            ],
            [
              83.13684,
              17.7029922
            ],
            [
              83.1368387,
              17.7030318
            ],
            [
              83.1368504,
              17.7030322
            ],
            [
              83.1368516,
              17.7029929
            ],
            [
              83.1369145,
              17.7029947
            ],
            [
              83.1369032,
              17.7033449
            ],
            [
              83.1368467,
              17.7033432
            ],
            [
              83.1368471,
              17.7033328
            ],
            [
              83.1368271,
              17.7033322
            ],
            [
              83.1368267,
              17.7033437
            ],
            [
              83.1367726,
              17.7033421
            ]
          ]
        ]
      }
    },
    {
      "type": "Feature",
      "id": "B356",
      "properties": {
        "Building_ID": "B356",
        "Parcel_ID": "LP356",
        "Osm_ID": 1502459945,
        "Name": "Duvvada Building B356",
        "Building_Type": "Commercial",
        "Latitude": 17.703178,
        "Longitude": 83.137037,
        "Area_sq_m": 506.5,
        "Floors": 4,
        "HasRealLevels": false,
        "RealFloors": null,
        "Height_m": 12.8,
        "HasRealHeight": false,
        "RealHeight": null,
        "Street": "Kurmannapalem Road / Duvvada",
        "City": "Visakhapatnam",
        "Postcode": "530046",
        "State": "Andhra Pradesh",
        "Source": "OpenStreetMap",
        "DataStatus": "REAL_PUBLIC_DATA",
        "HeightStatus": "DEMO_ILLUSTRATIVE_HEIGHT"
      },
      "geometry": {
        "type": "Polygon",
        "coordinates": [
          [
            [
              83.136968,
              17.7033475
            ],
            [
              83.1369794,
              17.702996
            ],
            [
              83.1370354,
              17.7029976
            ],
            [
              83.1370341,
              17.7030372
            ],
            [
              83.1370457,
              17.7030376
            ],
            [
              83.137047,
              17.7029983
            ],
            [
              83.1371098,
              17.7030001
            ],
            [
              83.1370985,
              17.7033503
            ],
            [
              83.1370421,
              17.7033486
            ],
            [
              83.1370424,
              17.7033382
            ],
            [
              83.1370224,
              17.7033376
            ],
            [
              83.1370221,
              17.7033491
            ],
            [
              83.136968,
              17.7033475
            ]
          ]
        ]
      }
    },
    {
      "type": "Feature",
      "id": "B357",
      "properties": {
        "Building_ID": "B357",
        "Parcel_ID": "LP357",
        "Osm_ID": 1502459946,
        "Name": "Duvvada Building B357",
        "Building_Type": "Commercial",
        "Latitude": 17.703608,
        "Longitude": 83.137326,
        "Area_sq_m": 506.5,
        "Floors": 4,
        "HasRealLevels": false,
        "RealFloors": null,
        "Height_m": 12.8,
        "HasRealHeight": false,
        "RealHeight": null,
        "Street": "Kurmannapalem Road / Duvvada",
        "City": "Visakhapatnam",
        "Postcode": "530046",
        "State": "Andhra Pradesh",
        "Source": "OpenStreetMap",
        "DataStatus": "REAL_PUBLIC_DATA",
        "HeightStatus": "DEMO_ILLUSTRATIVE_HEIGHT"
      },
      "geometry": {
        "type": "Polygon",
        "coordinates": [
          [
            [
              83.1372568,
              17.7037777
            ],
            [
              83.1372682,
              17.7034262
            ],
            [
              83.1373242,
              17.7034278
            ],
            [
              83.1373229,
              17.7034675
            ],
            [
              83.1373345,
              17.7034678
            ],
            [
              83.1373358,
              17.7034285
            ],
            [
              83.1373986,
              17.7034303
            ],
            [
              83.1373873,
              17.7037805
            ],
            [
              83.1373309,
              17.7037788
            ],
            [
              83.1373312,
              17.7037684
            ],
            [
              83.1373112,
              17.7037678
            ],
            [
              83.1373109,
              17.7037793
            ],
            [
              83.1372568,
              17.7037777
            ]
          ]
        ]
      }
    },
    {
      "type": "Feature",
      "id": "B358",
      "properties": {
        "Building_ID": "B358",
        "Parcel_ID": "LP358",
        "Osm_ID": 1502459947,
        "Name": "Duvvada Building B358",
        "Building_Type": "Commercial",
        "Latitude": 17.703614,
        "Longitude": 83.137527,
        "Area_sq_m": 506.8,
        "Floors": 4,
        "HasRealLevels": false,
        "RealFloors": null,
        "Height_m": 12.8,
        "HasRealHeight": false,
        "RealHeight": null,
        "Street": "Kurmannapalem Road / Duvvada",
        "City": "Visakhapatnam",
        "Postcode": "530046",
        "State": "Andhra Pradesh",
        "Source": "OpenStreetMap",
        "DataStatus": "REAL_PUBLIC_DATA",
        "HeightStatus": "DEMO_ILLUSTRATIVE_HEIGHT"
      },
      "geometry": {
        "type": "Polygon",
        "coordinates": [
          [
            [
              83.1374578,
              17.7037831
            ],
            [
              83.1374692,
              17.7034316
            ],
            [
              83.1375252,
              17.7034332
            ],
            [
              83.1375239,
              17.7034728
            ],
            [
              83.1375356,
              17.7034732
            ],
            [
              83.1375368,
              17.7034339
            ],
            [
              83.1375997,
              17.7034357
            ],
            [
              83.1375884,
              17.7037859
            ],
            [
              83.1375319,
              17.7037842
            ],
            [
              83.1375322,
              17.7037738
            ],
            [
              83.1375123,
              17.7037732
            ],
            [
              83.1375119,
              17.7037847
            ],
            [
              83.1374578,
              17.7037831
            ]
          ]
        ]
      }
    },
    {
      "type": "Feature",
      "id": "B359",
      "properties": {
        "Building_ID": "B359",
        "Parcel_ID": "LP359",
        "Osm_ID": 1502459948,
        "Name": "Duvvada Building B359",
        "Building_Type": "Commercial",
        "Latitude": 17.703618,
        "Longitude": 83.137721,
        "Area_sq_m": 506.4,
        "Floors": 4,
        "HasRealLevels": false,
        "RealFloors": null,
        "Height_m": 12.8,
        "HasRealHeight": false,
        "RealHeight": null,
        "Street": "Kurmannapalem Road / Duvvada",
        "City": "Visakhapatnam",
        "Postcode": "530046",
        "State": "Andhra Pradesh",
        "Source": "OpenStreetMap",
        "DataStatus": "REAL_PUBLIC_DATA",
        "HeightStatus": "DEMO_ILLUSTRATIVE_HEIGHT"
      },
      "geometry": {
        "type": "Polygon",
        "coordinates": [
          [
            [
              83.1376518,
              17.7037871
            ],
            [
              83.1376632,
              17.7034356
            ],
            [
              83.1377191,
              17.7034373
            ],
            [
              83.1377178,
              17.7034769
            ],
            [
              83.1377295,
              17.7034772
            ],
            [
              83.1377308,
              17.7034379
            ],
            [
              83.1377936,
              17.7034398
            ],
            [
              83.1377823,
              17.7037899
            ],
            [
              83.1377259,
              17.7037883
            ],
            [
              83.1377262,
              17.7037779
            ],
            [
              83.1377062,
              17.7037773
            ],
            [
              83.1377058,
              17.7037887
            ],
            [
              83.1376518,
              17.7037871
            ]
          ]
        ]
      }
    },
    {
      "type": "Feature",
      "id": "B360",
      "properties": {
        "Building_ID": "B360",
        "Parcel_ID": "LP360",
        "Osm_ID": 1502459949,
        "Name": "Duvvada Building B360",
        "Building_Type": "Commercial",
        "Latitude": 17.70363,
        "Longitude": 83.137908,
        "Area_sq_m": 506.6,
        "Floors": 4,
        "HasRealLevels": false,
        "RealFloors": null,
        "Height_m": 12.8,
        "HasRealHeight": false,
        "RealHeight": null,
        "Street": "Kurmannapalem Road / Duvvada",
        "City": "Visakhapatnam",
        "Postcode": "530046",
        "State": "Andhra Pradesh",
        "Source": "OpenStreetMap",
        "DataStatus": "REAL_PUBLIC_DATA",
        "HeightStatus": "DEMO_ILLUSTRATIVE_HEIGHT"
      },
      "geometry": {
        "type": "Polygon",
        "coordinates": [
          [
            [
              83.1378386,
              17.7037993
            ],
            [
              83.1378501,
              17.7034478
            ],
            [
              83.137906,
              17.7034494
            ],
            [
              83.1379047,
              17.703489
            ],
            [
              83.1379164,
              17.7034894
            ],
            [
              83.1379176,
              17.7034501
            ],
            [
              83.1379805,
              17.7034519
            ],
            [
              83.1379692,
              17.703802
            ],
            [
              83.1379127,
              17.7038004
            ],
            [
              83.1379131,
              17.70379
            ],
            [
              83.1378931,
              17.7037894
            ],
            [
              83.1378927,
              17.7038009
            ],
            [
              83.1378386,
              17.7037993
            ]
          ]
        ]
      }
    },
    {
      "type": "Feature",
      "id": "B361",
      "properties": {
        "Building_ID": "B361",
        "Parcel_ID": "LP361",
        "Osm_ID": 1502459950,
        "Name": "Duvvada Building B361",
        "Building_Type": "Commercial",
        "Latitude": 17.703206,
        "Longitude": 83.137923,
        "Area_sq_m": 506.9,
        "Floors": 4,
        "HasRealLevels": false,
        "RealFloors": null,
        "Height_m": 12.8,
        "HasRealHeight": false,
        "RealHeight": null,
        "Street": "Kurmannapalem Road / Duvvada",
        "City": "Visakhapatnam",
        "Postcode": "530046",
        "State": "Andhra Pradesh",
        "Source": "OpenStreetMap",
        "DataStatus": "REAL_PUBLIC_DATA",
        "HeightStatus": "DEMO_ILLUSTRATIVE_HEIGHT"
      },
      "geometry": {
        "type": "Polygon",
        "coordinates": [
          [
            [
              83.1378542,
              17.7033758
            ],
            [
              83.1378656,
              17.7030243
            ],
            [
              83.1379216,
              17.7030259
            ],
            [
              83.1379203,
              17.7030656
            ],
            [
              83.1379319,
              17.7030659
            ],
            [
              83.1379332,
              17.7030266
            ],
            [
              83.1379961,
              17.7030284
            ],
            [
              83.1379848,
              17.7033786
            ],
            [
              83.1379283,
              17.7033769
            ],
            [
              83.1379286,
              17.7033665
            ],
            [
              83.1379086,
              17.703366
            ],
            [
              83.1379083,
              17.7033774
            ],
            [
              83.1378542,
              17.7033758
            ]
          ]
        ]
      }
    },
    {
      "type": "Feature",
      "id": "B362",
      "properties": {
        "Building_ID": "B362",
        "Parcel_ID": "LP362",
        "Osm_ID": 1502459951,
        "Name": "Duvvada Building B362",
        "Building_Type": "Commercial",
        "Latitude": 17.704466,
        "Longitude": 83.135627,
        "Area_sq_m": 506.4,
        "Floors": 4,
        "HasRealLevels": false,
        "RealFloors": null,
        "Height_m": 12.8,
        "HasRealHeight": false,
        "RealHeight": null,
        "Street": "Kurmannapalem Road / Duvvada",
        "City": "Visakhapatnam",
        "Postcode": "530046",
        "State": "Andhra Pradesh",
        "Source": "OpenStreetMap",
        "DataStatus": "REAL_PUBLIC_DATA",
        "HeightStatus": "DEMO_ILLUSTRATIVE_HEIGHT"
      },
      "geometry": {
        "type": "Polygon",
        "coordinates": [
          [
            [
              83.1355581,
              17.7046357
            ],
            [
              83.1355695,
              17.7042842
            ],
            [
              83.1356254,
              17.7042858
            ],
            [
              83.1356241,
              17.7043255
            ],
            [
              83.1356358,
              17.7043258
            ],
            [
              83.1356371,
              17.7042865
            ],
            [
              83.1356999,
              17.7042884
            ],
            [
              83.1356886,
              17.7046385
            ],
            [
              83.1356322,
              17.7046368
            ],
            [
              83.1356325,
              17.7046264
            ],
            [
              83.1356125,
              17.7046259
            ],
            [
              83.1356121,
              17.7046373
            ],
            [
              83.1355581,
              17.7046357
            ]
          ]
        ]
      }
    },
    {
      "type": "Feature",
      "id": "B363",
      "properties": {
        "Building_ID": "B363",
        "Parcel_ID": "LP363",
        "Osm_ID": 1502459952,
        "Name": "Duvvada Building B363",
        "Building_Type": "Commercial",
        "Latitude": 17.70447,
        "Longitude": 83.135826,
        "Area_sq_m": 506.4,
        "Floors": 4,
        "HasRealLevels": false,
        "RealFloors": null,
        "Height_m": 12.8,
        "HasRealHeight": false,
        "RealHeight": null,
        "Street": "Kurmannapalem Road / Duvvada",
        "City": "Visakhapatnam",
        "Postcode": "530046",
        "State": "Andhra Pradesh",
        "Source": "OpenStreetMap",
        "DataStatus": "REAL_PUBLIC_DATA",
        "HeightStatus": "DEMO_ILLUSTRATIVE_HEIGHT"
      },
      "geometry": {
        "type": "Polygon",
        "coordinates": [
          [
            [
              83.1357563,
              17.7046397
            ],
            [
              83.1357677,
              17.7042882
            ],
            [
              83.1358236,
              17.7042899
            ],
            [
              83.1358223,
              17.7043295
            ],
            [
              83.135834,
              17.7043299
            ],
            [
              83.1358353,
              17.7042906
            ],
            [
              83.1358981,
              17.7042924
            ],
            [
              83.1358868,
              17.7046425
            ],
            [
              83.1358304,
              17.7046409
            ],
            [
              83.1358307,
              17.7046305
            ],
            [
              83.1358107,
              17.7046299
            ],
            [
              83.1358103,
              17.7046413
            ],
            [
              83.1357563,
              17.7046397
            ]
          ]
        ]
      }
    },
    {
      "type": "Feature",
      "id": "B364",
      "properties": {
        "Building_ID": "B364",
        "Parcel_ID": "LP364",
        "Osm_ID": 1502459953,
        "Name": "Duvvada Building B364",
        "Building_Type": "Commercial",
        "Latitude": 17.704474,
        "Longitude": 83.136017,
        "Area_sq_m": 506.4,
        "Floors": 4,
        "HasRealLevels": false,
        "RealFloors": null,
        "Height_m": 12.8,
        "HasRealHeight": false,
        "RealHeight": null,
        "Street": "Kurmannapalem Road / Duvvada",
        "City": "Visakhapatnam",
        "Postcode": "530046",
        "State": "Andhra Pradesh",
        "Source": "OpenStreetMap",
        "DataStatus": "REAL_PUBLIC_DATA",
        "HeightStatus": "DEMO_ILLUSTRATIVE_HEIGHT"
      },
      "geometry": {
        "type": "Polygon",
        "coordinates": [
          [
            [
              83.1359474,
              17.7046438
            ],
            [
              83.1359588,
              17.7042923
            ],
            [
              83.1360147,
              17.7042939
            ],
            [
              83.1360135,
              17.7043336
            ],
            [
              83.1360251,
              17.7043339
            ],
            [
              83.1360264,
              17.7042946
            ],
            [
              83.1360892,
              17.7042964
            ],
            [
              83.1360779,
              17.7046466
            ],
            [
              83.1360215,
              17.7046449
            ],
            [
              83.1360218,
              17.7046345
            ],
            [
              83.1360018,
              17.704634
            ],
            [
              83.1360014,
              17.7046454
            ],
            [
              83.1359474,
              17.7046438
            ]
          ]
        ]
      }
    },
    {
      "type": "Feature",
      "id": "B365",
      "properties": {
        "Building_ID": "B365",
        "Parcel_ID": "LP365",
        "Osm_ID": 1502459954,
        "Name": "Duvvada Building B365",
        "Building_Type": "Commercial",
        "Latitude": 17.704052,
        "Longitude": 83.135641,
        "Area_sq_m": 506.6,
        "Floors": 4,
        "HasRealLevels": false,
        "RealFloors": null,
        "Height_m": 12.8,
        "HasRealHeight": false,
        "RealHeight": null,
        "Street": "Kurmannapalem Road / Duvvada",
        "City": "Visakhapatnam",
        "Postcode": "530046",
        "State": "Andhra Pradesh",
        "Source": "OpenStreetMap",
        "DataStatus": "REAL_PUBLIC_DATA",
        "HeightStatus": "DEMO_ILLUSTRATIVE_HEIGHT"
      },
      "geometry": {
        "type": "Polygon",
        "coordinates": [
          [
            [
              83.1355722,
              17.7042217
            ],
            [
              83.1355837,
              17.7038702
            ],
            [
              83.1356396,
              17.7038718
            ],
            [
              83.1356383,
              17.7039114
            ],
            [
              83.13565,
              17.7039118
            ],
            [
              83.1356512,
              17.7038725
            ],
            [
              83.1357141,
              17.7038743
            ],
            [
              83.1357028,
              17.7042245
            ],
            [
              83.1356463,
              17.7042228
            ],
            [
              83.1356467,
              17.7042124
            ],
            [
              83.1356267,
              17.7042118
            ],
            [
              83.1356263,
              17.7042233
            ],
            [
              83.1355722,
              17.7042217
            ]
          ]
        ]
      }
    },
    {
      "type": "Feature",
      "id": "B366",
      "properties": {
        "Building_ID": "B366",
        "Parcel_ID": "LP366",
        "Osm_ID": 1502459955,
        "Name": "Duvvada Building B366",
        "Building_Type": "Commercial",
        "Latitude": 17.704058,
        "Longitude": 83.135835,
        "Area_sq_m": 506.4,
        "Floors": 4,
        "HasRealLevels": false,
        "RealFloors": null,
        "Height_m": 12.8,
        "HasRealHeight": false,
        "RealHeight": null,
        "Street": "Kurmannapalem Road / Duvvada",
        "City": "Visakhapatnam",
        "Postcode": "530046",
        "State": "Andhra Pradesh",
        "Source": "OpenStreetMap",
        "DataStatus": "REAL_PUBLIC_DATA",
        "HeightStatus": "DEMO_ILLUSTRATIVE_HEIGHT"
      },
      "geometry": {
        "type": "Polygon",
        "coordinates": [
          [
            [
              83.1357662,
              17.7042271
            ],
            [
              83.1357776,
              17.7038756
            ],
            [
              83.1358335,
              17.7038772
            ],
            [
              83.1358323,
              17.7039168
            ],
            [
              83.1358439,
              17.7039172
            ],
            [
              83.1358452,
              17.7038779
            ],
            [
              83.135908,
              17.7038797
            ],
            [
              83.1358967,
              17.7042298
            ],
            [
              83.1358403,
              17.7042282
            ],
            [
              83.1358406,
              17.7042178
            ],
            [
              83.1358206,
              17.7042172
            ],
            [
              83.1358202,
              17.7042287
            ],
            [
              83.1357662,
              17.7042271
            ]
          ]
        ]
      }
    },
    {
      "type": "Feature",
      "id": "B367",
      "properties": {
        "Building_ID": "B367",
        "Parcel_ID": "LP367",
        "Osm_ID": 1502459956,
        "Name": "Duvvada Building B367",
        "Building_Type": "Commercial",
        "Latitude": 17.704073,
        "Longitude": 83.136031,
        "Area_sq_m": 506.6,
        "Floors": 4,
        "HasRealLevels": false,
        "RealFloors": null,
        "Height_m": 12.8,
        "HasRealHeight": false,
        "RealHeight": null,
        "Street": "Kurmannapalem Road / Duvvada",
        "City": "Visakhapatnam",
        "Postcode": "530046",
        "State": "Andhra Pradesh",
        "Source": "OpenStreetMap",
        "DataStatus": "REAL_PUBLIC_DATA",
        "HeightStatus": "DEMO_ILLUSTRATIVE_HEIGHT"
      },
      "geometry": {
        "type": "Polygon",
        "coordinates": [
          [
            [
              83.1359615,
              17.7042419
            ],
            [
              83.135973,
              17.7038904
            ],
            [
              83.1360289,
              17.703892
            ],
            [
              83.1360276,
              17.7039317
            ],
            [
              83.1360393,
              17.703932
            ],
            [
              83.1360405,
              17.7038927
            ],
            [
              83.1361034,
              17.7038946
            ],
            [
              83.1360921,
              17.7042447
            ],
            [
              83.1360356,
              17.704243
            ],
            [
              83.136036,
              17.7042326
            ],
            [
              83.136016,
              17.7042321
            ],
            [
              83.1360156,
              17.7042435
            ],
            [
              83.1359615,
              17.7042419
            ]
          ]
        ]
      }
    },
    {
      "type": "Feature",
      "id": "B368",
      "properties": {
        "Building_ID": "B368",
        "Parcel_ID": "LP368",
        "Osm_ID": 1502459957,
        "Name": "Duvvada Building B368",
        "Building_Type": "Commercial",
        "Latitude": 17.704071,
        "Longitude": 83.136422,
        "Area_sq_m": 506.4,
        "Floors": 4,
        "HasRealLevels": false,
        "RealFloors": null,
        "Height_m": 12.8,
        "HasRealHeight": false,
        "RealHeight": null,
        "Street": "Kurmannapalem Road / Duvvada",
        "City": "Visakhapatnam",
        "Postcode": "530046",
        "State": "Andhra Pradesh",
        "Source": "OpenStreetMap",
        "DataStatus": "REAL_PUBLIC_DATA",
        "HeightStatus": "DEMO_ILLUSTRATIVE_HEIGHT"
      },
      "geometry": {
        "type": "Polygon",
        "coordinates": [
          [
            [
              83.1363523,
              17.7042406
            ],
            [
              83.1363637,
              17.703889
            ],
            [
              83.1364196,
              17.7038907
            ],
            [
              83.1364183,
              17.7039303
            ],
            [
              83.13643,
              17.7039307
            ],
            [
              83.1364313,
              17.7038914
            ],
            [
              83.1364941,
              17.7038932
            ],
            [
              83.1364828,
              17.7042433
            ],
            [
              83.1364264,
              17.7042417
            ],
            [
              83.1364267,
              17.7042313
            ],
            [
              83.1364067,
              17.7042307
            ],
            [
              83.1364063,
              17.7042422
            ],
            [
              83.1363523,
              17.7042406
            ]
          ]
        ]
      }
    },
    {
      "type": "Feature",
      "id": "B369",
      "properties": {
        "Building_ID": "B369",
        "Parcel_ID": "LP369",
        "Osm_ID": 1502459958,
        "Name": "Duvvada Building B369",
        "Building_Type": "Commercial",
        "Latitude": 17.704078,
        "Longitude": 83.136617,
        "Area_sq_m": 506.6,
        "Floors": 4,
        "HasRealLevels": false,
        "RealFloors": null,
        "Height_m": 12.8,
        "HasRealHeight": false,
        "RealHeight": null,
        "Street": "Kurmannapalem Road / Duvvada",
        "City": "Visakhapatnam",
        "Postcode": "530046",
        "State": "Andhra Pradesh",
        "Source": "OpenStreetMap",
        "DataStatus": "REAL_PUBLIC_DATA",
        "HeightStatus": "DEMO_ILLUSTRATIVE_HEIGHT"
      },
      "geometry": {
        "type": "Polygon",
        "coordinates": [
          [
            [
              83.1365476,
              17.7042473
            ],
            [
              83.1365591,
              17.7038958
            ],
            [
              83.136615,
              17.7038974
            ],
            [
              83.1366137,
              17.7039371
            ],
            [
              83.1366254,
              17.7039374
            ],
            [
              83.1366266,
              17.7038981
            ],
            [
              83.1366895,
              17.7038999
            ],
            [
              83.1366782,
              17.7042501
            ],
            [
              83.1366217,
              17.7042484
            ],
            [
              83.1366221,
              17.704238
            ],
            [
              83.1366021,
              17.7042375
            ],
            [
              83.1366017,
              17.7042489
            ],
            [
              83.1365476,
              17.7042473
            ]
          ]
        ]
      }
    },
    {
      "type": "Feature",
      "id": "B370",
      "properties": {
        "Building_ID": "B370",
        "Parcel_ID": "LP370",
        "Osm_ID": 1502459959,
        "Name": "Duvvada Building B370",
        "Building_Type": "Commercial",
        "Latitude": 17.704082,
        "Longitude": 83.136812,
        "Area_sq_m": 506.4,
        "Floors": 4,
        "HasRealLevels": false,
        "RealFloors": null,
        "Height_m": 12.8,
        "HasRealHeight": false,
        "RealHeight": null,
        "Street": "Kurmannapalem Road / Duvvada",
        "City": "Visakhapatnam",
        "Postcode": "530046",
        "State": "Andhra Pradesh",
        "Source": "OpenStreetMap",
        "DataStatus": "REAL_PUBLIC_DATA",
        "HeightStatus": "DEMO_ILLUSTRATIVE_HEIGHT"
      },
      "geometry": {
        "type": "Polygon",
        "coordinates": [
          [
            [
              83.136743,
              17.7042513
            ],
            [
              83.1367544,
              17.7038998
            ],
            [
              83.1368104,
              17.7039015
            ],
            [
              83.1368091,
              17.7039411
            ],
            [
              83.1368207,
              17.7039415
            ],
            [
              83.136822,
              17.7039022
            ],
            [
              83.1368848,
              17.703904
            ],
            [
              83.1368735,
              17.7042541
            ],
            [
              83.1368171,
              17.7042525
            ],
            [
              83.1368174,
              17.7042421
            ],
            [
              83.1367974,
              17.7042415
            ],
            [
              83.1367971,
              17.7042529
            ],
            [
              83.136743,
              17.7042513
            ]
          ]
        ]
      }
    },
    {
      "type": "Feature",
      "id": "B371",
      "properties": {
        "Building_ID": "B371",
        "Parcel_ID": "LP371",
        "Osm_ID": 1502459960,
        "Name": "Duvvada Building B371",
        "Building_Type": "Commercial",
        "Latitude": 17.70409,
        "Longitude": 83.137008,
        "Area_sq_m": 506.6,
        "Floors": 4,
        "HasRealLevels": false,
        "RealFloors": null,
        "Height_m": 12.8,
        "HasRealHeight": false,
        "RealHeight": null,
        "Street": "Kurmannapalem Road / Duvvada",
        "City": "Visakhapatnam",
        "Postcode": "530046",
        "State": "Andhra Pradesh",
        "Source": "OpenStreetMap",
        "DataStatus": "REAL_PUBLIC_DATA",
        "HeightStatus": "DEMO_ILLUSTRATIVE_HEIGHT"
      },
      "geometry": {
        "type": "Polygon",
        "coordinates": [
          [
            [
              83.1369383,
              17.7042594
            ],
            [
              83.1369498,
              17.7039079
            ],
            [
              83.1370057,
              17.7039096
            ],
            [
              83.1370044,
              17.7039492
            ],
            [
              83.1370161,
              17.7039495
            ],
            [
              83.1370174,
              17.7039102
            ],
            [
              83.1370802,
              17.7039121
            ],
            [
              83.1370689,
              17.7042622
            ],
            [
              83.1370124,
              17.7042606
            ],
            [
              83.1370128,
              17.7042502
            ],
            [
              83.1369928,
              17.7042496
            ],
            [
              83.1369924,
              17.704261
            ],
            [
              83.1369383,
              17.7042594
            ]
          ]
        ]
      }
    },
    {
      "type": "Feature",
      "id": "B372",
      "properties": {
        "Building_ID": "B372",
        "Parcel_ID": "LP372",
        "Osm_ID": 1502459961,
        "Name": "Duvvada Building B372",
        "Building_Type": "Commercial",
        "Latitude": 17.704076,
        "Longitude": 83.137314,
        "Area_sq_m": 451.5,
        "Floors": 4,
        "HasRealLevels": false,
        "RealFloors": null,
        "Height_m": 12.8,
        "HasRealHeight": false,
        "RealHeight": null,
        "Street": "Kurmannapalem Road / Duvvada",
        "City": "Visakhapatnam",
        "Postcode": "530046",
        "State": "Andhra Pradesh",
        "Source": "OpenStreetMap",
        "DataStatus": "REAL_PUBLIC_DATA",
        "HeightStatus": "DEMO_ILLUSTRATIVE_HEIGHT"
      },
      "geometry": {
        "type": "Polygon",
        "coordinates": [
          [
            [
              83.1372446,
              17.7042291
            ],
            [
              83.1372539,
              17.7039101
            ],
            [
              83.137317,
              17.7039118
            ],
            [
              83.1373158,
              17.7039507
            ],
            [
              83.1373257,
              17.7039509
            ],
            [
              83.1373267,
              17.7039156
            ],
            [
              83.1373826,
              17.7039171
            ],
            [
              83.1373735,
              17.7042313
            ],
            [
              83.137319,
              17.7042299
            ],
            [
              83.1373193,
              17.7042196
            ],
            [
              83.1372977,
              17.704219
            ],
            [
              83.1372973,
              17.7042305
            ],
            [
              83.1372446,
              17.7042291
            ]
          ]
        ]
      }
    },
    {
      "type": "Feature",
      "id": "B373",
      "properties": {
        "Building_ID": "B373",
        "Parcel_ID": "LP373",
        "Osm_ID": 1502459962,
        "Name": "Duvvada Building B373",
        "Building_Type": "Commercial",
        "Latitude": 17.704969,
        "Longitude": 83.135992,
        "Area_sq_m": 506.4,
        "Floors": 4,
        "HasRealLevels": false,
        "RealFloors": null,
        "Height_m": 12.8,
        "HasRealHeight": false,
        "RealHeight": null,
        "Street": "Kurmannapalem Road / Duvvada",
        "City": "Visakhapatnam",
        "Postcode": "530046",
        "State": "Andhra Pradesh",
        "Source": "OpenStreetMap",
        "DataStatus": "REAL_PUBLIC_DATA",
        "HeightStatus": "DEMO_ILLUSTRATIVE_HEIGHT"
      },
      "geometry": {
        "type": "Polygon",
        "coordinates": [
          [
            [
              83.1359232,
              17.7051384
            ],
            [
              83.1359346,
              17.7047869
            ],
            [
              83.1359906,
              17.7047885
            ],
            [
              83.1359893,
              17.7048281
            ],
            [
              83.1360009,
              17.7048285
            ],
            [
              83.1360022,
              17.7047892
            ],
            [
              83.136065,
              17.704791
            ],
            [
              83.1360537,
              17.7051412
            ],
            [
              83.1359973,
              17.7051395
            ],
            [
              83.1359976,
              17.7051291
            ],
            [
              83.1359776,
              17.7051285
            ],
            [
              83.1359772,
              17.70514
            ],
            [
              83.1359232,
              17.7051384
            ]
          ]
        ]
      }
    },
    {
      "type": "Feature",
      "id": "B374",
      "properties": {
        "Building_ID": "B374",
        "Parcel_ID": "LP374",
        "Osm_ID": 1502459963,
        "Name": "Duvvada Building B374",
        "Building_Type": "Commercial",
        "Latitude": 17.704966,
        "Longitude": 83.135804,
        "Area_sq_m": 506.6,
        "Floors": 4,
        "HasRealLevels": false,
        "RealFloors": null,
        "Height_m": 12.8,
        "HasRealHeight": false,
        "RealHeight": null,
        "Street": "Kurmannapalem Road / Duvvada",
        "City": "Visakhapatnam",
        "Postcode": "530046",
        "State": "Andhra Pradesh",
        "Source": "OpenStreetMap",
        "DataStatus": "REAL_PUBLIC_DATA",
        "HeightStatus": "DEMO_ILLUSTRATIVE_HEIGHT"
      },
      "geometry": {
        "type": "Polygon",
        "coordinates": [
          [
            [
              83.1357349,
              17.7051357
            ],
            [
              83.1357463,
              17.7047842
            ],
            [
              83.1358023,
              17.7047858
            ],
            [
              83.135801,
              17.7048254
            ],
            [
              83.1358126,
              17.7048258
            ],
            [
              83.1358139,
              17.7047865
            ],
            [
              83.1358767,
              17.7047883
            ],
            [
              83.1358655,
              17.7051385
            ],
            [
              83.135809,
              17.7051368
            ],
            [
              83.1358093,
              17.7051264
            ],
            [
              83.1357893,
              17.7051258
            ],
            [
              83.135789,
              17.7051373
            ],
            [
              83.1357349,
              17.7051357
            ]
          ]
        ]
      }
    },
    {
      "type": "Feature",
      "id": "B375",
      "properties": {
        "Building_ID": "B375",
        "Parcel_ID": "LP375",
        "Osm_ID": 1502459964,
        "Name": "Duvvada Building B375",
        "Building_Type": "Commercial",
        "Latitude": 17.704962,
        "Longitude": 83.135613,
        "Area_sq_m": 506.4,
        "Floors": 4,
        "HasRealLevels": false,
        "RealFloors": null,
        "Height_m": 12.8,
        "HasRealHeight": false,
        "RealHeight": null,
        "Street": "Kurmannapalem Road / Duvvada",
        "City": "Visakhapatnam",
        "Postcode": "530046",
        "State": "Andhra Pradesh",
        "Source": "OpenStreetMap",
        "DataStatus": "REAL_PUBLIC_DATA",
        "HeightStatus": "DEMO_ILLUSTRATIVE_HEIGHT"
      },
      "geometry": {
        "type": "Polygon",
        "coordinates": [
          [
            [
              83.1355438,
              17.7051316
            ],
            [
              83.1355552,
              17.7047801
            ],
            [
              83.1356111,
              17.7047818
            ],
            [
              83.1356099,
              17.7048214
            ],
            [
              83.1356215,
              17.7048217
            ],
            [
              83.1356228,
              17.7047824
            ],
            [
              83.1356856,
              17.7047843
            ],
            [
              83.1356743,
              17.7051344
            ],
            [
              83.1356179,
              17.7051328
            ],
            [
              83.1356182,
              17.7051224
            ],
            [
              83.1355982,
              17.7051218
            ],
            [
              83.1355978,
              17.7051332
            ],
            [
              83.1355438,
              17.7051316
            ]
          ]
        ]
      }
    },
    {
      "type": "Feature",
      "id": "B376",
      "properties": {
        "Building_ID": "B376",
        "Parcel_ID": "LP376",
        "Osm_ID": 1502459965,
        "Name": "Duvvada Building B376",
        "Building_Type": "Commercial",
        "Latitude": 17.705035,
        "Longitude": 83.135341,
        "Area_sq_m": 506.4,
        "Floors": 4,
        "HasRealLevels": false,
        "RealFloors": null,
        "Height_m": 12.8,
        "HasRealHeight": false,
        "RealHeight": null,
        "Street": "Kurmannapalem Road / Duvvada",
        "City": "Visakhapatnam",
        "Postcode": "530046",
        "State": "Andhra Pradesh",
        "Source": "OpenStreetMap",
        "DataStatus": "REAL_PUBLIC_DATA",
        "HeightStatus": "DEMO_ILLUSTRATIVE_HEIGHT"
      },
      "geometry": {
        "type": "Polygon",
        "coordinates": [
          [
            [
              83.135272,
              17.7052045
            ],
            [
              83.1352834,
              17.7048529
            ],
            [
              83.1353393,
              17.7048546
            ],
            [
              83.1353381,
              17.7048942
            ],
            [
              83.1353497,
              17.7048946
            ],
            [
              83.135351,
              17.7048553
            ],
            [
              83.1354138,
              17.7048571
            ],
            [
              83.1354025,
              17.7052072
            ],
            [
              83.1353461,
              17.7052056
            ],
            [
              83.1353464,
              17.7051952
            ],
            [
              83.1353264,
              17.7051946
            ],
            [
              83.135326,
              17.7052061
            ],
            [
              83.135272,
              17.7052045
            ]
          ]
        ]
      }
    },
    {
      "type": "Feature",
      "id": "B377",
      "properties": {
        "Building_ID": "B377",
        "Parcel_ID": "LP377",
        "Osm_ID": 1502459966,
        "Name": "Duvvada Building B377",
        "Building_Type": "Commercial",
        "Latitude": 17.705094,
        "Longitude": 83.135149,
        "Area_sq_m": 506.6,
        "Floors": 4,
        "HasRealLevels": false,
        "RealFloors": null,
        "Height_m": 12.8,
        "HasRealHeight": false,
        "RealHeight": null,
        "Street": "Kurmannapalem Road / Duvvada",
        "City": "Visakhapatnam",
        "Postcode": "530046",
        "State": "Andhra Pradesh",
        "Source": "OpenStreetMap",
        "DataStatus": "REAL_PUBLIC_DATA",
        "HeightStatus": "DEMO_ILLUSTRATIVE_HEIGHT"
      },
      "geometry": {
        "type": "Polygon",
        "coordinates": [
          [
            [
              83.1350794,
              17.7052638
            ],
            [
              83.1350909,
              17.7049123
            ],
            [
              83.1351468,
              17.7049139
            ],
            [
              83.1351455,
              17.7049536
            ],
            [
              83.1351572,
              17.7049539
            ],
            [
              83.1351584,
              17.7049146
            ],
            [
              83.1352213,
              17.7049164
            ],
            [
              83.13521,
              17.7052666
            ],
            [
              83.1351535,
              17.7052649
            ],
            [
              83.1351539,
              17.7052545
            ],
            [
              83.1351339,
              17.705254
            ],
            [
              83.1351335,
              17.7052654
            ],
            [
              83.1350794,
              17.7052638
            ]
          ]
        ]
      }
    },
    {
      "type": "Feature",
      "id": "B378",
      "properties": {
        "Building_ID": "B378",
        "Parcel_ID": "LP378",
        "Osm_ID": 1502459967,
        "Name": "Duvvada Building B378",
        "Building_Type": "Commercial",
        "Latitude": 17.705146,
        "Longitude": 83.134955,
        "Area_sq_m": 506.4,
        "Floors": 4,
        "HasRealLevels": false,
        "RealFloors": null,
        "Height_m": 12.8,
        "HasRealHeight": false,
        "RealHeight": null,
        "Street": "Kurmannapalem Road / Duvvada",
        "City": "Visakhapatnam",
        "Postcode": "530046",
        "State": "Andhra Pradesh",
        "Source": "OpenStreetMap",
        "DataStatus": "REAL_PUBLIC_DATA",
        "HeightStatus": "DEMO_ILLUSTRATIVE_HEIGHT"
      },
      "geometry": {
        "type": "Polygon",
        "coordinates": [
          [
            [
              83.1348855,
              17.705315
            ],
            [
              83.1348969,
              17.7049635
            ],
            [
              83.1349529,
              17.7049652
            ],
            [
              83.1349516,
              17.7050048
            ],
            [
              83.1349632,
              17.7050052
            ],
            [
              83.1349645,
              17.7049659
            ],
            [
              83.1350273,
              17.7049677
            ],
            [
              83.135016,
              17.7053178
            ],
            [
              83.1349596,
              17.7053162
            ],
            [
              83.1349599,
              17.7053058
            ],
            [
              83.1349399,
              17.7053052
            ],
            [
              83.1349396,
              17.7053166
            ],
            [
              83.1348855,
              17.705315
            ]
          ]
        ]
      }
    },
    {
      "type": "Feature",
      "id": "B379",
      "properties": {
        "Building_ID": "B379",
        "Parcel_ID": "LP379",
        "Osm_ID": 1502459997,
        "Name": "Duvvada Building B379",
        "Building_Type": "Independent House",
        "Latitude": 17.709192,
        "Longitude": 83.137432,
        "Area_sq_m": 27.3,
        "Floors": 2,
        "HasRealLevels": false,
        "RealFloors": null,
        "Height_m": 6.4,
        "HasRealHeight": false,
        "RealHeight": null,
        "Street": "Kurmannapalem Road / Duvvada",
        "City": "Visakhapatnam",
        "Postcode": "530046",
        "State": "Andhra Pradesh",
        "Source": "OpenStreetMap",
        "DataStatus": "REAL_PUBLIC_DATA",
        "HeightStatus": "DEMO_ILLUSTRATIVE_HEIGHT"
      },
      "geometry": {
        "type": "Polygon",
        "coordinates": [
          [
            [
              83.1374319,
              17.7092265
            ],
            [
              83.1373962,
              17.7091964
            ],
            [
              83.1374317,
              17.7091582
            ],
            [
              83.1374674,
              17.7091882
            ],
            [
              83.1374319,
              17.7092265
            ]
          ]
        ]
      }
    },
    {
      "type": "Feature",
      "id": "B380",
      "properties": {
        "Building_ID": "B380",
        "Parcel_ID": "LP380",
        "Osm_ID": 1502459998,
        "Name": "Duvvada Building B380",
        "Building_Type": "Independent House",
        "Latitude": 17.70915,
        "Longitude": 83.137472,
        "Area_sq_m": 27.3,
        "Floors": 2,
        "HasRealLevels": false,
        "RealFloors": null,
        "Height_m": 6.4,
        "HasRealHeight": false,
        "RealHeight": null,
        "Street": "Kurmannapalem Road / Duvvada",
        "City": "Visakhapatnam",
        "Postcode": "530046",
        "State": "Andhra Pradesh",
        "Source": "OpenStreetMap",
        "DataStatus": "REAL_PUBLIC_DATA",
        "HeightStatus": "DEMO_ILLUSTRATIVE_HEIGHT"
      },
      "geometry": {
        "type": "Polygon",
        "coordinates": [
          [
            [
              83.1374718,
              17.7091842
            ],
            [
              83.1374361,
              17.7091542
            ],
            [
              83.1374716,
              17.7091159
            ],
            [
              83.1375073,
              17.7091459
            ],
            [
              83.1374718,
              17.7091842
            ]
          ]
        ]
      }
    },
    {
      "type": "Feature",
      "id": "B381",
      "properties": {
        "Building_ID": "B381",
        "Parcel_ID": "LP381",
        "Osm_ID": 1502459999,
        "Name": "Duvvada Building B381",
        "Building_Type": "Independent House",
        "Latitude": 17.709107,
        "Longitude": 83.137511,
        "Area_sq_m": 27.3,
        "Floors": 2,
        "HasRealLevels": false,
        "RealFloors": null,
        "Height_m": 6.4,
        "HasRealHeight": false,
        "RealHeight": null,
        "Street": "Kurmannapalem Road / Duvvada",
        "City": "Visakhapatnam",
        "Postcode": "530046",
        "State": "Andhra Pradesh",
        "Source": "OpenStreetMap",
        "DataStatus": "REAL_PUBLIC_DATA",
        "HeightStatus": "DEMO_ILLUSTRATIVE_HEIGHT"
      },
      "geometry": {
        "type": "Polygon",
        "coordinates": [
          [
            [
              83.1375115,
              17.7091415
            ],
            [
              83.1374758,
              17.7091115
            ],
            [
              83.1375113,
              17.7090732
            ],
            [
              83.137547,
              17.7091032
            ],
            [
              83.1375115,
              17.7091415
            ]
          ]
        ]
      }
    },
    {
      "type": "Feature",
      "id": "B382",
      "properties": {
        "Building_ID": "B382",
        "Parcel_ID": "LP382",
        "Osm_ID": 1502460000,
        "Name": "Duvvada Building B382",
        "Building_Type": "Independent House",
        "Latitude": 17.709066,
        "Longitude": 83.137551,
        "Area_sq_m": 27.3,
        "Floors": 2,
        "HasRealLevels": false,
        "RealFloors": null,
        "Height_m": 6.4,
        "HasRealHeight": false,
        "RealHeight": null,
        "Street": "Kurmannapalem Road / Duvvada",
        "City": "Visakhapatnam",
        "Postcode": "530046",
        "State": "Andhra Pradesh",
        "Source": "OpenStreetMap",
        "DataStatus": "REAL_PUBLIC_DATA",
        "HeightStatus": "DEMO_ILLUSTRATIVE_HEIGHT"
      },
      "geometry": {
        "type": "Polygon",
        "coordinates": [
          [
            [
              83.1375512,
              17.7091001
            ],
            [
              83.1375155,
              17.7090701
            ],
            [
              83.137551,
              17.7090318
            ],
            [
              83.1375867,
              17.7090619
            ],
            [
              83.1375512,
              17.7091001
            ]
          ]
        ]
      }
    },
    {
      "type": "Feature",
      "id": "B383",
      "properties": {
        "Building_ID": "B383",
        "Parcel_ID": "LP383",
        "Osm_ID": 1502460001,
        "Name": "Duvvada Building B383",
        "Building_Type": "Independent House",
        "Latitude": 17.709029,
        "Longitude": 83.137508,
        "Area_sq_m": 27.3,
        "Floors": 2,
        "HasRealLevels": false,
        "RealFloors": null,
        "Height_m": 6.4,
        "HasRealHeight": false,
        "RealHeight": null,
        "Street": "Kurmannapalem Road / Duvvada",
        "City": "Visakhapatnam",
        "Postcode": "530046",
        "State": "Andhra Pradesh",
        "Source": "OpenStreetMap",
        "DataStatus": "REAL_PUBLIC_DATA",
        "HeightStatus": "DEMO_ILLUSTRATIVE_HEIGHT"
      },
      "geometry": {
        "type": "Polygon",
        "coordinates": [
          [
            [
              83.1375078,
              17.7090636
            ],
            [
              83.1374721,
              17.7090336
            ],
            [
              83.1375075,
              17.7089953
            ],
            [
              83.1375433,
              17.7090254
            ],
            [
              83.1375078,
              17.7090636
            ]
          ]
        ]
      }
    },
    {
      "type": "Feature",
      "id": "B384",
      "properties": {
        "Building_ID": "B384",
        "Parcel_ID": "LP384",
        "Osm_ID": 1502460002,
        "Name": "Duvvada Building B384",
        "Building_Type": "Independent House",
        "Latitude": 17.709071,
        "Longitude": 83.137472,
        "Area_sq_m": 27.3,
        "Floors": 2,
        "HasRealLevels": false,
        "RealFloors": null,
        "Height_m": 6.4,
        "HasRealHeight": false,
        "RealHeight": null,
        "Street": "Kurmannapalem Road / Duvvada",
        "City": "Visakhapatnam",
        "Postcode": "530046",
        "State": "Andhra Pradesh",
        "Source": "OpenStreetMap",
        "DataStatus": "REAL_PUBLIC_DATA",
        "HeightStatus": "DEMO_ILLUSTRATIVE_HEIGHT"
      },
      "geometry": {
        "type": "Polygon",
        "coordinates": [
          [
            [
              83.1374718,
              17.709105
            ],
            [
              83.1374361,
              17.709075
            ],
            [
              83.1374716,
              17.7090367
            ],
            [
              83.1375073,
              17.7090667
            ],
            [
              83.1374718,
              17.709105
            ]
          ]
        ]
      }
    },
    {
      "type": "Feature",
      "id": "B385",
      "properties": {
        "Building_ID": "B385",
        "Parcel_ID": "LP385",
        "Osm_ID": 1502460003,
        "Name": "Duvvada Building B385",
        "Building_Type": "Independent House",
        "Latitude": 17.709113,
        "Longitude": 83.137433,
        "Area_sq_m": 27.3,
        "Floors": 2,
        "HasRealLevels": false,
        "RealFloors": null,
        "Height_m": 6.4,
        "HasRealHeight": false,
        "RealHeight": null,
        "Street": "Kurmannapalem Road / Duvvada",
        "City": "Visakhapatnam",
        "Postcode": "530046",
        "State": "Andhra Pradesh",
        "Source": "OpenStreetMap",
        "DataStatus": "REAL_PUBLIC_DATA",
        "HeightStatus": "DEMO_ILLUSTRATIVE_HEIGHT"
      },
      "geometry": {
        "type": "Polygon",
        "coordinates": [
          [
            [
              83.1374326,
              17.7091468
            ],
            [
              83.1373969,
              17.7091168
            ],
            [
              83.1374324,
              17.7090785
            ],
            [
              83.1374681,
              17.7091086
            ],
            [
              83.1374326,
              17.7091468
            ]
          ]
        ]
      }
    },
    {
      "type": "Feature",
      "id": "B386",
      "properties": {
        "Building_ID": "B386",
        "Parcel_ID": "LP386",
        "Osm_ID": 1502460004,
        "Name": "Duvvada Building B386",
        "Building_Type": "Independent House",
        "Latitude": 17.709154,
        "Longitude": 83.137393,
        "Area_sq_m": 27.3,
        "Floors": 2,
        "HasRealLevels": false,
        "RealFloors": null,
        "Height_m": 6.4,
        "HasRealHeight": false,
        "RealHeight": null,
        "Street": "Kurmannapalem Road / Duvvada",
        "City": "Visakhapatnam",
        "Postcode": "530046",
        "State": "Andhra Pradesh",
        "Source": "OpenStreetMap",
        "DataStatus": "REAL_PUBLIC_DATA",
        "HeightStatus": "DEMO_ILLUSTRATIVE_HEIGHT"
      },
      "geometry": {
        "type": "Polygon",
        "coordinates": [
          [
            [
              83.1373934,
              17.7091882
            ],
            [
              83.1373577,
              17.7091582
            ],
            [
              83.1373931,
              17.7091199
            ],
            [
              83.1374288,
              17.7091499
            ],
            [
              83.1373934,
              17.7091882
            ]
          ]
        ]
      }
    },
    {
      "type": "Feature",
      "id": "B387",
      "properties": {
        "Building_ID": "B387",
        "Parcel_ID": "LP387",
        "Osm_ID": 1502460005,
        "Name": "Duvvada Building B387",
        "Building_Type": "Independent House",
        "Latitude": 17.708903,
        "Longitude": 83.137455,
        "Area_sq_m": 27.3,
        "Floors": 2,
        "HasRealLevels": false,
        "RealFloors": null,
        "Height_m": 6.4,
        "HasRealHeight": false,
        "RealHeight": null,
        "Street": "Kurmannapalem Road / Duvvada",
        "City": "Visakhapatnam",
        "Postcode": "530046",
        "State": "Andhra Pradesh",
        "Source": "OpenStreetMap",
        "DataStatus": "REAL_PUBLIC_DATA",
        "HeightStatus": "DEMO_ILLUSTRATIVE_HEIGHT"
      },
      "geometry": {
        "type": "Polygon",
        "coordinates": [
          [
            [
              83.137455,
              17.7089369
            ],
            [
              83.1374193,
              17.7089068
            ],
            [
              83.1374548,
              17.7088685
            ],
            [
              83.1374905,
              17.7088986
            ],
            [
              83.137455,
              17.7089369
            ]
          ]
        ]
      }
    },
    {
      "type": "Feature",
      "id": "B388",
      "properties": {
        "Building_ID": "B388",
        "Parcel_ID": "LP388",
        "Osm_ID": 1502460006,
        "Name": "Duvvada Building B388",
        "Building_Type": "Independent House",
        "Latitude": 17.708866,
        "Longitude": 83.137415,
        "Area_sq_m": 27.3,
        "Floors": 2,
        "HasRealLevels": false,
        "RealFloors": null,
        "Height_m": 6.4,
        "HasRealHeight": false,
        "RealHeight": null,
        "Street": "Kurmannapalem Road / Duvvada",
        "City": "Visakhapatnam",
        "Postcode": "530046",
        "State": "Andhra Pradesh",
        "Source": "OpenStreetMap",
        "DataStatus": "REAL_PUBLIC_DATA",
        "HeightStatus": "DEMO_ILLUSTRATIVE_HEIGHT"
      },
      "geometry": {
        "type": "Polygon",
        "coordinates": [
          [
            [
              83.1374153,
              17.7088999
            ],
            [
              83.1373796,
              17.7088699
            ],
            [
              83.1374151,
              17.7088316
            ],
            [
              83.1374508,
              17.7088617
            ],
            [
              83.1374153,
              17.7088999
            ]
          ]
        ]
      }
    },
    {
      "type": "Feature",
      "id": "B389",
      "properties": {
        "Building_ID": "B389",
        "Parcel_ID": "LP389",
        "Osm_ID": 1502460007,
        "Name": "Duvvada Building B389",
        "Building_Type": "Independent House",
        "Latitude": 17.708948,
        "Longitude": 83.137336,
        "Area_sq_m": 27.3,
        "Floors": 2,
        "HasRealLevels": false,
        "RealFloors": null,
        "Height_m": 6.4,
        "HasRealHeight": false,
        "RealHeight": null,
        "Street": "Kurmannapalem Road / Duvvada",
        "City": "Visakhapatnam",
        "Postcode": "530046",
        "State": "Andhra Pradesh",
        "Source": "OpenStreetMap",
        "DataStatus": "REAL_PUBLIC_DATA",
        "HeightStatus": "DEMO_ILLUSTRATIVE_HEIGHT"
      },
      "geometry": {
        "type": "Polygon",
        "coordinates": [
          [
            [
              83.1373359,
              17.7089822
            ],
            [
              83.1373002,
              17.7089522
            ],
            [
              83.1373357,
              17.7089139
            ],
            [
              83.1373714,
              17.708944
            ],
            [
              83.1373359,
              17.7089822
            ]
          ]
        ]
      }
    },
    {
      "type": "Feature",
      "id": "B390",
      "properties": {
        "Building_ID": "B390",
        "Parcel_ID": "LP390",
        "Osm_ID": 1502460008,
        "Name": "Duvvada Building B390",
        "Building_Type": "Independent House",
        "Latitude": 17.708944,
        "Longitude": 83.137417,
        "Area_sq_m": 27.3,
        "Floors": 2,
        "HasRealLevels": false,
        "RealFloors": null,
        "Height_m": 6.4,
        "HasRealHeight": false,
        "RealHeight": null,
        "Street": "Kurmannapalem Road / Duvvada",
        "City": "Visakhapatnam",
        "Postcode": "530046",
        "State": "Andhra Pradesh",
        "Source": "OpenStreetMap",
        "DataStatus": "REAL_PUBLIC_DATA",
        "HeightStatus": "DEMO_ILLUSTRATIVE_HEIGHT"
      },
      "geometry": {
        "type": "Polygon",
        "coordinates": [
          [
            [
              83.1374167,
              17.7089782
            ],
            [
              83.137381,
              17.7089482
            ],
            [
              83.1374165,
              17.7089099
            ],
            [
              83.1374522,
              17.70894
            ],
            [
              83.1374167,
              17.7089782
            ]
          ]
        ]
      }
    },
    {
      "type": "Feature",
      "id": "B391",
      "properties": {
        "Building_ID": "B391",
        "Parcel_ID": "LP391",
        "Osm_ID": 1502460009,
        "Name": "Duvvada Building B391",
        "Building_Type": "Independent House",
        "Latitude": 17.708987,
        "Longitude": 83.137376,
        "Area_sq_m": 27.3,
        "Floors": 2,
        "HasRealLevels": false,
        "RealFloors": null,
        "Height_m": 6.4,
        "HasRealHeight": false,
        "RealHeight": null,
        "Street": "Kurmannapalem Road / Duvvada",
        "City": "Visakhapatnam",
        "Postcode": "530046",
        "State": "Andhra Pradesh",
        "Source": "OpenStreetMap",
        "DataStatus": "REAL_PUBLIC_DATA",
        "HeightStatus": "DEMO_ILLUSTRATIVE_HEIGHT"
      },
      "geometry": {
        "type": "Polygon",
        "coordinates": [
          [
            [
              83.1373765,
              17.7090209
            ],
            [
              83.1373408,
              17.7089909
            ],
            [
              83.1373763,
              17.7089526
            ],
            [
              83.137412,
              17.7089827
            ],
            [
              83.1373765,
              17.7090209
            ]
          ]
        ]
      }
    },
    {
      "type": "Feature",
      "id": "B392",
      "properties": {
        "Building_ID": "B392",
        "Parcel_ID": "LP392",
        "Osm_ID": 1502460010,
        "Name": "Duvvada Building B392",
        "Building_Type": "Independent House",
        "Latitude": 17.709029,
        "Longitude": 83.137337,
        "Area_sq_m": 27.3,
        "Floors": 2,
        "HasRealLevels": false,
        "RealFloors": null,
        "Height_m": 6.4,
        "HasRealHeight": false,
        "RealHeight": null,
        "Street": "Kurmannapalem Road / Duvvada",
        "City": "Visakhapatnam",
        "Postcode": "530046",
        "State": "Andhra Pradesh",
        "Source": "OpenStreetMap",
        "DataStatus": "REAL_PUBLIC_DATA",
        "HeightStatus": "DEMO_ILLUSTRATIVE_HEIGHT"
      },
      "geometry": {
        "type": "Polygon",
        "coordinates": [
          [
            [
              83.1373373,
              17.7090632
            ],
            [
              83.1373016,
              17.7090332
            ],
            [
              83.1373371,
              17.7089949
            ],
            [
              83.1373728,
              17.7090249
            ],
            [
              83.1373373,
              17.7090632
            ]
          ]
        ]
      }
    },
    {
      "type": "Feature",
      "id": "B393",
      "properties": {
        "Building_ID": "B393",
        "Parcel_ID": "LP393",
        "Osm_ID": 1502460011,
        "Name": "Duvvada Building B393",
        "Building_Type": "Independent House",
        "Latitude": 17.70895,
        "Longitude": 83.137168,
        "Area_sq_m": 27.3,
        "Floors": 2,
        "HasRealLevels": false,
        "RealFloors": null,
        "Height_m": 6.4,
        "HasRealHeight": false,
        "RealHeight": null,
        "Street": "Kurmannapalem Road / Duvvada",
        "City": "Visakhapatnam",
        "Postcode": "530046",
        "State": "Andhra Pradesh",
        "Source": "OpenStreetMap",
        "DataStatus": "REAL_PUBLIC_DATA",
        "HeightStatus": "DEMO_ILLUSTRATIVE_HEIGHT"
      },
      "geometry": {
        "type": "Polygon",
        "coordinates": [
          [
            [
              83.1371684,
              17.7089842
            ],
            [
              83.1371327,
              17.7089542
            ],
            [
              83.1371682,
              17.7089159
            ],
            [
              83.1372039,
              17.7089459
            ],
            [
              83.1371684,
              17.7089842
            ]
          ]
        ]
      }
    },
    {
      "type": "Feature",
      "id": "B394",
      "properties": {
        "Building_ID": "B394",
        "Parcel_ID": "LP394",
        "Osm_ID": 1502460012,
        "Name": "Duvvada Building B394",
        "Building_Type": "Independent House",
        "Latitude": 17.708907,
        "Longitude": 83.137207,
        "Area_sq_m": 27.3,
        "Floors": 2,
        "HasRealLevels": false,
        "RealFloors": null,
        "Height_m": 6.4,
        "HasRealHeight": false,
        "RealHeight": null,
        "Street": "Kurmannapalem Road / Duvvada",
        "City": "Visakhapatnam",
        "Postcode": "530046",
        "State": "Andhra Pradesh",
        "Source": "OpenStreetMap",
        "DataStatus": "REAL_PUBLIC_DATA",
        "HeightStatus": "DEMO_ILLUSTRATIVE_HEIGHT"
      },
      "geometry": {
        "type": "Polygon",
        "coordinates": [
          [
            [
              83.1372066,
              17.7089408
            ],
            [
              83.1371709,
              17.7089107
            ],
            [
              83.1372064,
              17.7088725
            ],
            [
              83.1372421,
              17.7089025
            ],
            [
              83.1372066,
              17.7089408
            ]
          ]
        ]
      }
    },
    {
      "type": "Feature",
      "id": "B395",
      "properties": {
        "Building_ID": "B395",
        "Parcel_ID": "LP395",
        "Osm_ID": 1502460013,
        "Name": "Duvvada Building B395",
        "Building_Type": "Independent House",
        "Latitude": 17.708864,
        "Longitude": 83.137245,
        "Area_sq_m": 27.3,
        "Floors": 2,
        "HasRealLevels": false,
        "RealFloors": null,
        "Height_m": 6.4,
        "HasRealHeight": false,
        "RealHeight": null,
        "Street": "Kurmannapalem Road / Duvvada",
        "City": "Visakhapatnam",
        "Postcode": "530046",
        "State": "Andhra Pradesh",
        "Source": "OpenStreetMap",
        "DataStatus": "REAL_PUBLIC_DATA",
        "HeightStatus": "DEMO_ILLUSTRATIVE_HEIGHT"
      },
      "geometry": {
        "type": "Polygon",
        "coordinates": [
          [
            [
              83.1372448,
              17.7088979
            ],
            [
              83.1372091,
              17.7088679
            ],
            [
              83.1372446,
              17.7088296
            ],
            [
              83.1372803,
              17.7088597
            ],
            [
              83.1372448,
              17.7088979
            ]
          ]
        ]
      }
    },
    {
      "type": "Feature",
      "id": "B396",
      "properties": {
        "Building_ID": "B396",
        "Parcel_ID": "LP396",
        "Osm_ID": 1502460014,
        "Name": "Duvvada Building B396",
        "Building_Type": "Independent House",
        "Latitude": 17.708823,
        "Longitude": 83.137284,
        "Area_sq_m": 27.3,
        "Floors": 2,
        "HasRealLevels": false,
        "RealFloors": null,
        "Height_m": 6.4,
        "HasRealHeight": false,
        "RealHeight": null,
        "Street": "Kurmannapalem Road / Duvvada",
        "City": "Visakhapatnam",
        "Postcode": "530046",
        "State": "Andhra Pradesh",
        "Source": "OpenStreetMap",
        "DataStatus": "REAL_PUBLIC_DATA",
        "HeightStatus": "DEMO_ILLUSTRATIVE_HEIGHT"
      },
      "geometry": {
        "type": "Polygon",
        "coordinates": [
          [
            [
              83.1372843,
              17.7088574
            ],
            [
              83.1372485,
              17.7088274
            ],
            [
              83.137284,
              17.7087891
            ],
            [
              83.1373197,
              17.7088192
            ],
            [
              83.1372843,
              17.7088574
            ]
          ]
        ]
      }
    },
    {
      "type": "Feature",
      "id": "B397",
      "properties": {
        "Building_ID": "B397",
        "Parcel_ID": "LP397",
        "Osm_ID": 1502460015,
        "Name": "Duvvada Building B397",
        "Building_Type": "Independent House",
        "Latitude": 17.70878,
        "Longitude": 83.137325,
        "Area_sq_m": 27.3,
        "Floors": 2,
        "HasRealLevels": false,
        "RealFloors": null,
        "Height_m": 6.4,
        "HasRealHeight": false,
        "RealHeight": null,
        "Street": "Kurmannapalem Road / Duvvada",
        "City": "Visakhapatnam",
        "Postcode": "530046",
        "State": "Andhra Pradesh",
        "Source": "OpenStreetMap",
        "DataStatus": "REAL_PUBLIC_DATA",
        "HeightStatus": "DEMO_ILLUSTRATIVE_HEIGHT"
      },
      "geometry": {
        "type": "Polygon",
        "coordinates": [
          [
            [
              83.1373255,
              17.7088146
            ],
            [
              83.1372898,
              17.7087845
            ],
            [
              83.1373253,
              17.7087463
            ],
            [
              83.137361,
              17.7087763
            ],
            [
              83.1373255,
              17.7088146
            ]
          ]
        ]
      }
    },
    {
      "type": "Feature",
      "id": "B398",
      "properties": {
        "Building_ID": "B398",
        "Parcel_ID": "LP398",
        "Osm_ID": 1502460016,
        "Name": "Duvvada Building B398",
        "Building_Type": "Independent House",
        "Latitude": 17.708782,
        "Longitude": 83.137247,
        "Area_sq_m": 27.3,
        "Floors": 2,
        "HasRealLevels": false,
        "RealFloors": null,
        "Height_m": 6.4,
        "HasRealHeight": false,
        "RealHeight": null,
        "Street": "Kurmannapalem Road / Duvvada",
        "City": "Visakhapatnam",
        "Postcode": "530046",
        "State": "Andhra Pradesh",
        "Source": "OpenStreetMap",
        "DataStatus": "REAL_PUBLIC_DATA",
        "HeightStatus": "DEMO_ILLUSTRATIVE_HEIGHT"
      },
      "geometry": {
        "type": "Polygon",
        "coordinates": [
          [
            [
              83.1372473,
              17.7088163
            ],
            [
              83.1372116,
              17.7087863
            ],
            [
              83.1372471,
              17.708748
            ],
            [
              83.1372828,
              17.7087781
            ],
            [
              83.1372473,
              17.7088163
            ]
          ]
        ]
      }
    },
    {
      "type": "Feature",
      "id": "B399",
      "properties": {
        "Building_ID": "B399",
        "Parcel_ID": "LP399",
        "Osm_ID": 1502460017,
        "Name": "Duvvada Building B399",
        "Building_Type": "Independent House",
        "Latitude": 17.708825,
        "Longitude": 83.137204,
        "Area_sq_m": 27.3,
        "Floors": 2,
        "HasRealLevels": false,
        "RealFloors": null,
        "Height_m": 6.4,
        "HasRealHeight": false,
        "RealHeight": null,
        "Street": "Kurmannapalem Road / Duvvada",
        "City": "Visakhapatnam",
        "Postcode": "530046",
        "State": "Andhra Pradesh",
        "Source": "OpenStreetMap",
        "DataStatus": "REAL_PUBLIC_DATA",
        "HeightStatus": "DEMO_ILLUSTRATIVE_HEIGHT"
      },
      "geometry": {
        "type": "Polygon",
        "coordinates": [
          [
            [
              83.1372041,
              17.7088592
            ],
            [
              83.1371684,
              17.7088291
            ],
            [
              83.1372039,
              17.7087909
            ],
            [
              83.1372396,
              17.7088209
            ],
            [
              83.1372041,
              17.7088592
            ]
          ]
        ]
      }
    },
    {
      "type": "Feature",
      "id": "B400",
      "properties": {
        "Building_ID": "B400",
        "Parcel_ID": "LP400",
        "Osm_ID": 1502460018,
        "Name": "Duvvada Building B400",
        "Building_Type": "Independent House",
        "Latitude": 17.70887,
        "Longitude": 83.137166,
        "Area_sq_m": 27.3,
        "Floors": 2,
        "HasRealLevels": false,
        "RealFloors": null,
        "Height_m": 6.4,
        "HasRealHeight": false,
        "RealHeight": null,
        "Street": "Kurmannapalem Road / Duvvada",
        "City": "Visakhapatnam",
        "Postcode": "530046",
        "State": "Andhra Pradesh",
        "Source": "OpenStreetMap",
        "DataStatus": "REAL_PUBLIC_DATA",
        "HeightStatus": "DEMO_ILLUSTRATIVE_HEIGHT"
      },
      "geometry": {
        "type": "Polygon",
        "coordinates": [
          [
            [
              83.1371659,
              17.7089038
            ],
            [
              83.1371302,
              17.7088738
            ],
            [
              83.1371657,
              17.7088355
            ],
            [
              83.1372014,
              17.7088655
            ],
            [
              83.1371659,
              17.7089038
            ]
          ]
        ]
      }
    },
    {
      "type": "Feature",
      "id": "B401",
      "properties": {
        "Building_ID": "B401",
        "Parcel_ID": "LP401",
        "Osm_ID": 1502460019,
        "Name": "Duvvada Building B401",
        "Building_Type": "Independent House",
        "Latitude": 17.708665,
        "Longitude": 83.137192,
        "Area_sq_m": 27.3,
        "Floors": 2,
        "HasRealLevels": false,
        "RealFloors": null,
        "Height_m": 6.4,
        "HasRealHeight": false,
        "RealHeight": null,
        "Street": "Kurmannapalem Road / Duvvada",
        "City": "Visakhapatnam",
        "Postcode": "530046",
        "State": "Andhra Pradesh",
        "Source": "OpenStreetMap",
        "DataStatus": "REAL_PUBLIC_DATA",
        "HeightStatus": "DEMO_ILLUSTRATIVE_HEIGHT"
      },
      "geometry": {
        "type": "Polygon",
        "coordinates": [
          [
            [
              83.1371918,
              17.7086989
            ],
            [
              83.1371561,
              17.7086689
            ],
            [
              83.1371916,
              17.7086306
            ],
            [
              83.1372273,
              17.7086607
            ],
            [
              83.1371918,
              17.7086989
            ]
          ]
        ]
      }
    },
    {
      "type": "Feature",
      "id": "B402",
      "properties": {
        "Building_ID": "B402",
        "Parcel_ID": "LP402",
        "Osm_ID": 1502460020,
        "Name": "Duvvada Building B402",
        "Building_Type": "Independent House",
        "Latitude": 17.708704,
        "Longitude": 83.137154,
        "Area_sq_m": 27.3,
        "Floors": 2,
        "HasRealLevels": false,
        "RealFloors": null,
        "Height_m": 6.4,
        "HasRealHeight": false,
        "RealHeight": null,
        "Street": "Kurmannapalem Road / Duvvada",
        "City": "Visakhapatnam",
        "Postcode": "530046",
        "State": "Andhra Pradesh",
        "Source": "OpenStreetMap",
        "DataStatus": "REAL_PUBLIC_DATA",
        "HeightStatus": "DEMO_ILLUSTRATIVE_HEIGHT"
      },
      "geometry": {
        "type": "Polygon",
        "coordinates": [
          [
            [
              83.1371536,
              17.7087383
            ],
            [
              83.1371179,
              17.7087082
            ],
            [
              83.1371534,
              17.70867
            ],
            [
              83.1371891,
              17.7087
            ],
            [
              83.1371536,
              17.7087383
            ]
          ]
        ]
      }
    },
    {
      "type": "Feature",
      "id": "B403",
      "properties": {
        "Building_ID": "B403",
        "Parcel_ID": "LP403",
        "Osm_ID": 1502460021,
        "Name": "Duvvada Building B403",
        "Building_Type": "Independent House",
        "Latitude": 17.708745,
        "Longitude": 83.137112,
        "Area_sq_m": 27.3,
        "Floors": 2,
        "HasRealLevels": false,
        "RealFloors": null,
        "Height_m": 6.4,
        "HasRealHeight": false,
        "RealHeight": null,
        "Street": "Kurmannapalem Road / Duvvada",
        "City": "Visakhapatnam",
        "Postcode": "530046",
        "State": "Andhra Pradesh",
        "Source": "OpenStreetMap",
        "DataStatus": "REAL_PUBLIC_DATA",
        "HeightStatus": "DEMO_ILLUSTRATIVE_HEIGHT"
      },
      "geometry": {
        "type": "Polygon",
        "coordinates": [
          [
            [
              83.1371117,
              17.7087794
            ],
            [
              83.137076,
              17.7087493
            ],
            [
              83.1371115,
              17.708711
            ],
            [
              83.1371472,
              17.7087411
            ],
            [
              83.1371117,
              17.7087794
            ]
          ]
        ]
      }
    },
    {
      "type": "Feature",
      "id": "B404",
      "properties": {
        "Building_ID": "B404",
        "Parcel_ID": "LP404",
        "Osm_ID": 1502460022,
        "Name": "Duvvada Building B404",
        "Building_Type": "Independent House",
        "Latitude": 17.708788,
        "Longitude": 83.13707,
        "Area_sq_m": 27.3,
        "Floors": 2,
        "HasRealLevels": false,
        "RealFloors": null,
        "Height_m": 6.4,
        "HasRealHeight": false,
        "RealHeight": null,
        "Street": "Kurmannapalem Road / Duvvada",
        "City": "Visakhapatnam",
        "Postcode": "530046",
        "State": "Andhra Pradesh",
        "Source": "OpenStreetMap",
        "DataStatus": "REAL_PUBLIC_DATA",
        "HeightStatus": "DEMO_ILLUSTRATIVE_HEIGHT"
      },
      "geometry": {
        "type": "Polygon",
        "coordinates": [
          [
            [
              83.1370698,
              17.7088222
            ],
            [
              83.1370341,
              17.7087922
            ],
            [
              83.1370696,
              17.7087539
            ],
            [
              83.1371053,
              17.7087839
            ],
            [
              83.1370698,
              17.7088222
            ]
          ]
        ]
      }
    },
    {
      "type": "Feature",
      "id": "B405",
      "properties": {
        "Building_ID": "B405",
        "Parcel_ID": "LP405",
        "Osm_ID": 1502460023,
        "Name": "Duvvada Building B405",
        "Building_Type": "Independent House",
        "Latitude": 17.708789,
        "Longitude": 83.136992,
        "Area_sq_m": 27.3,
        "Floors": 2,
        "HasRealLevels": false,
        "RealFloors": null,
        "Height_m": 6.4,
        "HasRealHeight": false,
        "RealHeight": null,
        "Street": "Kurmannapalem Road / Duvvada",
        "City": "Visakhapatnam",
        "Postcode": "530046",
        "State": "Andhra Pradesh",
        "Source": "OpenStreetMap",
        "DataStatus": "REAL_PUBLIC_DATA",
        "HeightStatus": "DEMO_ILLUSTRATIVE_HEIGHT"
      },
      "geometry": {
        "type": "Polygon",
        "coordinates": [
          [
            [
              83.1369922,
              17.7088228
            ],
            [
              83.1369565,
              17.7087928
            ],
            [
              83.1369919,
              17.7087545
            ],
            [
              83.1370276,
              17.7087845
            ],
            [
              83.1369922,
              17.7088228
            ]
          ]
        ]
      }
    },
    {
      "type": "Feature",
      "id": "B406",
      "properties": {
        "Building_ID": "B406",
        "Parcel_ID": "LP406",
        "Osm_ID": 1502460024,
        "Name": "Duvvada Building B406",
        "Building_Type": "Independent House",
        "Latitude": 17.708708,
        "Longitude": 83.137068,
        "Area_sq_m": 27.3,
        "Floors": 2,
        "HasRealLevels": false,
        "RealFloors": null,
        "Height_m": 6.4,
        "HasRealHeight": false,
        "RealHeight": null,
        "Street": "Kurmannapalem Road / Duvvada",
        "City": "Visakhapatnam",
        "Postcode": "530046",
        "State": "Andhra Pradesh",
        "Source": "OpenStreetMap",
        "DataStatus": "REAL_PUBLIC_DATA",
        "HeightStatus": "DEMO_ILLUSTRATIVE_HEIGHT"
      },
      "geometry": {
        "type": "Polygon",
        "coordinates": [
          [
            [
              83.137068,
              17.7087424
            ],
            [
              83.1370323,
              17.7087123
            ],
            [
              83.1370677,
              17.7086741
            ],
            [
              83.1371034,
              17.7087041
            ],
            [
              83.137068,
              17.7087424
            ]
          ]
        ]
      }
    },
    {
      "type": "Feature",
      "id": "B407",
      "properties": {
        "Building_ID": "B407",
        "Parcel_ID": "LP407",
        "Osm_ID": 1502460025,
        "Name": "Duvvada Building B407",
        "Building_Type": "Independent House",
        "Latitude": 17.708666,
        "Longitude": 83.137109,
        "Area_sq_m": 27.3,
        "Floors": 2,
        "HasRealLevels": false,
        "RealFloors": null,
        "Height_m": 6.4,
        "HasRealHeight": false,
        "RealHeight": null,
        "Street": "Kurmannapalem Road / Duvvada",
        "City": "Visakhapatnam",
        "Postcode": "530046",
        "State": "Andhra Pradesh",
        "Source": "OpenStreetMap",
        "DataStatus": "REAL_PUBLIC_DATA",
        "HeightStatus": "DEMO_ILLUSTRATIVE_HEIGHT"
      },
      "geometry": {
        "type": "Polygon",
        "coordinates": [
          [
            [
              83.1371086,
              17.7087001
            ],
            [
              83.1370729,
              17.7086701
            ],
            [
              83.1371084,
              17.7086318
            ],
            [
              83.1371441,
              17.7086618
            ],
            [
              83.1371086,
              17.7087001
            ]
          ]
        ]
      }
    },
    {
      "type": "Feature",
      "id": "B408",
      "properties": {
        "Building_ID": "B408",
        "Parcel_ID": "LP408",
        "Osm_ID": 1502460026,
        "Name": "Duvvada Building B408",
        "Building_Type": "Independent House",
        "Latitude": 17.708624,
        "Longitude": 83.13715,
        "Area_sq_m": 27.3,
        "Floors": 2,
        "HasRealLevels": false,
        "RealFloors": null,
        "Height_m": 6.4,
        "HasRealHeight": false,
        "RealHeight": null,
        "Street": "Kurmannapalem Road / Duvvada",
        "City": "Visakhapatnam",
        "Postcode": "530046",
        "State": "Andhra Pradesh",
        "Source": "OpenStreetMap",
        "DataStatus": "REAL_PUBLIC_DATA",
        "HeightStatus": "DEMO_ILLUSTRATIVE_HEIGHT"
      },
      "geometry": {
        "type": "Polygon",
        "coordinates": [
          [
            [
              83.1371499,
              17.7086578
            ],
            [
              83.1371142,
              17.7086278
            ],
            [
              83.1371497,
              17.7085895
            ],
            [
              83.1371854,
              17.7086196
            ],
            [
              83.1371499,
              17.7086578
            ]
          ]
        ]
      }
    },
    {
      "type": "Feature",
      "id": "B409",
      "properties": {
        "Building_ID": "B409",
        "Parcel_ID": "LP409",
        "Osm_ID": 1502460027,
        "Name": "Duvvada Building B409",
        "Building_Type": "Independent House",
        "Latitude": 17.708544,
        "Longitude": 83.137056,
        "Area_sq_m": 27.3,
        "Floors": 2,
        "HasRealLevels": false,
        "RealFloors": null,
        "Height_m": 6.4,
        "HasRealHeight": false,
        "RealHeight": null,
        "Street": "Kurmannapalem Road / Duvvada",
        "City": "Visakhapatnam",
        "Postcode": "530046",
        "State": "Andhra Pradesh",
        "Source": "OpenStreetMap",
        "DataStatus": "REAL_PUBLIC_DATA",
        "HeightStatus": "DEMO_ILLUSTRATIVE_HEIGHT"
      },
      "geometry": {
        "type": "Polygon",
        "coordinates": [
          [
            [
              83.1370563,
              17.708578
            ],
            [
              83.1370205,
              17.708548
            ],
            [
              83.137056,
              17.7085097
            ],
            [
              83.1370917,
              17.7085397
            ],
            [
              83.1370563,
              17.708578
            ]
          ]
        ]
      }
    },
    {
      "type": "Feature",
      "id": "B410",
      "properties": {
        "Building_ID": "B410",
        "Parcel_ID": "LP410",
        "Osm_ID": 1502460028,
        "Name": "Duvvada Building B410",
        "Building_Type": "Independent House",
        "Latitude": 17.708588,
        "Longitude": 83.137017,
        "Area_sq_m": 27.3,
        "Floors": 2,
        "HasRealLevels": false,
        "RealFloors": null,
        "Height_m": 6.4,
        "HasRealHeight": false,
        "RealHeight": null,
        "Street": "Kurmannapalem Road / Duvvada",
        "City": "Visakhapatnam",
        "Postcode": "530046",
        "State": "Andhra Pradesh",
        "Source": "OpenStreetMap",
        "DataStatus": "REAL_PUBLIC_DATA",
        "HeightStatus": "DEMO_ILLUSTRATIVE_HEIGHT"
      },
      "geometry": {
        "type": "Polygon",
        "coordinates": [
          [
            [
              83.1370174,
              17.708622
            ],
            [
              83.1369817,
              17.708592
            ],
            [
              83.1370172,
              17.7085537
            ],
            [
              83.1370529,
              17.7085838
            ],
            [
              83.1370174,
              17.708622
            ]
          ]
        ]
      }
    },
    {
      "type": "Feature",
      "id": "B411",
      "properties": {
        "Building_ID": "B411",
        "Parcel_ID": "LP411",
        "Osm_ID": 1502460029,
        "Name": "Duvvada Building B411",
        "Building_Type": "Independent House",
        "Latitude": 17.708628,
        "Longitude": 83.136977,
        "Area_sq_m": 27.3,
        "Floors": 2,
        "HasRealLevels": false,
        "RealFloors": null,
        "Height_m": 6.4,
        "HasRealHeight": false,
        "RealHeight": null,
        "Street": "Kurmannapalem Road / Duvvada",
        "City": "Visakhapatnam",
        "Postcode": "530046",
        "State": "Andhra Pradesh",
        "Source": "OpenStreetMap",
        "DataStatus": "REAL_PUBLIC_DATA",
        "HeightStatus": "DEMO_ILLUSTRATIVE_HEIGHT"
      },
      "geometry": {
        "type": "Polygon",
        "coordinates": [
          [
            [
              83.1369768,
              17.708662
            ],
            [
              83.1369411,
              17.7086319
            ],
            [
              83.1369765,
              17.7085936
            ],
            [
              83.1370122,
              17.7086237
            ],
            [
              83.1369768,
              17.708662
            ]
          ]
        ]
      }
    },
    {
      "type": "Feature",
      "id": "B412",
      "properties": {
        "Building_ID": "B412",
        "Parcel_ID": "LP412",
        "Osm_ID": 1502460030,
        "Name": "Duvvada Building B412",
        "Building_Type": "Independent House",
        "Latitude": 17.708669,
        "Longitude": 83.136936,
        "Area_sq_m": 27.3,
        "Floors": 2,
        "HasRealLevels": false,
        "RealFloors": null,
        "Height_m": 6.4,
        "HasRealHeight": false,
        "RealHeight": null,
        "Street": "Kurmannapalem Road / Duvvada",
        "City": "Visakhapatnam",
        "Postcode": "530046",
        "State": "Andhra Pradesh",
        "Source": "OpenStreetMap",
        "DataStatus": "REAL_PUBLIC_DATA",
        "HeightStatus": "DEMO_ILLUSTRATIVE_HEIGHT"
      },
      "geometry": {
        "type": "Polygon",
        "coordinates": [
          [
            [
              83.1369361,
              17.708703
            ],
            [
              83.1369004,
              17.708673
            ],
            [
              83.1369359,
              17.7086347
            ],
            [
              83.1369716,
              17.7086648
            ],
            [
              83.1369361,
              17.708703
            ]
          ]
        ]
      }
    },
    {
      "type": "Feature",
      "id": "B413",
      "properties": {
        "Building_ID": "B413",
        "Parcel_ID": "LP413",
        "Osm_ID": 1502460031,
        "Name": "Duvvada Building B413",
        "Building_Type": "Independent House",
        "Latitude": 17.708594,
        "Longitude": 83.136729,
        "Area_sq_m": 27.3,
        "Floors": 2,
        "HasRealLevels": false,
        "RealFloors": null,
        "Height_m": 6.4,
        "HasRealHeight": false,
        "RealHeight": null,
        "Street": "Kurmannapalem Road / Duvvada",
        "City": "Visakhapatnam",
        "Postcode": "530046",
        "State": "Andhra Pradesh",
        "Source": "OpenStreetMap",
        "DataStatus": "REAL_PUBLIC_DATA",
        "HeightStatus": "DEMO_ILLUSTRATIVE_HEIGHT"
      },
      "geometry": {
        "type": "Polygon",
        "coordinates": [
          [
            [
              83.136729,
              17.7086285
            ],
            [
              83.1366933,
              17.7085985
            ],
            [
              83.1367288,
              17.7085602
            ],
            [
              83.1367645,
              17.7085902
            ],
            [
              83.136729,
              17.7086285
            ]
          ]
        ]
      }
    },
    {
      "type": "Feature",
      "id": "B414",
      "properties": {
        "Building_ID": "B414",
        "Parcel_ID": "LP414",
        "Osm_ID": 1502460032,
        "Name": "Duvvada Building B414",
        "Building_Type": "Independent House",
        "Latitude": 17.708553,
        "Longitude": 83.136767,
        "Area_sq_m": 27.3,
        "Floors": 2,
        "HasRealLevels": false,
        "RealFloors": null,
        "Height_m": 6.4,
        "HasRealHeight": false,
        "RealHeight": null,
        "Street": "Kurmannapalem Road / Duvvada",
        "City": "Visakhapatnam",
        "Postcode": "530046",
        "State": "Andhra Pradesh",
        "Source": "OpenStreetMap",
        "DataStatus": "REAL_PUBLIC_DATA",
        "HeightStatus": "DEMO_ILLUSTRATIVE_HEIGHT"
      },
      "geometry": {
        "type": "Polygon",
        "coordinates": [
          [
            [
              83.1367673,
              17.7085874
            ],
            [
              83.1367315,
              17.7085574
            ],
            [
              83.136767,
              17.7085191
            ],
            [
              83.1368027,
              17.7085491
            ],
            [
              83.1367673,
              17.7085874
            ]
          ]
        ]
      }
    },
    {
      "type": "Feature",
      "id": "B415",
      "properties": {
        "Building_ID": "B415",
        "Parcel_ID": "LP415",
        "Osm_ID": 1502460033,
        "Name": "Duvvada Building B415",
        "Building_Type": "Independent House",
        "Latitude": 17.708514,
        "Longitude": 83.136807,
        "Area_sq_m": 27.3,
        "Floors": 2,
        "HasRealLevels": false,
        "RealFloors": null,
        "Height_m": 6.4,
        "HasRealHeight": false,
        "RealHeight": null,
        "Street": "Kurmannapalem Road / Duvvada",
        "City": "Visakhapatnam",
        "Postcode": "530046",
        "State": "Andhra Pradesh",
        "Source": "OpenStreetMap",
        "DataStatus": "REAL_PUBLIC_DATA",
        "HeightStatus": "DEMO_ILLUSTRATIVE_HEIGHT"
      },
      "geometry": {
        "type": "Polygon",
        "coordinates": [
          [
            [
              83.1368073,
              17.7085481
            ],
            [
              83.1367716,
              17.708518
            ],
            [
              83.1368071,
              17.7084798
            ],
            [
              83.1368428,
              17.7085098
            ],
            [
              83.1368073,
              17.7085481
            ]
          ]
        ]
      }
    },
    {
      "type": "Feature",
      "id": "B416",
      "properties": {
        "Building_ID": "B416",
        "Parcel_ID": "LP416",
        "Osm_ID": 1502460034,
        "Name": "Duvvada Building B416",
        "Building_Type": "Independent House",
        "Latitude": 17.708472,
        "Longitude": 83.136845,
        "Area_sq_m": 27.3,
        "Floors": 2,
        "HasRealLevels": false,
        "RealFloors": null,
        "Height_m": 6.4,
        "HasRealHeight": false,
        "RealHeight": null,
        "Street": "Kurmannapalem Road / Duvvada",
        "City": "Visakhapatnam",
        "Postcode": "530046",
        "State": "Andhra Pradesh",
        "Source": "OpenStreetMap",
        "DataStatus": "REAL_PUBLIC_DATA",
        "HeightStatus": "DEMO_ILLUSTRATIVE_HEIGHT"
      },
      "geometry": {
        "type": "Polygon",
        "coordinates": [
          [
            [
              83.1368455,
              17.7085058
            ],
            [
              83.1368098,
              17.7084758
            ],
            [
              83.1368453,
              17.7084375
            ],
            [
              83.136881,
              17.7084675
            ],
            [
              83.1368455,
              17.7085058
            ]
          ]
        ]
      }
    },
    {
      "type": "Feature",
      "id": "B417",
      "properties": {
        "Building_ID": "B417",
        "Parcel_ID": "LP417",
        "Osm_ID": 1502460035,
        "Name": "Duvvada Building B417",
        "Building_Type": "Independent House",
        "Latitude": 17.708431,
        "Longitude": 83.136884,
        "Area_sq_m": 27.3,
        "Floors": 2,
        "HasRealLevels": false,
        "RealFloors": null,
        "Height_m": 6.4,
        "HasRealHeight": false,
        "RealHeight": null,
        "Street": "Kurmannapalem Road / Duvvada",
        "City": "Visakhapatnam",
        "Postcode": "530046",
        "State": "Andhra Pradesh",
        "Source": "OpenStreetMap",
        "DataStatus": "REAL_PUBLIC_DATA",
        "HeightStatus": "DEMO_ILLUSTRATIVE_HEIGHT"
      },
      "geometry": {
        "type": "Polygon",
        "coordinates": [
          [
            [
              83.1368843,
              17.7084647
            ],
            [
              83.1368486,
              17.7084347
            ],
            [
              83.1368841,
              17.7083964
            ],
            [
              83.1369198,
              17.7084264
            ],
            [
              83.1368843,
              17.7084647
            ]
          ]
        ]
      }
    },
    {
      "type": "Feature",
      "id": "B418",
      "properties": {
        "Building_ID": "B418",
        "Parcel_ID": "LP418",
        "Osm_ID": 1502460036,
        "Name": "Duvvada Building B418",
        "Building_Type": "Apartment",
        "Latitude": 17.708181,
        "Longitude": 83.135577,
        "Area_sq_m": 224.5,
        "Floors": 5,
        "HasRealLevels": false,
        "RealFloors": null,
        "Height_m": 16,
        "HasRealHeight": false,
        "RealHeight": null,
        "Street": "Kurmannapalem Road / Duvvada",
        "City": "Visakhapatnam",
        "Postcode": "530046",
        "State": "Andhra Pradesh",
        "Source": "OpenStreetMap",
        "DataStatus": "REAL_PUBLIC_DATA",
        "HeightStatus": "DEMO_ILLUSTRATIVE_HEIGHT"
      },
      "geometry": {
        "type": "Polygon",
        "coordinates": [
          [
            [
              83.135582,
              17.708286
            ],
            [
              83.1354801,
              17.7081315
            ],
            [
              83.1355729,
              17.7080759
            ],
            [
              83.1356748,
              17.7082305
            ],
            [
              83.135582,
              17.708286
            ]
          ]
        ]
      }
    },
    {
      "type": "Feature",
      "id": "B419",
      "properties": {
        "Building_ID": "B419",
        "Parcel_ID": "LP419",
        "Osm_ID": 1502460037,
        "Name": "Duvvada Building B419",
        "Building_Type": "Apartment",
        "Latitude": 17.708096,
        "Longitude": 83.13572,
        "Area_sq_m": 224.7,
        "Floors": 5,
        "HasRealLevels": false,
        "RealFloors": null,
        "Height_m": 16,
        "HasRealHeight": false,
        "RealHeight": null,
        "Street": "Kurmannapalem Road / Duvvada",
        "City": "Visakhapatnam",
        "Postcode": "530046",
        "State": "Andhra Pradesh",
        "Source": "OpenStreetMap",
        "DataStatus": "REAL_PUBLIC_DATA",
        "HeightStatus": "DEMO_ILLUSTRATIVE_HEIGHT"
      },
      "geometry": {
        "type": "Polygon",
        "coordinates": [
          [
            [
              83.1357241,
              17.7082012
            ],
            [
              83.1356222,
              17.7080467
            ],
            [
              83.1357151,
              17.7079911
            ],
            [
              83.135817,
              17.7081457
            ],
            [
              83.1357241,
              17.7082012
            ]
          ]
        ]
      }
    },
    {
      "type": "Feature",
      "id": "B420",
      "properties": {
        "Building_ID": "B420",
        "Parcel_ID": "LP420",
        "Osm_ID": 1502460038,
        "Name": "Duvvada Building B420",
        "Building_Type": "Apartment",
        "Latitude": 17.708012,
        "Longitude": 83.135865,
        "Area_sq_m": 224.5,
        "Floors": 5,
        "HasRealLevels": false,
        "RealFloors": null,
        "Height_m": 16,
        "HasRealHeight": false,
        "RealHeight": null,
        "Street": "Kurmannapalem Road / Duvvada",
        "City": "Visakhapatnam",
        "Postcode": "530046",
        "State": "Andhra Pradesh",
        "Source": "OpenStreetMap",
        "DataStatus": "REAL_PUBLIC_DATA",
        "HeightStatus": "DEMO_ILLUSTRATIVE_HEIGHT"
      },
      "geometry": {
        "type": "Polygon",
        "coordinates": [
          [
            [
              83.1358696,
              17.7081167
            ],
            [
              83.1357677,
              17.7079622
            ],
            [
              83.1358605,
              17.7079066
            ],
            [
              83.1359624,
              17.7080611
            ],
            [
              83.1358696,
              17.7081167
            ]
          ]
        ]
      }
    },
    {
      "type": "Feature",
      "id": "B421",
      "properties": {
        "Building_ID": "B421",
        "Parcel_ID": "LP421",
        "Osm_ID": 1502460039,
        "Name": "Duvvada Building B421",
        "Building_Type": "Apartment",
        "Latitude": 17.707913,
        "Longitude": 83.136016,
        "Area_sq_m": 332.4,
        "Floors": 5,
        "HasRealLevels": false,
        "RealFloors": null,
        "Height_m": 16,
        "HasRealHeight": false,
        "RealHeight": null,
        "Street": "Kurmannapalem Road / Duvvada",
        "City": "Visakhapatnam",
        "Postcode": "530046",
        "State": "Andhra Pradesh",
        "Source": "OpenStreetMap",
        "DataStatus": "REAL_PUBLIC_DATA",
        "HeightStatus": "DEMO_ILLUSTRATIVE_HEIGHT"
      },
      "geometry": {
        "type": "Polygon",
        "coordinates": [
          [
            [
              83.1360129,
              17.7080379
            ],
            [
              83.1358995,
              17.7078547
            ],
            [
              83.1360194,
              17.7077873
            ],
            [
              83.1361329,
              17.7079705
            ],
            [
              83.1360129,
              17.7080379
            ]
          ]
        ]
      }
    },
    {
      "type": "Feature",
      "id": "B422",
      "properties": {
        "Building_ID": "B422",
        "Parcel_ID": "LP422",
        "Osm_ID": 1502460040,
        "Name": "Duvvada Building B422",
        "Building_Type": "Apartment",
        "Latitude": 17.707526,
        "Longitude": 83.135786,
        "Area_sq_m": 332.3,
        "Floors": 5,
        "HasRealLevels": false,
        "RealFloors": null,
        "Height_m": 16,
        "HasRealHeight": false,
        "RealHeight": null,
        "Street": "Kurmannapalem Road / Duvvada",
        "City": "Visakhapatnam",
        "Postcode": "530046",
        "State": "Andhra Pradesh",
        "Source": "OpenStreetMap",
        "DataStatus": "REAL_PUBLIC_DATA",
        "HeightStatus": "DEMO_ILLUSTRATIVE_HEIGHT"
      },
      "geometry": {
        "type": "Polygon",
        "coordinates": [
          [
            [
              83.1357829,
              17.7076509
            ],
            [
              83.1356695,
              17.7074677
            ],
            [
              83.1357894,
              17.7074003
            ],
            [
              83.1359028,
              17.7075835
            ],
            [
              83.1357829,
              17.7076509
            ]
          ]
        ]
      }
    },
    {
      "type": "Feature",
      "id": "B423",
      "properties": {
        "Building_ID": "B423",
        "Parcel_ID": "LP423",
        "Osm_ID": 1502460041,
        "Name": "Duvvada Building B423",
        "Building_Type": "Apartment",
        "Latitude": 17.707618,
        "Longitude": 83.135616,
        "Area_sq_m": 332.4,
        "Floors": 5,
        "HasRealLevels": false,
        "RealFloors": null,
        "Height_m": 16,
        "HasRealHeight": false,
        "RealHeight": null,
        "Street": "Kurmannapalem Road / Duvvada",
        "City": "Visakhapatnam",
        "Postcode": "530046",
        "State": "Andhra Pradesh",
        "Source": "OpenStreetMap",
        "DataStatus": "REAL_PUBLIC_DATA",
        "HeightStatus": "DEMO_ILLUSTRATIVE_HEIGHT"
      },
      "geometry": {
        "type": "Polygon",
        "coordinates": [
          [
            [
              83.1356128,
              17.7077436
            ],
            [
              83.1354994,
              17.7075604
            ],
            [
              83.1356193,
              17.707493
            ],
            [
              83.1357328,
              17.7076762
            ],
            [
              83.1356128,
              17.7077436
            ]
          ]
        ]
      }
    },
    {
      "type": "Feature",
      "id": "B424",
      "properties": {
        "Building_ID": "B424",
        "Parcel_ID": "LP424",
        "Osm_ID": 1502460042,
        "Name": "Duvvada Building B424",
        "Building_Type": "Apartment",
        "Latitude": 17.707388,
        "Longitude": 83.135481,
        "Area_sq_m": 332.3,
        "Floors": 5,
        "HasRealLevels": false,
        "RealFloors": null,
        "Height_m": 16,
        "HasRealHeight": false,
        "RealHeight": null,
        "Street": "Kurmannapalem Road / Duvvada",
        "City": "Visakhapatnam",
        "Postcode": "530046",
        "State": "Andhra Pradesh",
        "Source": "OpenStreetMap",
        "DataStatus": "REAL_PUBLIC_DATA",
        "HeightStatus": "DEMO_ILLUSTRATIVE_HEIGHT"
      },
      "geometry": {
        "type": "Polygon",
        "coordinates": [
          [
            [
              83.1354773,
              17.7075135
            ],
            [
              83.1353639,
              17.7073303
            ],
            [
              83.1354838,
              17.7072629
            ],
            [
              83.1355972,
              17.7074461
            ],
            [
              83.1354773,
              17.7075135
            ]
          ]
        ]
      }
    },
    {
      "type": "Feature",
      "id": "B425",
      "properties": {
        "Building_ID": "B425",
        "Parcel_ID": "LP425",
        "Osm_ID": 1502460043,
        "Name": "Duvvada Building B425",
        "Building_Type": "Apartment",
        "Latitude": 17.707292,
        "Longitude": 83.135653,
        "Area_sq_m": 332.2,
        "Floors": 5,
        "HasRealLevels": false,
        "RealFloors": null,
        "Height_m": 16,
        "HasRealHeight": false,
        "RealHeight": null,
        "Street": "Kurmannapalem Road / Duvvada",
        "City": "Visakhapatnam",
        "Postcode": "530046",
        "State": "Andhra Pradesh",
        "Source": "OpenStreetMap",
        "DataStatus": "REAL_PUBLIC_DATA",
        "HeightStatus": "DEMO_ILLUSTRATIVE_HEIGHT"
      },
      "geometry": {
        "type": "Polygon",
        "coordinates": [
          [
            [
              83.1356498,
              17.7074172
            ],
            [
              83.1355364,
              17.707234
            ],
            [
              83.1356563,
              17.7071667
            ],
            [
              83.1357697,
              17.7073499
            ],
            [
              83.1356498,
              17.7074172
            ]
          ]
        ]
      }
    },
    {
      "type": "Feature",
      "id": "B426",
      "properties": {
        "Building_ID": "B426",
        "Parcel_ID": "LP426",
        "Osm_ID": 1502460044,
        "Name": "Duvvada Building B426",
        "Building_Type": "Apartment",
        "Latitude": 17.707236,
        "Longitude": 83.135034,
        "Area_sq_m": 332.4,
        "Floors": 5,
        "HasRealLevels": false,
        "RealFloors": null,
        "Height_m": 16,
        "HasRealHeight": false,
        "RealHeight": null,
        "Street": "Kurmannapalem Road / Duvvada",
        "City": "Visakhapatnam",
        "Postcode": "530046",
        "State": "Andhra Pradesh",
        "Source": "OpenStreetMap",
        "DataStatus": "REAL_PUBLIC_DATA",
        "HeightStatus": "DEMO_ILLUSTRATIVE_HEIGHT"
      },
      "geometry": {
        "type": "Polygon",
        "coordinates": [
          [
            [
              83.1350311,
              17.7073609
            ],
            [
              83.1349177,
              17.7071777
            ],
            [
              83.1350376,
              17.7071103
            ],
            [
              83.1351511,
              17.7072935
            ],
            [
              83.1350311,
              17.7073609
            ]
          ]
        ]
      }
    },
    {
      "type": "Feature",
      "id": "B427",
      "properties": {
        "Building_ID": "B427",
        "Parcel_ID": "LP427",
        "Osm_ID": 1502460045,
        "Name": "Duvvada Building B427",
        "Building_Type": "Apartment",
        "Latitude": 17.706988,
        "Longitude": 83.134888,
        "Area_sq_m": 332.3,
        "Floors": 5,
        "HasRealLevels": false,
        "RealFloors": null,
        "Height_m": 16,
        "HasRealHeight": false,
        "RealHeight": null,
        "Street": "Kurmannapalem Road / Duvvada",
        "City": "Visakhapatnam",
        "Postcode": "530046",
        "State": "Andhra Pradesh",
        "Source": "OpenStreetMap",
        "DataStatus": "REAL_PUBLIC_DATA",
        "HeightStatus": "DEMO_ILLUSTRATIVE_HEIGHT"
      },
      "geometry": {
        "type": "Polygon",
        "coordinates": [
          [
            [
              83.1348845,
              17.7071132
            ],
            [
              83.1347711,
              17.70693
            ],
            [
              83.134891,
              17.7068626
            ],
            [
              83.1350044,
              17.7070458
            ],
            [
              83.1348845,
              17.7071132
            ]
          ]
        ]
      }
    },
    {
      "type": "Feature",
      "id": "B428",
      "properties": {
        "Building_ID": "B428",
        "Parcel_ID": "LP428",
        "Osm_ID": 1502460047,
        "Name": "Duvvada Building B428",
        "Building_Type": "Apartment",
        "Latitude": 17.706306,
        "Longitude": 83.134921,
        "Area_sq_m": 208.7,
        "Floors": 5,
        "HasRealLevels": false,
        "RealFloors": null,
        "Height_m": 16,
        "HasRealHeight": false,
        "RealHeight": null,
        "Street": "Kurmannapalem Road / Duvvada",
        "City": "Visakhapatnam",
        "Postcode": "530046",
        "State": "Andhra Pradesh",
        "Source": "OpenStreetMap",
        "DataStatus": "REAL_PUBLIC_DATA",
        "HeightStatus": "DEMO_ILLUSTRATIVE_HEIGHT"
      },
      "geometry": {
        "type": "Polygon",
        "coordinates": [
          [
            [
              83.1349315,
              17.7064118
            ],
            [
              83.1348277,
              17.7062466
            ],
            [
              83.1349106,
              17.7061994
            ],
            [
              83.1350144,
              17.7063646
            ],
            [
              83.1349315,
              17.7064118
            ]
          ]
        ]
      }
    },
    {
      "type": "Feature",
      "id": "B429",
      "properties": {
        "Building_ID": "B429",
        "Parcel_ID": "LP429",
        "Osm_ID": 1502460054,
        "Name": "Duvvada Building B429",
        "Building_Type": "Apartment",
        "Latitude": 17.706566,
        "Longitude": 83.135856,
        "Area_sq_m": 240.5,
        "Floors": 5,
        "HasRealLevels": false,
        "RealFloors": null,
        "Height_m": 16,
        "HasRealHeight": false,
        "RealHeight": null,
        "Street": "Kurmannapalem Road / Duvvada",
        "City": "Visakhapatnam",
        "Postcode": "530046",
        "State": "Andhra Pradesh",
        "Source": "OpenStreetMap",
        "DataStatus": "REAL_PUBLIC_DATA",
        "HeightStatus": "DEMO_ILLUSTRATIVE_HEIGHT"
      },
      "geometry": {
        "type": "Polygon",
        "coordinates": [
          [
            [
              83.1357738,
              17.7066654
            ],
            [
              83.1357262,
              17.7065923
            ],
            [
              83.1359378,
              17.7064673
            ],
            [
              83.1359854,
              17.7065405
            ],
            [
              83.1357738,
              17.7066654
            ]
          ]
        ]
      }
    },
    {
      "type": "Feature",
      "id": "B430",
      "properties": {
        "Building_ID": "B430",
        "Parcel_ID": "LP430",
        "Osm_ID": 1502460055,
        "Name": "Duvvada Building B430",
        "Building_Type": "Apartment",
        "Latitude": 17.706423,
        "Longitude": 83.136098,
        "Area_sq_m": 240.6,
        "Floors": 5,
        "HasRealLevels": false,
        "RealFloors": null,
        "Height_m": 16,
        "HasRealHeight": false,
        "RealHeight": null,
        "Street": "Kurmannapalem Road / Duvvada",
        "City": "Visakhapatnam",
        "Postcode": "530046",
        "State": "Andhra Pradesh",
        "Source": "OpenStreetMap",
        "DataStatus": "REAL_PUBLIC_DATA",
        "HeightStatus": "DEMO_ILLUSTRATIVE_HEIGHT"
      },
      "geometry": {
        "type": "Polygon",
        "coordinates": [
          [
            [
              83.1360163,
              17.706522
            ],
            [
              83.1359687,
              17.7064488
            ],
            [
              83.1361803,
              17.7063239
            ],
            [
              83.1362279,
              17.7063971
            ],
            [
              83.1360163,
              17.706522
            ]
          ]
        ]
      }
    },
    {
      "type": "Feature",
      "id": "B431",
      "properties": {
        "Building_ID": "B431",
        "Parcel_ID": "LP431",
        "Osm_ID": 1502460056,
        "Name": "Duvvada Building B431",
        "Building_Type": "Apartment",
        "Latitude": 17.706288,
        "Longitude": 83.136346,
        "Area_sq_m": 240.2,
        "Floors": 5,
        "HasRealLevels": false,
        "RealFloors": null,
        "Height_m": 16,
        "HasRealHeight": false,
        "RealHeight": null,
        "Street": "Kurmannapalem Road / Duvvada",
        "City": "Visakhapatnam",
        "Postcode": "530046",
        "State": "Andhra Pradesh",
        "Source": "OpenStreetMap",
        "DataStatus": "REAL_PUBLIC_DATA",
        "HeightStatus": "DEMO_ILLUSTRATIVE_HEIGHT"
      },
      "geometry": {
        "type": "Polygon",
        "coordinates": [
          [
            [
              83.136264,
              17.7063869
            ],
            [
              83.1362165,
              17.7063138
            ],
            [
              83.1364281,
              17.7061889
            ],
            [
              83.1364756,
              17.706262
            ],
            [
              83.136264,
              17.7063869
            ]
          ]
        ]
      }
    },
    {
      "type": "Feature",
      "id": "B432",
      "properties": {
        "Building_ID": "B432",
        "Parcel_ID": "LP432",
        "Osm_ID": 1502460057,
        "Name": "Duvvada Building B432",
        "Building_Type": "Apartment",
        "Latitude": 17.706151,
        "Longitude": 83.136597,
        "Area_sq_m": 240.4,
        "Floors": 5,
        "HasRealLevels": false,
        "RealFloors": null,
        "Height_m": 16,
        "HasRealHeight": false,
        "RealHeight": null,
        "Street": "Kurmannapalem Road / Duvvada",
        "City": "Visakhapatnam",
        "Postcode": "530046",
        "State": "Andhra Pradesh",
        "Source": "OpenStreetMap",
        "DataStatus": "REAL_PUBLIC_DATA",
        "HeightStatus": "DEMO_ILLUSTRATIVE_HEIGHT"
      },
      "geometry": {
        "type": "Polygon",
        "coordinates": [
          [
            [
              83.1365154,
              17.7062496
            ],
            [
              83.1364679,
              17.7061765
            ],
            [
              83.1366795,
              17.7060515
            ],
            [
              83.1367271,
              17.7061247
            ],
            [
              83.1365154,
              17.7062496
            ]
          ]
        ]
      }
    },
    {
      "type": "Feature",
      "id": "B433",
      "properties": {
        "Building_ID": "B433",
        "Parcel_ID": "LP433",
        "Osm_ID": 1502460058,
        "Name": "Duvvada Building B433",
        "Building_Type": "Apartment",
        "Latitude": 17.706628,
        "Longitude": 83.136223,
        "Area_sq_m": 240.3,
        "Floors": 5,
        "HasRealLevels": false,
        "RealFloors": null,
        "Height_m": 16,
        "HasRealHeight": false,
        "RealHeight": null,
        "Street": "Kurmannapalem Road / Duvvada",
        "City": "Visakhapatnam",
        "Postcode": "530046",
        "State": "Andhra Pradesh",
        "Source": "OpenStreetMap",
        "DataStatus": "REAL_PUBLIC_DATA",
        "HeightStatus": "DEMO_ILLUSTRATIVE_HEIGHT"
      },
      "geometry": {
        "type": "Polygon",
        "coordinates": [
          [
            [
              83.1361408,
              17.7067274
            ],
            [
              83.1360932,
              17.7066543
            ],
            [
              83.1363048,
              17.7065294
            ],
            [
              83.1363524,
              17.7066025
            ],
            [
              83.1361408,
              17.7067274
            ]
          ]
        ]
      }
    },
    {
      "type": "Feature",
      "id": "B434",
      "properties": {
        "Building_ID": "B434",
        "Parcel_ID": "LP434",
        "Osm_ID": 1502460059,
        "Name": "Duvvada Building B434",
        "Building_Type": "Apartment",
        "Latitude": 17.706495,
        "Longitude": 83.136467,
        "Area_sq_m": 240.6,
        "Floors": 5,
        "HasRealLevels": false,
        "RealFloors": null,
        "Height_m": 16,
        "HasRealHeight": false,
        "RealHeight": null,
        "Street": "Kurmannapalem Road / Duvvada",
        "City": "Visakhapatnam",
        "Postcode": "530046",
        "State": "Andhra Pradesh",
        "Source": "OpenStreetMap",
        "DataStatus": "REAL_PUBLIC_DATA",
        "HeightStatus": "DEMO_ILLUSTRATIVE_HEIGHT"
      },
      "geometry": {
        "type": "Polygon",
        "coordinates": [
          [
            [
              83.1363848,
              17.7065936
            ],
            [
              83.1363372,
              17.7065204
            ],
            [
              83.1365488,
              17.7063955
            ],
            [
              83.1365964,
              17.7064687
            ],
            [
              83.1363848,
              17.7065936
            ]
          ]
        ]
      }
    },
    {
      "type": "Feature",
      "id": "B435",
      "properties": {
        "Building_ID": "B435",
        "Parcel_ID": "LP435",
        "Osm_ID": 1502460060,
        "Name": "Duvvada Building B435",
        "Building_Type": "Apartment",
        "Latitude": 17.706352,
        "Longitude": 83.136722,
        "Area_sq_m": 240.3,
        "Floors": 5,
        "HasRealLevels": false,
        "RealFloors": null,
        "Height_m": 16,
        "HasRealHeight": false,
        "RealHeight": null,
        "Street": "Kurmannapalem Road / Duvvada",
        "City": "Visakhapatnam",
        "Postcode": "530046",
        "State": "Andhra Pradesh",
        "Source": "OpenStreetMap",
        "DataStatus": "REAL_PUBLIC_DATA",
        "HeightStatus": "DEMO_ILLUSTRATIVE_HEIGHT"
      },
      "geometry": {
        "type": "Polygon",
        "coordinates": [
          [
            [
              83.1366399,
              17.7064515
            ],
            [
              83.1365923,
              17.7063784
            ],
            [
              83.1368039,
              17.7062535
            ],
            [
              83.1368515,
              17.7063266
            ],
            [
              83.1366399,
              17.7064515
            ]
          ]
        ]
      }
    },
    {
      "type": "Feature",
      "id": "B436",
      "properties": {
        "Building_ID": "B436",
        "Parcel_ID": "LP436",
        "Osm_ID": 1502460061,
        "Name": "Duvvada Building B436",
        "Building_Type": "Apartment",
        "Latitude": 17.707036,
        "Longitude": 83.135318,
        "Area_sq_m": 261.5,
        "Floors": 5,
        "HasRealLevels": false,
        "RealFloors": null,
        "Height_m": 16,
        "HasRealHeight": false,
        "RealHeight": null,
        "Street": "Kurmannapalem Road / Duvvada",
        "City": "Visakhapatnam",
        "Postcode": "530046",
        "State": "Andhra Pradesh",
        "Source": "OpenStreetMap",
        "DataStatus": "REAL_PUBLIC_DATA",
        "HeightStatus": "DEMO_ILLUSTRATIVE_HEIGHT"
      },
      "geometry": {
        "type": "Polygon",
        "coordinates": [
          [
            [
              83.1353296,
              17.7071533
            ],
            [
              83.1352121,
              17.7069759
            ],
            [
              83.1353061,
              17.7069194
            ],
            [
              83.1354235,
              17.7070968
            ],
            [
              83.1353296,
              17.7071533
            ]
          ]
        ]
      }
    },
    {
      "type": "Feature",
      "id": "B437",
      "properties": {
        "Building_ID": "B437",
        "Parcel_ID": "LP437",
        "Osm_ID": 1502460062,
        "Name": "Duvvada Building B437",
        "Building_Type": "Apartment",
        "Latitude": 17.706951,
        "Longitude": 83.135468,
        "Area_sq_m": 261.6,
        "Floors": 5,
        "HasRealLevels": false,
        "RealFloors": null,
        "Height_m": 16,
        "HasRealHeight": false,
        "RealHeight": null,
        "Street": "Kurmannapalem Road / Duvvada",
        "City": "Visakhapatnam",
        "Postcode": "530046",
        "State": "Andhra Pradesh",
        "Source": "OpenStreetMap",
        "DataStatus": "REAL_PUBLIC_DATA",
        "HeightStatus": "DEMO_ILLUSTRATIVE_HEIGHT"
      },
      "geometry": {
        "type": "Polygon",
        "coordinates": [
          [
            [
              83.1354794,
              17.7070684
            ],
            [
              83.1353619,
              17.706891
            ],
            [
              83.1354559,
              17.7068345
            ],
            [
              83.1355734,
              17.7070119
            ],
            [
              83.1354794,
              17.7070684
            ]
          ]
        ]
      }
    },
    {
      "type": "Feature",
      "id": "B438",
      "properties": {
        "Building_ID": "B438",
        "Parcel_ID": "LP438",
        "Osm_ID": 1502460063,
        "Name": "Duvvada Building B438",
        "Building_Type": "Apartment",
        "Latitude": 17.707483,
        "Longitude": 83.136128,
        "Area_sq_m": 235.7,
        "Floors": 5,
        "HasRealLevels": false,
        "RealFloors": null,
        "Height_m": 16,
        "HasRealHeight": false,
        "RealHeight": null,
        "Street": "Kurmannapalem Road / Duvvada",
        "City": "Visakhapatnam",
        "Postcode": "530046",
        "State": "Andhra Pradesh",
        "Source": "OpenStreetMap",
        "DataStatus": "REAL_PUBLIC_DATA",
        "HeightStatus": "DEMO_ILLUSTRATIVE_HEIGHT"
      },
      "geometry": {
        "type": "Polygon",
        "coordinates": [
          [
            [
              83.1361424,
              17.7076041
            ],
            [
              83.1360313,
              17.7074024
            ],
            [
              83.1361129,
              17.7073616
            ],
            [
              83.1362241,
              17.7075632
            ],
            [
              83.1361424,
              17.7076041
            ]
          ]
        ]
      }
    },
    {
      "type": "Feature",
      "id": "B439",
      "properties": {
        "Building_ID": "B439",
        "Parcel_ID": "LP439",
        "Osm_ID": 1502460064,
        "Name": "Duvvada Building B439",
        "Building_Type": "Apartment",
        "Latitude": 17.707416,
        "Longitude": 83.136245,
        "Area_sq_m": 235.6,
        "Floors": 5,
        "HasRealLevels": false,
        "RealFloors": null,
        "Height_m": 16,
        "HasRealHeight": false,
        "RealHeight": null,
        "Street": "Kurmannapalem Road / Duvvada",
        "City": "Visakhapatnam",
        "Postcode": "530046",
        "State": "Andhra Pradesh",
        "Source": "OpenStreetMap",
        "DataStatus": "REAL_PUBLIC_DATA",
        "HeightStatus": "DEMO_ILLUSTRATIVE_HEIGHT"
      },
      "geometry": {
        "type": "Polygon",
        "coordinates": [
          [
            [
              83.1362601,
              17.7075376
            ],
            [
              83.1361489,
              17.707336
            ],
            [
              83.1362305,
              17.7072951
            ],
            [
              83.1363417,
              17.7074968
            ],
            [
              83.1362601,
              17.7075376
            ]
          ]
        ]
      }
    },
    {
      "type": "Feature",
      "id": "B440",
      "properties": {
        "Building_ID": "B440",
        "Parcel_ID": "LP440",
        "Osm_ID": 1502460065,
        "Name": "Duvvada Building B440",
        "Building_Type": "Apartment",
        "Latitude": 17.707217,
        "Longitude": 83.135969,
        "Area_sq_m": 235.8,
        "Floors": 5,
        "HasRealLevels": false,
        "RealFloors": null,
        "Height_m": 16,
        "HasRealHeight": false,
        "RealHeight": null,
        "Street": "Kurmannapalem Road / Duvvada",
        "City": "Visakhapatnam",
        "Postcode": "530046",
        "State": "Andhra Pradesh",
        "Source": "OpenStreetMap",
        "DataStatus": "REAL_PUBLIC_DATA",
        "HeightStatus": "DEMO_ILLUSTRATIVE_HEIGHT"
      },
      "geometry": {
        "type": "Polygon",
        "coordinates": [
          [
            [
              83.135984,
              17.707338
            ],
            [
              83.1358728,
              17.7071364
            ],
            [
              83.1359545,
              17.7070956
            ],
            [
              83.1360657,
              17.7072972
            ],
            [
              83.135984,
              17.707338
            ]
          ]
        ]
      }
    },
    {
      "type": "Feature",
      "id": "B441",
      "properties": {
        "Building_ID": "B441",
        "Parcel_ID": "LP441",
        "Osm_ID": 1502460066,
        "Name": "Duvvada Building B441",
        "Building_Type": "Apartment",
        "Latitude": 17.707155,
        "Longitude": 83.136094,
        "Area_sq_m": 235.6,
        "Floors": 5,
        "HasRealLevels": false,
        "RealFloors": null,
        "Height_m": 16,
        "HasRealHeight": false,
        "RealHeight": null,
        "Street": "Kurmannapalem Road / Duvvada",
        "City": "Visakhapatnam",
        "Postcode": "530046",
        "State": "Andhra Pradesh",
        "Source": "OpenStreetMap",
        "DataStatus": "REAL_PUBLIC_DATA",
        "HeightStatus": "DEMO_ILLUSTRATIVE_HEIGHT"
      },
      "geometry": {
        "type": "Polygon",
        "coordinates": [
          [
            [
              83.1361085,
              17.7072758
            ],
            [
              83.1359973,
              17.7070742
            ],
            [
              83.1360789,
              17.7070333
            ],
            [
              83.1361901,
              17.707235
            ],
            [
              83.1361085,
              17.7072758
            ]
          ]
        ]
      }
    },
    {
      "type": "Feature",
      "id": "B442",
      "properties": {
        "Building_ID": "B442",
        "Parcel_ID": "LP442",
        "Osm_ID": 1502460067,
        "Name": "Duvvada Building B442",
        "Building_Type": "Apartment",
        "Latitude": 17.706978,
        "Longitude": 83.135829,
        "Area_sq_m": 235.7,
        "Floors": 5,
        "HasRealLevels": false,
        "RealFloors": null,
        "Height_m": 16,
        "HasRealHeight": false,
        "RealHeight": null,
        "Street": "Kurmannapalem Road / Duvvada",
        "City": "Visakhapatnam",
        "Postcode": "530046",
        "State": "Andhra Pradesh",
        "Source": "OpenStreetMap",
        "DataStatus": "REAL_PUBLIC_DATA",
        "HeightStatus": "DEMO_ILLUSTRATIVE_HEIGHT"
      },
      "geometry": {
        "type": "Polygon",
        "coordinates": [
          [
            [
              83.1358435,
              17.7070997
            ],
            [
              83.1357324,
              17.7068981
            ],
            [
              83.135814,
              17.7068572
            ],
            [
              83.1359252,
              17.7070589
            ],
            [
              83.1358435,
              17.7070997
            ]
          ]
        ]
      }
    },
    {
      "type": "Feature",
      "id": "B443",
      "properties": {
        "Building_ID": "B443",
        "Parcel_ID": "LP443",
        "Osm_ID": 1502460068,
        "Name": "Duvvada Building B443",
        "Building_Type": "Apartment",
        "Latitude": 17.706907,
        "Longitude": 83.135948,
        "Area_sq_m": 235.7,
        "Floors": 5,
        "HasRealLevels": false,
        "RealFloors": null,
        "Height_m": 16,
        "HasRealHeight": false,
        "RealHeight": null,
        "Street": "Kurmannapalem Road / Duvvada",
        "City": "Visakhapatnam",
        "Postcode": "530046",
        "State": "Andhra Pradesh",
        "Source": "OpenStreetMap",
        "DataStatus": "REAL_PUBLIC_DATA",
        "HeightStatus": "DEMO_ILLUSTRATIVE_HEIGHT"
      },
      "geometry": {
        "type": "Polygon",
        "coordinates": [
          [
            [
              83.135963,
              17.7070281
            ],
            [
              83.1358519,
              17.7068264
            ],
            [
              83.1359335,
              17.7067856
            ],
            [
              83.1360447,
              17.7069872
            ],
            [
              83.135963,
              17.7070281
            ]
          ]
        ]
      }
    },
    {
      "type": "Feature",
      "id": "B444",
      "properties": {
        "Building_ID": "B444",
        "Parcel_ID": "LP444",
        "Osm_ID": 1502460069,
        "Name": "Duvvada Building B444",
        "Building_Type": "Apartment",
        "Latitude": 17.705253,
        "Longitude": 83.136837,
        "Area_sq_m": 235.7,
        "Floors": 5,
        "HasRealLevels": false,
        "RealFloors": null,
        "Height_m": 16,
        "HasRealHeight": false,
        "RealHeight": null,
        "Street": "Kurmannapalem Road / Duvvada",
        "City": "Visakhapatnam",
        "Postcode": "530046",
        "State": "Andhra Pradesh",
        "Source": "OpenStreetMap",
        "DataStatus": "REAL_PUBLIC_DATA",
        "HeightStatus": "DEMO_ILLUSTRATIVE_HEIGHT"
      },
      "geometry": {
        "type": "Polygon",
        "coordinates": [
          [
            [
              83.1368626,
              17.7053726
            ],
            [
              83.1367343,
              17.7051805
            ],
            [
              83.1368121,
              17.7051333
            ],
            [
              83.1369404,
              17.7053255
            ],
            [
              83.1368626,
              17.7053726
            ]
          ]
        ]
      }
    },
    {
      "type": "Feature",
      "id": "B445",
      "properties": {
        "Building_ID": "B445",
        "Parcel_ID": "LP445",
        "Osm_ID": 1502460070,
        "Name": "Duvvada Building B445",
        "Building_Type": "Apartment",
        "Latitude": 17.705181,
        "Longitude": 83.136959,
        "Area_sq_m": 235.8,
        "Floors": 5,
        "HasRealLevels": false,
        "RealFloors": null,
        "Height_m": 16,
        "HasRealHeight": false,
        "RealHeight": null,
        "Street": "Kurmannapalem Road / Duvvada",
        "City": "Visakhapatnam",
        "Postcode": "530046",
        "State": "Andhra Pradesh",
        "Source": "OpenStreetMap",
        "DataStatus": "REAL_PUBLIC_DATA",
        "HeightStatus": "DEMO_ILLUSTRATIVE_HEIGHT"
      },
      "geometry": {
        "type": "Polygon",
        "coordinates": [
          [
            [
              83.1369838,
              17.7053011
            ],
            [
              83.1368555,
              17.7051089
            ],
            [
              83.1369333,
              17.7050618
            ],
            [
              83.1370617,
              17.7052539
            ],
            [
              83.1369838,
              17.7053011
            ]
          ]
        ]
      }
    },
    {
      "type": "Feature",
      "id": "B446",
      "properties": {
        "Building_ID": "B446",
        "Parcel_ID": "LP446",
        "Osm_ID": 1502460071,
        "Name": "Duvvada Building B446",
        "Building_Type": "Apartment",
        "Latitude": 17.705009,
        "Longitude": 83.136688,
        "Area_sq_m": 235.6,
        "Floors": 5,
        "HasRealLevels": false,
        "RealFloors": null,
        "Height_m": 16,
        "HasRealHeight": false,
        "RealHeight": null,
        "Street": "Kurmannapalem Road / Duvvada",
        "City": "Visakhapatnam",
        "Postcode": "530046",
        "State": "Andhra Pradesh",
        "Source": "OpenStreetMap",
        "DataStatus": "REAL_PUBLIC_DATA",
        "HeightStatus": "DEMO_ILLUSTRATIVE_HEIGHT"
      },
      "geometry": {
        "type": "Polygon",
        "coordinates": [
          [
            [
              83.1367135,
              17.7051284
            ],
            [
              83.1365852,
              17.7049362
            ],
            [
              83.1366629,
              17.7048891
            ],
            [
              83.1367913,
              17.7050812
            ],
            [
              83.1367135,
              17.7051284
            ]
          ]
        ]
      }
    },
    {
      "type": "Feature",
      "id": "B447",
      "properties": {
        "Building_ID": "B447",
        "Parcel_ID": "LP447",
        "Osm_ID": 1502460072,
        "Name": "Duvvada Building B447",
        "Building_Type": "Apartment",
        "Latitude": 17.704949,
        "Longitude": 83.136813,
        "Area_sq_m": 235.8,
        "Floors": 5,
        "HasRealLevels": false,
        "RealFloors": null,
        "Height_m": 16,
        "HasRealHeight": false,
        "RealHeight": null,
        "Street": "Kurmannapalem Road / Duvvada",
        "City": "Visakhapatnam",
        "Postcode": "530046",
        "State": "Andhra Pradesh",
        "Source": "OpenStreetMap",
        "DataStatus": "REAL_PUBLIC_DATA",
        "HeightStatus": "DEMO_ILLUSTRATIVE_HEIGHT"
      },
      "geometry": {
        "type": "Polygon",
        "coordinates": [
          [
            [
              83.1368379,
              17.7050691
            ],
            [
              83.1367096,
              17.7048769
            ],
            [
              83.1367874,
              17.7048298
            ],
            [
              83.1369158,
              17.7050219
            ],
            [
              83.1368379,
              17.7050691
            ]
          ]
        ]
      }
    },
    {
      "type": "Feature",
      "id": "B448",
      "properties": {
        "Building_ID": "B448",
        "Parcel_ID": "LP448",
        "Osm_ID": 1502460073,
        "Name": "Duvvada Building B448",
        "Building_Type": "Apartment",
        "Latitude": 17.704996,
        "Longitude": 83.137302,
        "Area_sq_m": 235.6,
        "Floors": 5,
        "HasRealLevels": false,
        "RealFloors": null,
        "Height_m": 16,
        "HasRealHeight": false,
        "RealHeight": null,
        "Street": "Kurmannapalem Road / Duvvada",
        "City": "Visakhapatnam",
        "Postcode": "530046",
        "State": "Andhra Pradesh",
        "Source": "OpenStreetMap",
        "DataStatus": "REAL_PUBLIC_DATA",
        "HeightStatus": "DEMO_ILLUSTRATIVE_HEIGHT"
      },
      "geometry": {
        "type": "Polygon",
        "coordinates": [
          [
            [
              83.1373272,
              17.7051156
            ],
            [
              83.1371989,
              17.7049234
            ],
            [
              83.1372766,
              17.7048763
            ],
            [
              83.137405,
              17.7050684
            ],
            [
              83.1373272,
              17.7051156
            ]
          ]
        ]
      }
    },
    {
      "type": "Feature",
      "id": "B449",
      "properties": {
        "Building_ID": "B449",
        "Parcel_ID": "LP449",
        "Osm_ID": 1502460074,
        "Name": "Duvvada Building B449",
        "Building_Type": "Apartment",
        "Latitude": 17.704764,
        "Longitude": 83.137156,
        "Area_sq_m": 235.7,
        "Floors": 5,
        "HasRealLevels": false,
        "RealFloors": null,
        "Height_m": 16,
        "HasRealHeight": false,
        "RealHeight": null,
        "Street": "Kurmannapalem Road / Duvvada",
        "City": "Visakhapatnam",
        "Postcode": "530046",
        "State": "Andhra Pradesh",
        "Source": "OpenStreetMap",
        "DataStatus": "REAL_PUBLIC_DATA",
        "HeightStatus": "DEMO_ILLUSTRATIVE_HEIGHT"
      },
      "geometry": {
        "type": "Polygon",
        "coordinates": [
          [
            [
              83.1371813,
              17.7048836
            ],
            [
              83.1370529,
              17.7046914
            ],
            [
              83.1371307,
              17.7046443
            ],
            [
              83.1372591,
              17.7048364
            ],
            [
              83.1371813,
              17.7048836
            ]
          ]
        ]
      }
    },
    {
      "type": "Feature",
      "id": "B450",
      "properties": {
        "Building_ID": "B450",
        "Parcel_ID": "LP450",
        "Osm_ID": 1502460075,
        "Name": "Duvvada Building B450",
        "Building_Type": "Apartment",
        "Latitude": 17.704823,
        "Longitude": 83.137032,
        "Area_sq_m": 235.7,
        "Floors": 5,
        "HasRealLevels": false,
        "RealFloors": null,
        "Height_m": 16,
        "HasRealHeight": false,
        "RealHeight": null,
        "Street": "Kurmannapalem Road / Duvvada",
        "City": "Visakhapatnam",
        "Postcode": "530046",
        "State": "Andhra Pradesh",
        "Source": "OpenStreetMap",
        "DataStatus": "REAL_PUBLIC_DATA",
        "HeightStatus": "DEMO_ILLUSTRATIVE_HEIGHT"
      },
      "geometry": {
        "type": "Polygon",
        "coordinates": [
          [
            [
              83.1370568,
              17.7049429
            ],
            [
              83.1369285,
              17.7047507
            ],
            [
              83.1370063,
              17.7047036
            ],
            [
              83.1371346,
              17.7048957
            ],
            [
              83.1370568,
              17.7049429
            ]
          ]
        ]
      }
    },
    {
      "type": "Feature",
      "id": "B451",
      "properties": {
        "Building_ID": "B451",
        "Parcel_ID": "LP451",
        "Osm_ID": 1502460076,
        "Name": "Duvvada Building B451",
        "Building_Type": "Apartment",
        "Latitude": 17.705067,
        "Longitude": 83.137181,
        "Area_sq_m": 235.7,
        "Floors": 5,
        "HasRealLevels": false,
        "RealFloors": null,
        "Height_m": 16,
        "HasRealHeight": false,
        "RealHeight": null,
        "Street": "Kurmannapalem Road / Duvvada",
        "City": "Visakhapatnam",
        "Postcode": "530046",
        "State": "Andhra Pradesh",
        "Source": "OpenStreetMap",
        "DataStatus": "REAL_PUBLIC_DATA",
        "HeightStatus": "DEMO_ILLUSTRATIVE_HEIGHT"
      },
      "geometry": {
        "type": "Polygon",
        "coordinates": [
          [
            [
              83.1372059,
              17.7051871
            ],
            [
              83.1370776,
              17.704995
            ],
            [
              83.1371554,
              17.7049478
            ],
            [
              83.1372837,
              17.70514
            ],
            [
              83.1372059,
              17.7051871
            ]
          ]
        ]
      }
    },
    {
      "type": "Feature",
      "id": "B452",
      "properties": {
        "Building_ID": "B452",
        "Parcel_ID": "LP452",
        "Osm_ID": 1502460077,
        "Name": "Duvvada Building B452",
        "Building_Type": "Apartment",
        "Latitude": 17.704782,
        "Longitude": 83.137641,
        "Area_sq_m": 235.7,
        "Floors": 5,
        "HasRealLevels": false,
        "RealFloors": null,
        "Height_m": 16,
        "HasRealHeight": false,
        "RealHeight": null,
        "Street": "Kurmannapalem Road / Duvvada",
        "City": "Visakhapatnam",
        "Postcode": "530046",
        "State": "Andhra Pradesh",
        "Source": "OpenStreetMap",
        "DataStatus": "REAL_PUBLIC_DATA",
        "HeightStatus": "DEMO_ILLUSTRATIVE_HEIGHT"
      },
      "geometry": {
        "type": "Polygon",
        "coordinates": [
          [
            [
              83.1376662,
              17.704902
            ],
            [
              83.1375379,
              17.7047098
            ],
            [
              83.1376157,
              17.7046627
            ],
            [
              83.137744,
              17.7048548
            ],
            [
              83.1376662,
              17.704902
            ]
          ]
        ]
      }
    },
    {
      "type": "Feature",
      "id": "B453",
      "properties": {
        "Building_ID": "B453",
        "Parcel_ID": "LP453",
        "Osm_ID": 1502460078,
        "Name": "Duvvada Building B453",
        "Building_Type": "Apartment",
        "Latitude": 17.70455,
        "Longitude": 83.137495,
        "Area_sq_m": 235.7,
        "Floors": 5,
        "HasRealLevels": false,
        "RealFloors": null,
        "Height_m": 16,
        "HasRealHeight": false,
        "RealHeight": null,
        "Street": "Kurmannapalem Road / Duvvada",
        "City": "Visakhapatnam",
        "Postcode": "530046",
        "State": "Andhra Pradesh",
        "Source": "OpenStreetMap",
        "DataStatus": "REAL_PUBLIC_DATA",
        "HeightStatus": "DEMO_ILLUSTRATIVE_HEIGHT"
      },
      "geometry": {
        "type": "Polygon",
        "coordinates": [
          [
            [
              83.1375203,
              17.70467
            ],
            [
              83.137392,
              17.7044778
            ],
            [
              83.1374698,
              17.7044307
            ],
            [
              83.1375981,
              17.7046228
            ],
            [
              83.1375203,
              17.70467
            ]
          ]
        ]
      }
    },
    {
      "type": "Feature",
      "id": "B454",
      "properties": {
        "Building_ID": "B454",
        "Parcel_ID": "LP454",
        "Osm_ID": 1502460079,
        "Name": "Duvvada Building B454",
        "Building_Type": "Apartment",
        "Latitude": 17.70461,
        "Longitude": 83.137371,
        "Area_sq_m": 235.9,
        "Floors": 5,
        "HasRealLevels": false,
        "RealFloors": null,
        "Height_m": 16,
        "HasRealHeight": false,
        "RealHeight": null,
        "Street": "Kurmannapalem Road / Duvvada",
        "City": "Visakhapatnam",
        "Postcode": "530046",
        "State": "Andhra Pradesh",
        "Source": "OpenStreetMap",
        "DataStatus": "REAL_PUBLIC_DATA",
        "HeightStatus": "DEMO_ILLUSTRATIVE_HEIGHT"
      },
      "geometry": {
        "type": "Polygon",
        "coordinates": [
          [
            [
              83.1373958,
              17.7047293
            ],
            [
              83.1372675,
              17.7045371
            ],
            [
              83.1373453,
              17.7044899
            ],
            [
              83.1374737,
              17.7046821
            ],
            [
              83.1373958,
              17.7047293
            ]
          ]
        ]
      }
    },
    {
      "type": "Feature",
      "id": "B455",
      "properties": {
        "Building_ID": "B455",
        "Parcel_ID": "LP455",
        "Osm_ID": 1502460080,
        "Name": "Duvvada Building B455",
        "Building_Type": "Apartment",
        "Latitude": 17.704854,
        "Longitude": 83.13752,
        "Area_sq_m": 235.7,
        "Floors": 5,
        "HasRealLevels": false,
        "RealFloors": null,
        "Height_m": 16,
        "HasRealHeight": false,
        "RealHeight": null,
        "Street": "Kurmannapalem Road / Duvvada",
        "City": "Visakhapatnam",
        "Postcode": "530046",
        "State": "Andhra Pradesh",
        "Source": "OpenStreetMap",
        "DataStatus": "REAL_PUBLIC_DATA",
        "HeightStatus": "DEMO_ILLUSTRATIVE_HEIGHT"
      },
      "geometry": {
        "type": "Polygon",
        "coordinates": [
          [
            [
              83.137545,
              17.7049735
            ],
            [
              83.1374166,
              17.7047814
            ],
            [
              83.1374944,
              17.7047342
            ],
            [
              83.1376228,
              17.7049264
            ],
            [
              83.137545,
              17.7049735
            ]
          ]
        ]
      }
    },
    {
      "type": "Feature",
      "id": "B456",
      "properties": {
        "Building_ID": "B456",
        "Parcel_ID": "LP456",
        "Osm_ID": 1502460081,
        "Name": "Duvvada Building B456",
        "Building_Type": "Apartment",
        "Latitude": 17.704594,
        "Longitude": 83.137984,
        "Area_sq_m": 235.6,
        "Floors": 5,
        "HasRealLevels": false,
        "RealFloors": null,
        "Height_m": 16,
        "HasRealHeight": false,
        "RealHeight": null,
        "Street": "Kurmannapalem Road / Duvvada",
        "City": "Visakhapatnam",
        "Postcode": "530046",
        "State": "Andhra Pradesh",
        "Source": "OpenStreetMap",
        "DataStatus": "REAL_PUBLIC_DATA",
        "HeightStatus": "DEMO_ILLUSTRATIVE_HEIGHT"
      },
      "geometry": {
        "type": "Polygon",
        "coordinates": [
          [
            [
              83.1380095,
              17.7047139
            ],
            [
              83.1378812,
              17.7045217
            ],
            [
              83.137959,
              17.7044746
            ],
            [
              83.1380873,
              17.7046668
            ],
            [
              83.1380095,
              17.7047139
            ]
          ]
        ]
      }
    },
    {
      "type": "Feature",
      "id": "B457",
      "properties": {
        "Building_ID": "B457",
        "Parcel_ID": "LP457",
        "Osm_ID": 1502460082,
        "Name": "Duvvada Building B457",
        "Building_Type": "Apartment",
        "Latitude": 17.704362,
        "Longitude": 83.137838,
        "Area_sq_m": 235.6,
        "Floors": 5,
        "HasRealLevels": false,
        "RealFloors": null,
        "Height_m": 16,
        "HasRealHeight": false,
        "RealHeight": null,
        "Street": "Kurmannapalem Road / Duvvada",
        "City": "Visakhapatnam",
        "Postcode": "530046",
        "State": "Andhra Pradesh",
        "Source": "OpenStreetMap",
        "DataStatus": "REAL_PUBLIC_DATA",
        "HeightStatus": "DEMO_ILLUSTRATIVE_HEIGHT"
      },
      "geometry": {
        "type": "Polygon",
        "coordinates": [
          [
            [
              83.1378636,
              17.7044819
            ],
            [
              83.1377353,
              17.7042897
            ],
            [
              83.1378131,
              17.7042426
            ],
            [
              83.1379414,
              17.7044348
            ],
            [
              83.1378636,
              17.7044819
            ]
          ]
        ]
      }
    },
    {
      "type": "Feature",
      "id": "B458",
      "properties": {
        "Building_ID": "B458",
        "Parcel_ID": "LP458",
        "Osm_ID": 1502460083,
        "Name": "Duvvada Building B458",
        "Building_Type": "Apartment",
        "Latitude": 17.704422,
        "Longitude": 83.137714,
        "Area_sq_m": 235.7,
        "Floors": 5,
        "HasRealLevels": false,
        "RealFloors": null,
        "Height_m": 16,
        "HasRealHeight": false,
        "RealHeight": null,
        "Street": "Kurmannapalem Road / Duvvada",
        "City": "Visakhapatnam",
        "Postcode": "530046",
        "State": "Andhra Pradesh",
        "Source": "OpenStreetMap",
        "DataStatus": "REAL_PUBLIC_DATA",
        "HeightStatus": "DEMO_ILLUSTRATIVE_HEIGHT"
      },
      "geometry": {
        "type": "Polygon",
        "coordinates": [
          [
            [
              83.1377392,
              17.7045412
            ],
            [
              83.1376108,
              17.704349
            ],
            [
              83.1376886,
              17.7043019
            ],
            [
              83.137817,
              17.704494
            ],
            [
              83.1377392,
              17.7045412
            ]
          ]
        ]
      }
    },
    {
      "type": "Feature",
      "id": "B459",
      "properties": {
        "Building_ID": "B459",
        "Parcel_ID": "LP459",
        "Osm_ID": 1502460084,
        "Name": "Duvvada Building B459",
        "Building_Type": "Apartment",
        "Latitude": 17.704666,
        "Longitude": 83.137863,
        "Area_sq_m": 235.7,
        "Floors": 5,
        "HasRealLevels": false,
        "RealFloors": null,
        "Height_m": 16,
        "HasRealHeight": false,
        "RealHeight": null,
        "Street": "Kurmannapalem Road / Duvvada",
        "City": "Visakhapatnam",
        "Postcode": "530046",
        "State": "Andhra Pradesh",
        "Source": "OpenStreetMap",
        "DataStatus": "REAL_PUBLIC_DATA",
        "HeightStatus": "DEMO_ILLUSTRATIVE_HEIGHT"
      },
      "geometry": {
        "type": "Polygon",
        "coordinates": [
          [
            [
              83.1378883,
              17.7047855
            ],
            [
              83.13776,
              17.7045933
            ],
            [
              83.1378378,
              17.7045462
            ],
            [
              83.1379661,
              17.7047383
            ],
            [
              83.1378883,
              17.7047855
            ]
          ]
        ]
      }
    },
    {
      "type": "Feature",
      "id": "B460",
      "properties": {
        "Building_ID": "B460",
        "Parcel_ID": "LP460",
        "Osm_ID": 1502460085,
        "Name": "Duvvada Building B460",
        "Building_Type": "Apartment",
        "Latitude": 17.704406,
        "Longitude": 83.138324,
        "Area_sq_m": 235.8,
        "Floors": 5,
        "HasRealLevels": false,
        "RealFloors": null,
        "Height_m": 16,
        "HasRealHeight": false,
        "RealHeight": null,
        "Street": "Kurmannapalem Road / Duvvada",
        "City": "Visakhapatnam",
        "Postcode": "530046",
        "State": "Andhra Pradesh",
        "Source": "OpenStreetMap",
        "DataStatus": "REAL_PUBLIC_DATA",
        "HeightStatus": "DEMO_ILLUSTRATIVE_HEIGHT"
      },
      "geometry": {
        "type": "Polygon",
        "coordinates": [
          [
            [
              83.1383496,
              17.7045259
            ],
            [
              83.1382213,
              17.7043337
            ],
            [
              83.1382991,
              17.7042865
            ],
            [
              83.1384274,
              17.7044787
            ],
            [
              83.1383496,
              17.7045259
            ]
          ]
        ]
      }
    },
    {
      "type": "Feature",
      "id": "B461",
      "properties": {
        "Building_ID": "B461",
        "Parcel_ID": "LP461",
        "Osm_ID": 1502460086,
        "Name": "Duvvada Building B461",
        "Building_Type": "Apartment",
        "Latitude": 17.704174,
        "Longitude": 83.138178,
        "Area_sq_m": 235.8,
        "Floors": 5,
        "HasRealLevels": false,
        "RealFloors": null,
        "Height_m": 16,
        "HasRealHeight": false,
        "RealHeight": null,
        "Street": "Kurmannapalem Road / Duvvada",
        "City": "Visakhapatnam",
        "Postcode": "530046",
        "State": "Andhra Pradesh",
        "Source": "OpenStreetMap",
        "DataStatus": "REAL_PUBLIC_DATA",
        "HeightStatus": "DEMO_ILLUSTRATIVE_HEIGHT"
      },
      "geometry": {
        "type": "Polygon",
        "coordinates": [
          [
            [
              83.1382037,
              17.7042939
            ],
            [
              83.1380754,
              17.7041017
            ],
            [
              83.1381532,
              17.7040545
            ],
            [
              83.1382815,
              17.7042467
            ],
            [
              83.1382037,
              17.7042939
            ]
          ]
        ]
      }
    },
    {
      "type": "Feature",
      "id": "B462",
      "properties": {
        "Building_ID": "B462",
        "Parcel_ID": "LP462",
        "Osm_ID": 1502460087,
        "Name": "Duvvada Building B462",
        "Building_Type": "Apartment",
        "Latitude": 17.704233,
        "Longitude": 83.138054,
        "Area_sq_m": 235.7,
        "Floors": 5,
        "HasRealLevels": false,
        "RealFloors": null,
        "Height_m": 16,
        "HasRealHeight": false,
        "RealHeight": null,
        "Street": "Kurmannapalem Road / Duvvada",
        "City": "Visakhapatnam",
        "Postcode": "530046",
        "State": "Andhra Pradesh",
        "Source": "OpenStreetMap",
        "DataStatus": "REAL_PUBLIC_DATA",
        "HeightStatus": "DEMO_ILLUSTRATIVE_HEIGHT"
      },
      "geometry": {
        "type": "Polygon",
        "coordinates": [
          [
            [
              83.1380793,
              17.7043531
            ],
            [
              83.1379509,
              17.704161
            ],
            [
              83.1380287,
              17.7041138
            ],
            [
              83.1381571,
              17.704306
            ],
            [
              83.1380793,
              17.7043531
            ]
          ]
        ]
      }
    },
    {
      "type": "Feature",
      "id": "B463",
      "properties": {
        "Building_ID": "B463",
        "Parcel_ID": "LP463",
        "Osm_ID": 1502460088,
        "Name": "Duvvada Building B463",
        "Building_Type": "Apartment",
        "Latitude": 17.704478,
        "Longitude": 83.138203,
        "Area_sq_m": 235.7,
        "Floors": 5,
        "HasRealLevels": false,
        "RealFloors": null,
        "Height_m": 16,
        "HasRealHeight": false,
        "RealHeight": null,
        "Street": "Kurmannapalem Road / Duvvada",
        "City": "Visakhapatnam",
        "Postcode": "530046",
        "State": "Andhra Pradesh",
        "Source": "OpenStreetMap",
        "DataStatus": "REAL_PUBLIC_DATA",
        "HeightStatus": "DEMO_ILLUSTRATIVE_HEIGHT"
      },
      "geometry": {
        "type": "Polygon",
        "coordinates": [
          [
            [
              83.1382284,
              17.7045974
            ],
            [
              83.1381001,
              17.7044052
            ],
            [
              83.1381779,
              17.7043581
            ],
            [
              83.1383062,
              17.7045502
            ],
            [
              83.1382284,
              17.7045974
            ]
          ]
        ]
      }
    },
    {
      "type": "Feature",
      "id": "B464",
      "properties": {
        "Building_ID": "B464",
        "Parcel_ID": "LP464",
        "Osm_ID": 1556405988,
        "Name": "Duvvada Building B464",
        "Building_Type": "Residential",
        "Latitude": 17.708721,
        "Longitude": 83.149412,
        "Area_sq_m": 29.5,
        "Floors": 3,
        "HasRealLevels": false,
        "RealFloors": null,
        "Height_m": 9.600000000000001,
        "HasRealHeight": false,
        "RealHeight": null,
        "Street": "Kurmannapalem Road / Duvvada",
        "City": "Visakhapatnam",
        "Postcode": "530046",
        "State": "Andhra Pradesh",
        "Source": "OpenStreetMap",
        "DataStatus": "REAL_PUBLIC_DATA",
        "HeightStatus": "DEMO_ILLUSTRATIVE_HEIGHT"
      },
      "geometry": {
        "type": "Polygon",
        "coordinates": [
          [
            [
              83.1493825,
              17.7087494
            ],
            [
              83.1493706,
              17.7087159
            ],
            [
              83.1494411,
              17.7086932
            ],
            [
              83.1494529,
              17.7087267
            ],
            [
              83.1493825,
              17.7087494
            ]
          ]
        ]
      }
    }
  ]
}