Property_ID,Building_ID,Parcel_ID,Floor_No,Unit_No,Area_sq_m,Property_Type,Prototype_3D_ULPIN
PROP-B001-F01-U101,B001,LP001,1,101,172.3,Residential,IND-AP-VSP-DVD-LP001-B001-F01-101
PROP-B001-F01-U102,B001,LP001,1,102,172.3,Residential,IND-AP-VSP-DVD-LP001-B001-F01-102
PROP-B001-F01-U103,B001,LP001,1,103,172.3,Residential,IND-AP-VSP-DVD-LP001-B001-F01-103
PROP-B001-F01-U104,B001,LP001,1,104,172.3,Residential,IND-AP-VSP-DVD-LP001-B001-F01-104
PROP-B001-F02-U201,B001,LP001,2,201,172.3,Residential,IND-AP-VSP-DVD-LP001-B001-F02-201
PROP-B001-F02-U202,B001,LP001,2,202,172.3,Residential,IND-AP-VSP-DVD-LP001-B001-F02-202
PROP-B001-F02-U203,B001,LP001,2,203,172.3,Residential,IND-AP-VSP-DVD-LP001-B001-F02-203
PROP-B001-F02-U204,B001,LP001,2,204,172.3,Residential,IND-AP-VSP-DVD-LP001-B001-F02-204
PROP-B001-F03-U301,B001,LP001,3,301,172.3,Residential,IND-AP-VSP-DVD-LP001-B001-F03-301
PROP-B001-F03-U302,B001,LP001,3,302,172.3,Residential,IND-AP-VSP-DVD-LP001-B001-F03-302
PROP-B001-F03-U303,B001,LP001,3,303,172.3,Residential,IND-AP-VSP-DVD-LP001-B001-F03-303
PROP-B001-F03-U304,B001,LP001,3,304,172.3,Residential,IND-AP-VSP-DVD-LP001-B001-F03-304
PROP-B001-F04-U401,B001,LP001,4,401,172.3,Residential,IND-AP-VSP-DVD-LP001-B001-F04-401
PROP-B001-F04-U402,B001,LP001,4,402,172.3,Residential,IND-AP-VSP-DVD-LP001-B001-F04-402
PROP-B001-F04-U403,B001,LP001,4,403,172.3,Residential,IND-AP-VSP-DVD-LP001-B001-F04-403
PROP-B001-F04-U404,B001,LP001,4,404,172.3,Residential,IND-AP-VSP-DVD-LP001-B001-F04-404
PROP-B001-F05-U501,B001,LP001,5,501,172.3,Residential,IND-AP-VSP-DVD-LP001-B001-F05-501
PROP-B001-F05-U502,B001,LP001,5,502,172.3,Residential,IND-AP-VSP-DVD-LP001-B001-F05-502
PROP-B001-F05-U503,B001,LP001,5,503,172.3,Residential,IND-AP-VSP-DVD-LP001-B001-F05-503
PROP-B001-F05-U504,B001,LP001,5,504,172.3,Residential,IND-AP-VSP-DVD-LP001-B001-F05-504
PROP-B002-F01-U101,B002,LP002,1,101,207.1,Residential,IND-AP-VSP-DVD-LP002-B002-F01-101
PROP-B002-F02-U201,B002,LP002,2,201,207.1,Residential,IND-AP-VSP-DVD-LP002-B002-F02-201
PROP-B002-F03-U301,B002,LP002,3,301,207.1,Residential,IND-AP-VSP-DVD-LP002-B002-F03-301
PROP-B003-F01-U101,B003,LP003,1,101,209.8,Residential,IND-AP-VSP-DVD-LP003-B003-F01-101
PROP-B003-F02-U201,B003,LP003,2,201,209.8,Residential,IND-AP-VSP-DVD-LP003-B003-F02-201
PROP-B003-F03-U301,B003,LP003,3,301,209.8,Residential,IND-AP-VSP-DVD-LP003-B003-F03-301
PROP-B004-F01-U101,B004,LP004,1,101,143.2,Residential,IND-AP-VSP-DVD-LP004-B004-F01-101
PROP-B004-F02-U201,B004,LP004,2,201,143.2,Residential,IND-AP-VSP-DVD-LP004-B004-F02-201
PROP-B004-F03-U301,B004,LP004,3,301,143.2,Residential,IND-AP-VSP-DVD-LP004-B004-F03-301
PROP-B005-F01-U101,B005,LP005,1,101,176.1,Residential,IND-AP-VSP-DVD-LP005-B005-F01-101
PROP-B005-F02-U201,B005,LP005,2,201,176.1,Residential,IND-AP-VSP-DVD-LP005-B005-F02-201
PROP-B005-F03-U301,B005,LP005,3,301,176.1,Residential,IND-AP-VSP-DVD-LP005-B005-F03-301
PROP-B006-F01-U101,B006,LP006,1,101,144.9,Residential,IND-AP-VSP-DVD-LP006-B006-F01-101
PROP-B006-F02-U201,B006,LP006,2,201,144.9,Residential,IND-AP-VSP-DVD-LP006-B006-F02-201
PROP-B007-F01-U101,B007,LP007,1,101,160.6,Residential,IND-AP-VSP-DVD-LP007-B007-F01-101
PROP-B007-F02-U201,B007,LP007,2,201,160.6,Residential,IND-AP-VSP-DVD-LP007-B007-F02-201
PROP-B007-F03-U301,B007,LP007,3,301,160.6,Residential,IND-AP-VSP-DVD-LP007-B007-F03-301
PROP-B008-F01-U101,B008,LP008,1,101,105.9,Residential,IND-AP-VSP-DVD-LP008-B008-F01-101
PROP-B008-F02-U201,B008,LP008,2,201,105.9,Residential,IND-AP-VSP-DVD-LP008-B008-F02-201
PROP-B009-F01-U101,B009,LP009,1,101,130.1,Residential,IND-AP-VSP-DVD-LP009-B009-F01-101
PROP-B009-F02-U201,B009,LP009,2,201,130.1,Residential,IND-AP-VSP-DVD-LP009-B009-F02-201
PROP-B010-F01-U101,B010,LP010,1,101,209.3,Residential,IND-AP-VSP-DVD-LP010-B010-F01-101
PROP-B010-F02-U201,B010,LP010,2,201,209.3,Residential,IND-AP-VSP-DVD-LP010-B010-F02-201
PROP-B010-F03-U301,B010,LP010,3,301,209.3,Residential,IND-AP-VSP-DVD-LP010-B010-F03-301
PROP-B011-F01-U101,B011,LP011,1,101,179.5,Residential,IND-AP-VSP-DVD-LP011-B011-F01-101
PROP-B011-F01-U102,B011,LP011,1,102,179.5,Residential,IND-AP-VSP-DVD-LP011-B011-F01-102
PROP-B011-F01-U103,B011,LP011,1,103,179.5,Residential,IND-AP-VSP-DVD-LP011-B011-F01-103
PROP-B011-F01-U104,B011,LP011,1,104,179.5,Residential,IND-AP-VSP-DVD-LP011-B011-F01-104
PROP-B011-F02-U201,B011,LP011,2,201,179.5,Residential,IND-AP-VSP-DVD-LP011-B011-F02-201
PROP-B011-F02-U202,B011,LP011,2,202,179.5,Residential,IND-AP-VSP-DVD-LP011-B011-F02-202
PROP-B011-F02-U203,B011,LP011,2,203,179.5,Residential,IND-AP-VSP-DVD-LP011-B011-F02-203
PROP-B011-F02-U204,B011,LP011,2,204,179.5,Residential,IND-AP-VSP-DVD-LP011-B011-F02-204
PROP-B011-F03-U301,B011,LP011,3,301,179.5,Residential,IND-AP-VSP-DVD-LP011-B011-F03-301
PROP-B011-F03-U302,B011,LP011,3,302,179.5,Residential,IND-AP-VSP-DVD-LP011-B011-F03-302
PROP-B011-F03-U303,B011,LP011,3,303,179.5,Residential,IND-AP-VSP-DVD-LP011-B011-F03-303
PROP-B011-F03-U304,B011,LP011,3,304,179.5,Residential,IND-AP-VSP-DVD-LP011-B011-F03-304
PROP-B011-F04-U401,B011,LP011,4,401,179.5,Residential,IND-AP-VSP-DVD-LP011-B011-F04-401
PROP-B011-F04-U402,B011,LP011,4,402,179.5,Residential,IND-AP-VSP-DVD-LP011-B011-F04-402
PROP-B011-F04-U403,B011,LP011,4,403,179.5,Residential,IND-AP-VSP-DVD-LP011-B011-F04-403
PROP-B011-F04-U404,B011,LP011,4,404,179.5,Residential,IND-AP-VSP-DVD-LP011-B011-F04-404
PROP-B011-F05-U501,B011,LP011,5,501,179.5,Residential,IND-AP-VSP-DVD-LP011-B011-F05-501
PROP-B011-F05-U502,B011,LP011,5,502,179.5,Residential,IND-AP-VSP-DVD-LP011-B011-F05-502
PROP-B011-F05-U503,B011,LP011,5,503,179.5,Residential,IND-AP-VSP-DVD-LP011-B011-F05-503
PROP-B011-F05-U504,B011,LP011,5,504,179.5,Residential,IND-AP-VSP-DVD-LP011-B011-F05-504
PROP-B012-F01-U101,B012,LP012,1,101,74.6,Residential,IND-AP-VSP-DVD-LP012-B012-F01-101
PROP-B012-F01-U102,B012,LP012,1,102,74.6,Residential,IND-AP-VSP-DVD-LP012-B012-F01-102
PROP-B012-F01-U103,B012,LP012,1,103,74.6,Residential,IND-AP-VSP-DVD-LP012-B012-F01-103
PROP-B012-F01-U104,B012,LP012,1,104,74.6,Residential,IND-AP-VSP-DVD-LP012-B012-F01-104
PROP-B012-F02-U201,B012,LP012,2,201,74.6,Residential,IND-AP-VSP-DVD-LP012-B012-F02-201
PROP-B012-F02-U202,B012,LP012,2,202,74.6,Residential,IND-AP-VSP-DVD-LP012-B012-F02-202
PROP-B012-F02-U203,B012,LP012,2,203,74.6,Residential,IND-AP-VSP-DVD-LP012-B012-F02-203
PROP-B012-F02-U204,B012,LP012,2,204,74.6,Residential,IND-AP-VSP-DVD-LP012-B012-F02-204
PROP-B012-F03-U301,B012,LP012,3,301,74.6,Residential,IND-AP-VSP-DVD-LP012-B012-F03-301
PROP-B012-F03-U302,B012,LP012,3,302,74.6,Residential,IND-AP-VSP-DVD-LP012-B012-F03-302
PROP-B012-F03-U303,B012,LP012,3,303,74.6,Residential,IND-AP-VSP-DVD-LP012-B012-F03-303
PROP-B012-F03-U304,B012,LP012,3,304,74.6,Residential,IND-AP-VSP-DVD-LP012-B012-F03-304
PROP-B012-F04-U401,B012,LP012,4,401,74.6,Residential,IND-AP-VSP-DVD-LP012-B012-F04-401
PROP-B012-F04-U402,B012,LP012,4,402,74.6,Residential,IND-AP-VSP-DVD-LP012-B012-F04-402
PROP-B012-F04-U403,B012,LP012,4,403,74.6,Residential,IND-AP-VSP-DVD-LP012-B012-F04-403
PROP-B012-F04-U404,B012,LP012,4,404,74.6,Residential,IND-AP-VSP-DVD-LP012-B012-F04-404
PROP-B012-F05-U501,B012,LP012,5,501,74.6,Residential,IND-AP-VSP-DVD-LP012-B012-F05-501
PROP-B012-F05-U502,B012,LP012,5,502,74.6,Residential,IND-AP-VSP-DVD-LP012-B012-F05-502
PROP-B012-F05-U503,B012,LP012,5,503,74.6,Residential,IND-AP-VSP-DVD-LP012-B012-F05-503
PROP-B012-F05-U504,B012,LP012,5,504,74.6,Residential,IND-AP-VSP-DVD-LP012-B012-F05-504
PROP-B012-F06-U601,B012,LP012,6,601,74.6,Residential,IND-AP-VSP-DVD-LP012-B012-F06-601
PROP-B012-F06-U602,B012,LP012,6,602,74.6,Residential,IND-AP-VSP-DVD-LP012-B012-F06-602
PROP-B012-F06-U603,B012,LP012,6,603,74.6,Residential,IND-AP-VSP-DVD-LP012-B012-F06-603
PROP-B012-F06-U604,B012,LP012,6,604,74.6,Residential,IND-AP-VSP-DVD-LP012-B012-F06-604
PROP-B013-F01-U101,B013,LP013,1,101,64.7,Residential,IND-AP-VSP-DVD-LP013-B013-F01-101
PROP-B013-F01-U102,B013,LP013,1,102,64.7,Residential,IND-AP-VSP-DVD-LP013-B013-F01-102
PROP-B013-F01-U103,B013,LP013,1,103,64.7,Residential,IND-AP-VSP-DVD-LP013-B013-F01-103
PROP-B013-F01-U104,B013,LP013,1,104,64.7,Residential,IND-AP-VSP-DVD-LP013-B013-F01-104
PROP-B013-F02-U201,B013,LP013,2,201,64.7,Residential,IND-AP-VSP-DVD-LP013-B013-F02-201
PROP-B013-F02-U202,B013,LP013,2,202,64.7,Residential,IND-AP-VSP-DVD-LP013-B013-F02-202
PROP-B013-F02-U203,B013,LP013,2,203,64.7,Residential,IND-AP-VSP-DVD-LP013-B013-F02-203
PROP-B013-F02-U204,B013,LP013,2,204,64.7,Residential,IND-AP-VSP-DVD-LP013-B013-F02-204
PROP-B013-F03-U301,B013,LP013,3,301,64.7,Residential,IND-AP-VSP-DVD-LP013-B013-F03-301
PROP-B013-F03-U302,B013,LP013,3,302,64.7,Residential,IND-AP-VSP-DVD-LP013-B013-F03-302
PROP-B013-F03-U303,B013,LP013,3,303,64.7,Residential,IND-AP-VSP-DVD-LP013-B013-F03-303
PROP-B013-F03-U304,B013,LP013,3,304,64.7,Residential,IND-AP-VSP-DVD-LP013-B013-F03-304
PROP-B013-F04-U401,B013,LP013,4,401,64.7,Residential,IND-AP-VSP-DVD-LP013-B013-F04-401
PROP-B013-F04-U402,B013,LP013,4,402,64.7,Residential,IND-AP-VSP-DVD-LP013-B013-F04-402
PROP-B013-F04-U403,B013,LP013,4,403,64.7,Residential,IND-AP-VSP-DVD-LP013-B013-F04-403
PROP-B013-F04-U404,B013,LP013,4,404,64.7,Residential,IND-AP-VSP-DVD-LP013-B013-F04-404
PROP-B013-F05-U501,B013,LP013,5,501,64.7,Residential,IND-AP-VSP-DVD-LP013-B013-F05-501
PROP-B013-F05-U502,B013,LP013,5,502,64.7,Residential,IND-AP-VSP-DVD-LP013-B013-F05-502
PROP-B013-F05-U503,B013,LP013,5,503,64.7,Residential,IND-AP-VSP-DVD-LP013-B013-F05-503
PROP-B013-F05-U504,B013,LP013,5,504,64.7,Residential,IND-AP-VSP-DVD-LP013-B013-F05-504
PROP-B014-F01-U101,B014,LP014,1,101,43.1,Residential,IND-AP-VSP-DVD-LP014-B014-F01-101
PROP-B014-F01-U102,B014,LP014,1,102,43.1,Residential,IND-AP-VSP-DVD-LP014-B014-F01-102
PROP-B014-F01-U103,B014,LP014,1,103,43.1,Residential,IND-AP-VSP-DVD-LP014-B014-F01-103
PROP-B014-F01-U104,B014,LP014,1,104,43.1,Residential,IND-AP-VSP-DVD-LP014-B014-F01-104
PROP-B014-F02-U201,B014,LP014,2,201,43.1,Residential,IND-AP-VSP-DVD-LP014-B014-F02-201
PROP-B014-F02-U202,B014,LP014,2,202,43.1,Residential,IND-AP-VSP-DVD-LP014-B014-F02-202
PROP-B014-F02-U203,B014,LP014,2,203,43.1,Residential,IND-AP-VSP-DVD-LP014-B014-F02-203
PROP-B014-F02-U204,B014,LP014,2,204,43.1,Residential,IND-AP-VSP-DVD-LP014-B014-F02-204
PROP-B014-F03-U301,B014,LP014,3,301,43.1,Residential,IND-AP-VSP-DVD-LP014-B014-F03-301
PROP-B014-F03-U302,B014,LP014,3,302,43.1,Residential,IND-AP-VSP-DVD-LP014-B014-F03-302
PROP-B014-F03-U303,B014,LP014,3,303,43.1,Residential,IND-AP-VSP-DVD-LP014-B014-F03-303
PROP-B014-F03-U304,B014,LP014,3,304,43.1,Residential,IND-AP-VSP-DVD-LP014-B014-F03-304
PROP-B014-F04-U401,B014,LP014,4,401,43.1,Residential,IND-AP-VSP-DVD-LP014-B014-F04-401
PROP-B014-F04-U402,B014,LP014,4,402,43.1,Residential,IND-AP-VSP-DVD-LP014-B014-F04-402
PROP-B014-F04-U403,B014,LP014,4,403,43.1,Residential,IND-AP-VSP-DVD-LP014-B014-F04-403
PROP-B014-F04-U404,B014,LP014,4,404,43.1,Residential,IND-AP-VSP-DVD-LP014-B014-F04-404
PROP-B014-F05-U501,B014,LP014,5,501,43.1,Residential,IND-AP-VSP-DVD-LP014-B014-F05-501
PROP-B014-F05-U502,B014,LP014,5,502,43.1,Residential,IND-AP-VSP-DVD-LP014-B014-F05-502
PROP-B014-F05-U503,B014,LP014,5,503,43.1,Residential,IND-AP-VSP-DVD-LP014-B014-F05-503
PROP-B014-F05-U504,B014,LP014,5,504,43.1,Residential,IND-AP-VSP-DVD-LP014-B014-F05-504
PROP-B015-F01-U101,B015,LP015,1,101,49.2,Residential,IND-AP-VSP-DVD-LP015-B015-F01-101
PROP-B015-F01-U102,B015,LP015,1,102,49.2,Residential,IND-AP-VSP-DVD-LP015-B015-F01-102
PROP-B015-F01-U103,B015,LP015,1,103,49.2,Residential,IND-AP-VSP-DVD-LP015-B015-F01-103
PROP-B015-F01-U104,B015,LP015,1,104,49.2,Residential,IND-AP-VSP-DVD-LP015-B015-F01-104
PROP-B015-F02-U201,B015,LP015,2,201,49.2,Residential,IND-AP-VSP-DVD-LP015-B015-F02-201
PROP-B015-F02-U202,B015,LP015,2,202,49.2,Residential,IND-AP-VSP-DVD-LP015-B015-F02-202
PROP-B015-F02-U203,B015,LP015,2,203,49.2,Residential,IND-AP-VSP-DVD-LP015-B015-F02-203
PROP-B015-F02-U204,B015,LP015,2,204,49.2,Residential,IND-AP-VSP-DVD-LP015-B015-F02-204
PROP-B015-F03-U301,B015,LP015,3,301,49.2,Residential,IND-AP-VSP-DVD-LP015-B015-F03-301
PROP-B015-F03-U302,B015,LP015,3,302,49.2,Residential,IND-AP-VSP-DVD-LP015-B015-F03-302
PROP-B015-F03-U303,B015,LP015,3,303,49.2,Residential,IND-AP-VSP-DVD-LP015-B015-F03-303
PROP-B015-F03-U304,B015,LP015,3,304,49.2,Residential,IND-AP-VSP-DVD-LP015-B015-F03-304
PROP-B015-F04-U401,B015,LP015,4,401,49.2,Residential,IND-AP-VSP-DVD-LP015-B015-F04-401
PROP-B015-F04-U402,B015,LP015,4,402,49.2,Residential,IND-AP-VSP-DVD-LP015-B015-F04-402
PROP-B015-F04-U403,B015,LP015,4,403,49.2,Residential,IND-AP-VSP-DVD-LP015-B015-F04-403
PROP-B015-F04-U404,B015,LP015,4,404,49.2,Residential,IND-AP-VSP-DVD-LP015-B015-F04-404
PROP-B015-F05-U501,B015,LP015,5,501,49.2,Residential,IND-AP-VSP-DVD-LP015-B015-F05-501
PROP-B015-F05-U502,B015,LP015,5,502,49.2,Residential,IND-AP-VSP-DVD-LP015-B015-F05-502
PROP-B015-F05-U503,B015,LP015,5,503,49.2,Residential,IND-AP-VSP-DVD-LP015-B015-F05-503
PROP-B015-F05-U504,B015,LP015,5,504,49.2,Residential,IND-AP-VSP-DVD-LP015-B015-F05-504
PROP-B016-F01-U101,B016,LP016,1,101,138.1,Residential,IND-AP-VSP-DVD-LP016-B016-F01-101
PROP-B016-F02-U201,B016,LP016,2,201,138.1,Residential,IND-AP-VSP-DVD-LP016-B016-F02-201
PROP-B017-F01-U101,B017,LP017,1,101,123.3,Residential,IND-AP-VSP-DVD-LP017-B017-F01-101
PROP-B017-F02-U201,B017,LP017,2,201,123.3,Residential,IND-AP-VSP-DVD-LP017-B017-F02-201
PROP-B017-F03-U301,B017,LP017,3,301,123.3,Residential,IND-AP-VSP-DVD-LP017-B017-F03-301
PROP-B018-F01-U101,B018,LP018,1,101,100,Residential,IND-AP-VSP-DVD-LP018-B018-F01-101
PROP-B018-F02-U201,B018,LP018,2,201,100,Residential,IND-AP-VSP-DVD-LP018-B018-F02-201
PROP-B018-F03-U301,B018,LP018,3,301,100,Residential,IND-AP-VSP-DVD-LP018-B018-F03-301
PROP-B019-F01-U101,B019,LP019,1,101,131.7,Residential,IND-AP-VSP-DVD-LP019-B019-F01-101
PROP-B019-F02-U201,B019,LP019,2,201,131.7,Residential,IND-AP-VSP-DVD-LP019-B019-F02-201
PROP-B020-F01-U101,B020,LP020,1,101,106,Residential,IND-AP-VSP-DVD-LP020-B020-F01-101
PROP-B021-F01-U101,B021,LP021,1,101,108.6,Residential,IND-AP-VSP-DVD-LP021-B021-F01-101
PROP-B022-F01-U101,B022,LP022,1,101,135.7,Residential,IND-AP-VSP-DVD-LP022-B022-F01-101
PROP-B022-F02-U201,B022,LP022,2,201,135.7,Residential,IND-AP-VSP-DVD-LP022-B022-F02-201
PROP-B023-F01-U101,B023,LP023,1,101,112.2,Residential,IND-AP-VSP-DVD-LP023-B023-F01-101
PROP-B023-F02-U201,B023,LP023,2,201,112.2,Residential,IND-AP-VSP-DVD-LP023-B023-F02-201
PROP-B024-F01-U101,B024,LP024,1,101,50.4,Residential,IND-AP-VSP-DVD-LP024-B024-F01-101
PROP-B024-F01-U102,B024,LP024,1,102,50.4,Residential,IND-AP-VSP-DVD-LP024-B024-F01-102
PROP-B024-F01-U103,B024,LP024,1,103,50.4,Residential,IND-AP-VSP-DVD-LP024-B024-F01-103
PROP-B024-F01-U104,B024,LP024,1,104,50.4,Residential,IND-AP-VSP-DVD-LP024-B024-F01-104
PROP-B024-F02-U201,B024,LP024,2,201,50.4,Residential,IND-AP-VSP-DVD-LP024-B024-F02-201
PROP-B024-F02-U202,B024,LP024,2,202,50.4,Residential,IND-AP-VSP-DVD-LP024-B024-F02-202
PROP-B024-F02-U203,B024,LP024,2,203,50.4,Residential,IND-AP-VSP-DVD-LP024-B024-F02-203
PROP-B024-F02-U204,B024,LP024,2,204,50.4,Residential,IND-AP-VSP-DVD-LP024-B024-F02-204
PROP-B025-F01-U101,B025,LP025,1,101,130,Residential,IND-AP-VSP-DVD-LP025-B025-F01-101
PROP-B025-F02-U201,B025,LP025,2,201,130,Residential,IND-AP-VSP-DVD-LP025-B025-F02-201
PROP-B026-F01-U101,B026,LP026,1,101,222.7,Residential,IND-AP-VSP-DVD-LP026-B026-F01-101
PROP-B027-F01-U101,B027,LP027,1,101,21.3,Residential,IND-AP-VSP-DVD-LP027-B027-F01-101
PROP-B027-F02-U201,B027,LP027,2,201,21.3,Residential,IND-AP-VSP-DVD-LP027-B027-F02-201
PROP-B028-F01-U101,B028,LP028,1,101,48.6,Residential,IND-AP-VSP-DVD-LP028-B028-F01-101
PROP-B028-F01-U102,B028,LP028,1,102,48.6,Residential,IND-AP-VSP-DVD-LP028-B028-F01-102
PROP-B028-F01-U103,B028,LP028,1,103,48.6,Residential,IND-AP-VSP-DVD-LP028-B028-F01-103
PROP-B028-F01-U104,B028,LP028,1,104,48.6,Residential,IND-AP-VSP-DVD-LP028-B028-F01-104
PROP-B028-F02-U201,B028,LP028,2,201,48.6,Residential,IND-AP-VSP-DVD-LP028-B028-F02-201
PROP-B028-F02-U202,B028,LP028,2,202,48.6,Residential,IND-AP-VSP-DVD-LP028-B028-F02-202
PROP-B028-F02-U203,B028,LP028,2,203,48.6,Residential,IND-AP-VSP-DVD-LP028-B028-F02-203
PROP-B028-F02-U204,B028,LP028,2,204,48.6,Residential,IND-AP-VSP-DVD-LP028-B028-F02-204
PROP-B028-F03-U301,B028,LP028,3,301,48.6,Residential,IND-AP-VSP-DVD-LP028-B028-F03-301
PROP-B028-F03-U302,B028,LP028,3,302,48.6,Residential,IND-AP-VSP-DVD-LP028-B028-F03-302
PROP-B028-F03-U303,B028,LP028,3,303,48.6,Residential,IND-AP-VSP-DVD-LP028-B028-F03-303
PROP-B028-F03-U304,B028,LP028,3,304,48.6,Residential,IND-AP-VSP-DVD-LP028-B028-F03-304
PROP-B028-F04-U401,B028,LP028,4,401,48.6,Residential,IND-AP-VSP-DVD-LP028-B028-F04-401
PROP-B028-F04-U402,B028,LP028,4,402,48.6,Residential,IND-AP-VSP-DVD-LP028-B028-F04-402
PROP-B028-F04-U403,B028,LP028,4,403,48.6,Residential,IND-AP-VSP-DVD-LP028-B028-F04-403
PROP-B028-F04-U404,B028,LP028,4,404,48.6,Residential,IND-AP-VSP-DVD-LP028-B028-F04-404
PROP-B028-F05-U501,B028,LP028,5,501,48.6,Residential,IND-AP-VSP-DVD-LP028-B028-F05-501
PROP-B028-F05-U502,B028,LP028,5,502,48.6,Residential,IND-AP-VSP-DVD-LP028-B028-F05-502
PROP-B028-F05-U503,B028,LP028,5,503,48.6,Residential,IND-AP-VSP-DVD-LP028-B028-F05-503
PROP-B028-F05-U504,B028,LP028,5,504,48.6,Residential,IND-AP-VSP-DVD-LP028-B028-F05-504
PROP-B029-F01-U101,B029,LP029,1,101,87.4,Residential,IND-AP-VSP-DVD-LP029-B029-F01-101
PROP-B029-F01-U102,B029,LP029,1,102,87.4,Residential,IND-AP-VSP-DVD-LP029-B029-F01-102
PROP-B029-F01-U103,B029,LP029,1,103,87.4,Residential,IND-AP-VSP-DVD-LP029-B029-F01-103
PROP-B029-F01-U104,B029,LP029,1,104,87.4,Residential,IND-AP-VSP-DVD-LP029-B029-F01-104
PROP-B029-F02-U201,B029,LP029,2,201,87.4,Residential,IND-AP-VSP-DVD-LP029-B029-F02-201
PROP-B029-F02-U202,B029,LP029,2,202,87.4,Residential,IND-AP-VSP-DVD-LP029-B029-F02-202
PROP-B029-F02-U203,B029,LP029,2,203,87.4,Residential,IND-AP-VSP-DVD-LP029-B029-F02-203
PROP-B029-F02-U204,B029,LP029,2,204,87.4,Residential,IND-AP-VSP-DVD-LP029-B029-F02-204
PROP-B029-F03-U301,B029,LP029,3,301,87.4,Residential,IND-AP-VSP-DVD-LP029-B029-F03-301
PROP-B029-F03-U302,B029,LP029,3,302,87.4,Residential,IND-AP-VSP-DVD-LP029-B029-F03-302
PROP-B029-F03-U303,B029,LP029,3,303,87.4,Residential,IND-AP-VSP-DVD-LP029-B029-F03-303
PROP-B029-F03-U304,B029,LP029,3,304,87.4,Residential,IND-AP-VSP-DVD-LP029-B029-F03-304
PROP-B029-F04-U401,B029,LP029,4,401,87.4,Residential,IND-AP-VSP-DVD-LP029-B029-F04-401
PROP-B029-F04-U402,B029,LP029,4,402,87.4,Residential,IND-AP-VSP-DVD-LP029-B029-F04-402
PROP-B029-F04-U403,B029,LP029,4,403,87.4,Residential,IND-AP-VSP-DVD-LP029-B029-F04-403
PROP-B029-F04-U404,B029,LP029,4,404,87.4,Residential,IND-AP-VSP-DVD-LP029-B029-F04-404
PROP-B029-F05-U501,B029,LP029,5,501,87.4,Residential,IND-AP-VSP-DVD-LP029-B029-F05-501
PROP-B029-F05-U502,B029,LP029,5,502,87.4,Residential,IND-AP-VSP-DVD-LP029-B029-F05-502
PROP-B029-F05-U503,B029,LP029,5,503,87.4,Residential,IND-AP-VSP-DVD-LP029-B029-F05-503
PROP-B029-F05-U504,B029,LP029,5,504,87.4,Residential,IND-AP-VSP-DVD-LP029-B029-F05-504
PROP-B030-F01-U101,B030,LP030,1,101,158.5,Residential,IND-AP-VSP-DVD-LP030-B030-F01-101
PROP-B030-F02-U201,B030,LP030,2,201,158.5,Residential,IND-AP-VSP-DVD-LP030-B030-F02-201
PROP-B030-F03-U301,B030,LP030,3,301,158.5,Residential,IND-AP-VSP-DVD-LP030-B030-F03-301
PROP-B031-F01-U101,B031,LP031,1,101,204,Residential,IND-AP-VSP-DVD-LP031-B031-F01-101
PROP-B031-F02-U201,B031,LP031,2,201,204,Residential,IND-AP-VSP-DVD-LP031-B031-F02-201
PROP-B032-F01-U101,B032,LP032,1,101,205.5,Residential,IND-AP-VSP-DVD-LP032-B032-F01-101
PROP-B032-F02-U201,B032,LP032,2,201,205.5,Residential,IND-AP-VSP-DVD-LP032-B032-F02-201
PROP-B033-F01-U101,B033,LP033,1,101,162,Residential,IND-AP-VSP-DVD-LP033-B033-F01-101
PROP-B033-F02-U201,B033,LP033,2,201,162,Residential,IND-AP-VSP-DVD-LP033-B033-F02-201
PROP-B034-F01-U101,B034,LP034,1,101,207.5,Residential,IND-AP-VSP-DVD-LP034-B034-F01-101
PROP-B034-F02-U201,B034,LP034,2,201,207.5,Residential,IND-AP-VSP-DVD-LP034-B034-F02-201
PROP-B034-F03-U301,B034,LP034,3,301,207.5,Residential,IND-AP-VSP-DVD-LP034-B034-F03-301
PROP-B035-F01-U101,B035,LP035,1,101,78.2,Residential,IND-AP-VSP-DVD-LP035-B035-F01-101
PROP-B036-F01-U101,B036,LP036,1,101,47.3,Residential,IND-AP-VSP-DVD-LP036-B036-F01-101
PROP-B036-F01-U102,B036,LP036,1,102,47.3,Residential,IND-AP-VSP-DVD-LP036-B036-F01-102
PROP-B036-F01-U103,B036,LP036,1,103,47.3,Residential,IND-AP-VSP-DVD-LP036-B036-F01-103
PROP-B036-F01-U104,B036,LP036,1,104,47.3,Residential,IND-AP-VSP-DVD-LP036-B036-F01-104
PROP-B037-F01-U101,B037,LP037,1,101,113.9,Shop,IND-AP-VSP-DVD-LP037-B037-F01-101
PROP-B037-F01-U102,B037,LP037,1,102,113.9,Shop,IND-AP-VSP-DVD-LP037-B037-F01-102
PROP-B037-F01-U103,B037,LP037,1,103,113.9,Shop,IND-AP-VSP-DVD-LP037-B037-F01-103
PROP-B038-F01-U101,B038,LP038,1,101,60.4,Residential,IND-AP-VSP-DVD-LP038-B038-F01-101
PROP-B039-F01-U101,B039,LP039,1,101,170.6,Residential,IND-AP-VSP-DVD-LP039-B039-F01-101
PROP-B039-F02-U201,B039,LP039,2,201,170.6,Residential,IND-AP-VSP-DVD-LP039-B039-F02-201
PROP-B039-F03-U301,B039,LP039,3,301,170.6,Residential,IND-AP-VSP-DVD-LP039-B039-F03-301
PROP-B040-F01-U101,B040,LP040,1,101,205.8,Residential,IND-AP-VSP-DVD-LP040-B040-F01-101
PROP-B040-F02-U201,B040,LP040,2,201,205.8,Residential,IND-AP-VSP-DVD-LP040-B040-F02-201
PROP-B041-F01-U101,B041,LP041,1,101,182.3,Residential,IND-AP-VSP-DVD-LP041-B041-F01-101
PROP-B041-F02-U201,B041,LP041,2,201,182.3,Residential,IND-AP-VSP-DVD-LP041-B041-F02-201
PROP-B042-F01-U101,B042,LP042,1,101,129,Residential,IND-AP-VSP-DVD-LP042-B042-F01-101
PROP-B042-F02-U201,B042,LP042,2,201,129,Residential,IND-AP-VSP-DVD-LP042-B042-F02-201
PROP-B043-F01-U101,B043,LP043,1,101,202.7,Residential,IND-AP-VSP-DVD-LP043-B043-F01-101
PROP-B043-F02-U201,B043,LP043,2,201,202.7,Residential,IND-AP-VSP-DVD-LP043-B043-F02-201
PROP-B044-F01-U101,B044,LP044,1,101,218,Residential,IND-AP-VSP-DVD-LP044-B044-F01-101
PROP-B044-F02-U201,B044,LP044,2,201,218,Residential,IND-AP-VSP-DVD-LP044-B044-F02-201
PROP-B045-F01-U101,B045,LP045,1,101,178.5,Residential,IND-AP-VSP-DVD-LP045-B045-F01-101
PROP-B045-F02-U201,B045,LP045,2,201,178.5,Residential,IND-AP-VSP-DVD-LP045-B045-F02-201
PROP-B046-F01-U101,B046,LP046,1,101,182.8,Residential,IND-AP-VSP-DVD-LP046-B046-F01-101
PROP-B046-F02-U201,B046,LP046,2,201,182.8,Residential,IND-AP-VSP-DVD-LP046-B046-F02-201
PROP-B047-F01-U101,B047,LP047,1,101,223.6,Residential,IND-AP-VSP-DVD-LP047-B047-F01-101
PROP-B047-F02-U201,B047,LP047,2,201,223.6,Residential,IND-AP-VSP-DVD-LP047-B047-F02-201
PROP-B047-F03-U301,B047,LP047,3,301,223.6,Residential,IND-AP-VSP-DVD-LP047-B047-F03-301
PROP-B048-F01-U101,B048,LP048,1,101,128.3,Residential,IND-AP-VSP-DVD-LP048-B048-F01-101
PROP-B048-F02-U201,B048,LP048,2,201,128.3,Residential,IND-AP-VSP-DVD-LP048-B048-F02-201
PROP-B049-F01-U101,B049,LP049,1,101,104.1,Residential,IND-AP-VSP-DVD-LP049-B049-F01-101
PROP-B049-F02-U201,B049,LP049,2,201,104.1,Residential,IND-AP-VSP-DVD-LP049-B049-F02-201
PROP-B050-F01-U101,B050,LP050,1,101,108,Residential,IND-AP-VSP-DVD-LP050-B050-F01-101
PROP-B050-F02-U201,B050,LP050,2,201,108,Residential,IND-AP-VSP-DVD-LP050-B050-F02-201
PROP-B051-F01-U101,B051,LP051,1,101,126,Residential,IND-AP-VSP-DVD-LP051-B051-F01-101
PROP-B051-F02-U201,B051,LP051,2,201,126,Residential,IND-AP-VSP-DVD-LP051-B051-F02-201
PROP-B052-F01-U101,B052,LP052,1,101,98.7,Residential,IND-AP-VSP-DVD-LP052-B052-F01-101
PROP-B052-F02-U201,B052,LP052,2,201,98.7,Residential,IND-AP-VSP-DVD-LP052-B052-F02-201
PROP-B053-F01-U101,B053,LP053,1,101,114.6,Residential,IND-AP-VSP-DVD-LP053-B053-F01-101
PROP-B053-F02-U201,B053,LP053,2,201,114.6,Residential,IND-AP-VSP-DVD-LP053-B053-F02-201
PROP-B054-F01-U101,B054,LP054,1,101,141.8,Residential,IND-AP-VSP-DVD-LP054-B054-F01-101
PROP-B054-F02-U201,B054,LP054,2,201,141.8,Residential,IND-AP-VSP-DVD-LP054-B054-F02-201
PROP-B055-F01-U101,B055,LP055,1,101,90.9,Residential,IND-AP-VSP-DVD-LP055-B055-F01-101
PROP-B055-F02-U201,B055,LP055,2,201,90.9,Residential,IND-AP-VSP-DVD-LP055-B055-F02-201
PROP-B056-F01-U101,B056,LP056,1,101,130.6,Residential,IND-AP-VSP-DVD-LP056-B056-F01-101
PROP-B056-F02-U201,B056,LP056,2,201,130.6,Residential,IND-AP-VSP-DVD-LP056-B056-F02-201
PROP-B057-F01-U101,B057,LP057,1,101,119.5,Residential,IND-AP-VSP-DVD-LP057-B057-F01-101
PROP-B057-F02-U201,B057,LP057,2,201,119.5,Residential,IND-AP-VSP-DVD-LP057-B057-F02-201
PROP-B058-F01-U101,B058,LP058,1,101,168.6,Residential,IND-AP-VSP-DVD-LP058-B058-F01-101
PROP-B058-F02-U201,B058,LP058,2,201,168.6,Residential,IND-AP-VSP-DVD-LP058-B058-F02-201
PROP-B058-F03-U301,B058,LP058,3,301,168.6,Residential,IND-AP-VSP-DVD-LP058-B058-F03-301
PROP-B059-F01-U101,B059,LP059,1,101,113.2,Residential,IND-AP-VSP-DVD-LP059-B059-F01-101
PROP-B059-F02-U201,B059,LP059,2,201,113.2,Residential,IND-AP-VSP-DVD-LP059-B059-F02-201
PROP-B060-F01-U101,B060,LP060,1,101,121.2,Residential,IND-AP-VSP-DVD-LP060-B060-F01-101
PROP-B060-F02-U201,B060,LP060,2,201,121.2,Residential,IND-AP-VSP-DVD-LP060-B060-F02-201
PROP-B061-F01-U101,B061,LP061,1,101,100.6,Residential,IND-AP-VSP-DVD-LP061-B061-F01-101
PROP-B061-F02-U201,B061,LP061,2,201,100.6,Residential,IND-AP-VSP-DVD-LP061-B061-F02-201
PROP-B062-F01-U101,B062,LP062,1,101,162.3,Residential,IND-AP-VSP-DVD-LP062-B062-F01-101
PROP-B062-F02-U201,B062,LP062,2,201,162.3,Residential,IND-AP-VSP-DVD-LP062-B062-F02-201
PROP-B063-F01-U101,B063,LP063,1,101,151.7,Residential,IND-AP-VSP-DVD-LP063-B063-F01-101
PROP-B063-F02-U201,B063,LP063,2,201,151.7,Residential,IND-AP-VSP-DVD-LP063-B063-F02-201
PROP-B064-F01-U101,B064,LP064,1,101,123.6,Residential,IND-AP-VSP-DVD-LP064-B064-F01-101
PROP-B064-F02-U201,B064,LP064,2,201,123.6,Residential,IND-AP-VSP-DVD-LP064-B064-F02-201
PROP-B065-F01-U101,B065,LP065,1,101,125.6,Residential,IND-AP-VSP-DVD-LP065-B065-F01-101
PROP-B065-F02-U201,B065,LP065,2,201,125.6,Residential,IND-AP-VSP-DVD-LP065-B065-F02-201
PROP-B066-F01-U101,B066,LP066,1,101,34.1,Residential,IND-AP-VSP-DVD-LP066-B066-F01-101
PROP-B066-F01-U102,B066,LP066,1,102,34.1,Residential,IND-AP-VSP-DVD-LP066-B066-F01-102
PROP-B066-F01-U103,B066,LP066,1,103,34.1,Residential,IND-AP-VSP-DVD-LP066-B066-F01-103
PROP-B066-F01-U104,B066,LP066,1,104,34.1,Residential,IND-AP-VSP-DVD-LP066-B066-F01-104
PROP-B066-F02-U201,B066,LP066,2,201,34.1,Residential,IND-AP-VSP-DVD-LP066-B066-F02-201
PROP-B066-F02-U202,B066,LP066,2,202,34.1,Residential,IND-AP-VSP-DVD-LP066-B066-F02-202
PROP-B066-F02-U203,B066,LP066,2,203,34.1,Residential,IND-AP-VSP-DVD-LP066-B066-F02-203
PROP-B066-F02-U204,B066,LP066,2,204,34.1,Residential,IND-AP-VSP-DVD-LP066-B066-F02-204
PROP-B066-F03-U301,B066,LP066,3,301,34.1,Residential,IND-AP-VSP-DVD-LP066-B066-F03-301
PROP-B066-F03-U302,B066,LP066,3,302,34.1,Residential,IND-AP-VSP-DVD-LP066-B066-F03-302
PROP-B066-F03-U303,B066,LP066,3,303,34.1,Residential,IND-AP-VSP-DVD-LP066-B066-F03-303
PROP-B066-F03-U304,B066,LP066,3,304,34.1,Residential,IND-AP-VSP-DVD-LP066-B066-F03-304
PROP-B066-F04-U401,B066,LP066,4,401,34.1,Residential,IND-AP-VSP-DVD-LP066-B066-F04-401
PROP-B066-F04-U402,B066,LP066,4,402,34.1,Residential,IND-AP-VSP-DVD-LP066-B066-F04-402
PROP-B066-F04-U403,B066,LP066,4,403,34.1,Residential,IND-AP-VSP-DVD-LP066-B066-F04-403
PROP-B066-F04-U404,B066,LP066,4,404,34.1,Residential,IND-AP-VSP-DVD-LP066-B066-F04-404
PROP-B066-F05-U501,B066,LP066,5,501,34.1,Residential,IND-AP-VSP-DVD-LP066-B066-F05-501
PROP-B066-F05-U502,B066,LP066,5,502,34.1,Residential,IND-AP-VSP-DVD-LP066-B066-F05-502
PROP-B066-F05-U503,B066,LP066,5,503,34.1,Residential,IND-AP-VSP-DVD-LP066-B066-F05-503
PROP-B066-F05-U504,B066,LP066,5,504,34.1,Residential,IND-AP-VSP-DVD-LP066-B066-F05-504
PROP-B067-F01-U101,B067,LP067,1,101,49.3,Residential,IND-AP-VSP-DVD-LP067-B067-F01-101
PROP-B067-F01-U102,B067,LP067,1,102,49.3,Residential,IND-AP-VSP-DVD-LP067-B067-F01-102
PROP-B067-F01-U103,B067,LP067,1,103,49.3,Residential,IND-AP-VSP-DVD-LP067-B067-F01-103
PROP-B067-F01-U104,B067,LP067,1,104,49.3,Residential,IND-AP-VSP-DVD-LP067-B067-F01-104
PROP-B067-F02-U201,B067,LP067,2,201,49.3,Residential,IND-AP-VSP-DVD-LP067-B067-F02-201
PROP-B067-F02-U202,B067,LP067,2,202,49.3,Residential,IND-AP-VSP-DVD-LP067-B067-F02-202
PROP-B067-F02-U203,B067,LP067,2,203,49.3,Residential,IND-AP-VSP-DVD-LP067-B067-F02-203
PROP-B067-F02-U204,B067,LP067,2,204,49.3,Residential,IND-AP-VSP-DVD-LP067-B067-F02-204
PROP-B067-F03-U301,B067,LP067,3,301,49.3,Residential,IND-AP-VSP-DVD-LP067-B067-F03-301
PROP-B067-F03-U302,B067,LP067,3,302,49.3,Residential,IND-AP-VSP-DVD-LP067-B067-F03-302
PROP-B067-F03-U303,B067,LP067,3,303,49.3,Residential,IND-AP-VSP-DVD-LP067-B067-F03-303
PROP-B067-F03-U304,B067,LP067,3,304,49.3,Residential,IND-AP-VSP-DVD-LP067-B067-F03-304
PROP-B067-F04-U401,B067,LP067,4,401,49.3,Residential,IND-AP-VSP-DVD-LP067-B067-F04-401
PROP-B067-F04-U402,B067,LP067,4,402,49.3,Residential,IND-AP-VSP-DVD-LP067-B067-F04-402
PROP-B067-F04-U403,B067,LP067,4,403,49.3,Residential,IND-AP-VSP-DVD-LP067-B067-F04-403
PROP-B067-F04-U404,B067,LP067,4,404,49.3,Residential,IND-AP-VSP-DVD-LP067-B067-F04-404
PROP-B067-F05-U501,B067,LP067,5,501,49.3,Residential,IND-AP-VSP-DVD-LP067-B067-F05-501
PROP-B067-F05-U502,B067,LP067,5,502,49.3,Residential,IND-AP-VSP-DVD-LP067-B067-F05-502
PROP-B067-F05-U503,B067,LP067,5,503,49.3,Residential,IND-AP-VSP-DVD-LP067-B067-F05-503
PROP-B067-F05-U504,B067,LP067,5,504,49.3,Residential,IND-AP-VSP-DVD-LP067-B067-F05-504
PROP-B068-F01-U101,B068,LP068,1,101,54.4,Residential,IND-AP-VSP-DVD-LP068-B068-F01-101
PROP-B068-F01-U102,B068,LP068,1,102,54.4,Residential,IND-AP-VSP-DVD-LP068-B068-F01-102
PROP-B068-F01-U103,B068,LP068,1,103,54.4,Residential,IND-AP-VSP-DVD-LP068-B068-F01-103
PROP-B068-F01-U104,B068,LP068,1,104,54.4,Residential,IND-AP-VSP-DVD-LP068-B068-F01-104
PROP-B068-F02-U201,B068,LP068,2,201,54.4,Residential,IND-AP-VSP-DVD-LP068-B068-F02-201
PROP-B068-F02-U202,B068,LP068,2,202,54.4,Residential,IND-AP-VSP-DVD-LP068-B068-F02-202
PROP-B068-F02-U203,B068,LP068,2,203,54.4,Residential,IND-AP-VSP-DVD-LP068-B068-F02-203
PROP-B068-F02-U204,B068,LP068,2,204,54.4,Residential,IND-AP-VSP-DVD-LP068-B068-F02-204
PROP-B068-F03-U301,B068,LP068,3,301,54.4,Residential,IND-AP-VSP-DVD-LP068-B068-F03-301
PROP-B068-F03-U302,B068,LP068,3,302,54.4,Residential,IND-AP-VSP-DVD-LP068-B068-F03-302
PROP-B068-F03-U303,B068,LP068,3,303,54.4,Residential,IND-AP-VSP-DVD-LP068-B068-F03-303
PROP-B068-F03-U304,B068,LP068,3,304,54.4,Residential,IND-AP-VSP-DVD-LP068-B068-F03-304
PROP-B068-F04-U401,B068,LP068,4,401,54.4,Residential,IND-AP-VSP-DVD-LP068-B068-F04-401
PROP-B068-F04-U402,B068,LP068,4,402,54.4,Residential,IND-AP-VSP-DVD-LP068-B068-F04-402
PROP-B068-F04-U403,B068,LP068,4,403,54.4,Residential,IND-AP-VSP-DVD-LP068-B068-F04-403
PROP-B068-F04-U404,B068,LP068,4,404,54.4,Residential,IND-AP-VSP-DVD-LP068-B068-F04-404
PROP-B068-F05-U501,B068,LP068,5,501,54.4,Residential,IND-AP-VSP-DVD-LP068-B068-F05-501
PROP-B068-F05-U502,B068,LP068,5,502,54.4,Residential,IND-AP-VSP-DVD-LP068-B068-F05-502
PROP-B068-F05-U503,B068,LP068,5,503,54.4,Residential,IND-AP-VSP-DVD-LP068-B068-F05-503
PROP-B068-F05-U504,B068,LP068,5,504,54.4,Residential,IND-AP-VSP-DVD-LP068-B068-F05-504
PROP-B069-F01-U101,B069,LP069,1,101,176.5,Residential,IND-AP-VSP-DVD-LP069-B069-F01-101
PROP-B069-F02-U201,B069,LP069,2,201,176.5,Residential,IND-AP-VSP-DVD-LP069-B069-F02-201
PROP-B070-F01-U101,B070,LP070,1,101,111,Residential,IND-AP-VSP-DVD-LP070-B070-F01-101
PROP-B070-F02-U201,B070,LP070,2,201,111,Residential,IND-AP-VSP-DVD-LP070-B070-F02-201
PROP-B071-F01-U101,B071,LP071,1,101,127.3,Residential,IND-AP-VSP-DVD-LP071-B071-F01-101
PROP-B071-F02-U201,B071,LP071,2,201,127.3,Residential,IND-AP-VSP-DVD-LP071-B071-F02-201
PROP-B072-F01-U101,B072,LP072,1,101,127.1,Residential,IND-AP-VSP-DVD-LP072-B072-F01-101
PROP-B072-F02-U201,B072,LP072,2,201,127.1,Residential,IND-AP-VSP-DVD-LP072-B072-F02-201
PROP-B073-F01-U101,B073,LP073,1,101,120.2,Residential,IND-AP-VSP-DVD-LP073-B073-F01-101
PROP-B073-F02-U201,B073,LP073,2,201,120.2,Residential,IND-AP-VSP-DVD-LP073-B073-F02-201
PROP-B074-F01-U101,B074,LP074,1,101,229.7,Residential,IND-AP-VSP-DVD-LP074-B074-F01-101
PROP-B074-F02-U201,B074,LP074,2,201,229.7,Residential,IND-AP-VSP-DVD-LP074-B074-F02-201
PROP-B075-F01-U101,B075,LP075,1,101,110.1,Residential,IND-AP-VSP-DVD-LP075-B075-F01-101
PROP-B075-F02-U201,B075,LP075,2,201,110.1,Residential,IND-AP-VSP-DVD-LP075-B075-F02-201
PROP-B075-F03-U301,B075,LP075,3,301,110.1,Residential,IND-AP-VSP-DVD-LP075-B075-F03-301
PROP-B076-F01-U101,B076,LP076,1,101,99.6,Residential,IND-AP-VSP-DVD-LP076-B076-F01-101
PROP-B076-F02-U201,B076,LP076,2,201,99.6,Residential,IND-AP-VSP-DVD-LP076-B076-F02-201
PROP-B076-F03-U301,B076,LP076,3,301,99.6,Residential,IND-AP-VSP-DVD-LP076-B076-F03-301
PROP-B077-F01-U101,B077,LP077,1,101,140.9,Residential,IND-AP-VSP-DVD-LP077-B077-F01-101
PROP-B077-F02-U201,B077,LP077,2,201,140.9,Residential,IND-AP-VSP-DVD-LP077-B077-F02-201
PROP-B077-F03-U301,B077,LP077,3,301,140.9,Residential,IND-AP-VSP-DVD-LP077-B077-F03-301
PROP-B078-F01-U101,B078,LP078,1,101,116.5,Residential,IND-AP-VSP-DVD-LP078-B078-F01-101
PROP-B078-F02-U201,B078,LP078,2,201,116.5,Residential,IND-AP-VSP-DVD-LP078-B078-F02-201
PROP-B079-F01-U101,B079,LP079,1,101,130,Residential,IND-AP-VSP-DVD-LP079-B079-F01-101
PROP-B079-F02-U201,B079,LP079,2,201,130,Residential,IND-AP-VSP-DVD-LP079-B079-F02-201
PROP-B080-F01-U101,B080,LP080,1,101,102.8,Residential,IND-AP-VSP-DVD-LP080-B080-F01-101
PROP-B080-F02-U201,B080,LP080,2,201,102.8,Residential,IND-AP-VSP-DVD-LP080-B080-F02-201
PROP-B081-F01-U101,B081,LP081,1,101,108.1,Residential,IND-AP-VSP-DVD-LP081-B081-F01-101
PROP-B081-F02-U201,B081,LP081,2,201,108.1,Residential,IND-AP-VSP-DVD-LP081-B081-F02-201
PROP-B082-F01-U101,B082,LP082,1,101,107.6,Residential,IND-AP-VSP-DVD-LP082-B082-F01-101
PROP-B082-F02-U201,B082,LP082,2,201,107.6,Residential,IND-AP-VSP-DVD-LP082-B082-F02-201
PROP-B083-F01-U101,B083,LP083,1,101,105.1,Residential,IND-AP-VSP-DVD-LP083-B083-F01-101
PROP-B083-F02-U201,B083,LP083,2,201,105.1,Residential,IND-AP-VSP-DVD-LP083-B083-F02-201
PROP-B084-F01-U101,B084,LP084,1,101,125.3,Residential,IND-AP-VSP-DVD-LP084-B084-F01-101
PROP-B084-F02-U201,B084,LP084,2,201,125.3,Residential,IND-AP-VSP-DVD-LP084-B084-F02-201
PROP-B085-F01-U101,B085,LP085,1,101,79.3,Residential,IND-AP-VSP-DVD-LP085-B085-F01-101
PROP-B085-F01-U102,B085,LP085,1,102,79.3,Residential,IND-AP-VSP-DVD-LP085-B085-F01-102
PROP-B085-F01-U103,B085,LP085,1,103,79.3,Residential,IND-AP-VSP-DVD-LP085-B085-F01-103
PROP-B085-F01-U104,B085,LP085,1,104,79.3,Residential,IND-AP-VSP-DVD-LP085-B085-F01-104
PROP-B085-F02-U201,B085,LP085,2,201,79.3,Residential,IND-AP-VSP-DVD-LP085-B085-F02-201
PROP-B085-F02-U202,B085,LP085,2,202,79.3,Residential,IND-AP-VSP-DVD-LP085-B085-F02-202
PROP-B085-F02-U203,B085,LP085,2,203,79.3,Residential,IND-AP-VSP-DVD-LP085-B085-F02-203
PROP-B085-F02-U204,B085,LP085,2,204,79.3,Residential,IND-AP-VSP-DVD-LP085-B085-F02-204
PROP-B085-F03-U301,B085,LP085,3,301,79.3,Residential,IND-AP-VSP-DVD-LP085-B085-F03-301
PROP-B085-F03-U302,B085,LP085,3,302,79.3,Residential,IND-AP-VSP-DVD-LP085-B085-F03-302
PROP-B085-F03-U303,B085,LP085,3,303,79.3,Residential,IND-AP-VSP-DVD-LP085-B085-F03-303
PROP-B085-F03-U304,B085,LP085,3,304,79.3,Residential,IND-AP-VSP-DVD-LP085-B085-F03-304
PROP-B085-F04-U401,B085,LP085,4,401,79.3,Residential,IND-AP-VSP-DVD-LP085-B085-F04-401
PROP-B085-F04-U402,B085,LP085,4,402,79.3,Residential,IND-AP-VSP-DVD-LP085-B085-F04-402
PROP-B085-F04-U403,B085,LP085,4,403,79.3,Residential,IND-AP-VSP-DVD-LP085-B085-F04-403
PROP-B085-F04-U404,B085,LP085,4,404,79.3,Residential,IND-AP-VSP-DVD-LP085-B085-F04-404
PROP-B085-F05-U501,B085,LP085,5,501,79.3,Residential,IND-AP-VSP-DVD-LP085-B085-F05-501
PROP-B085-F05-U502,B085,LP085,5,502,79.3,Residential,IND-AP-VSP-DVD-LP085-B085-F05-502
PROP-B085-F05-U503,B085,LP085,5,503,79.3,Residential,IND-AP-VSP-DVD-LP085-B085-F05-503
PROP-B085-F05-U504,B085,LP085,5,504,79.3,Residential,IND-AP-VSP-DVD-LP085-B085-F05-504
PROP-B086-F01-U101,B086,LP086,1,101,58.2,Residential,IND-AP-VSP-DVD-LP086-B086-F01-101
PROP-B086-F02-U201,B086,LP086,2,201,58.2,Residential,IND-AP-VSP-DVD-LP086-B086-F02-201
PROP-B087-F01-U101,B087,LP087,1,101,58.1,Residential,IND-AP-VSP-DVD-LP087-B087-F01-101
PROP-B087-F02-U201,B087,LP087,2,201,58.1,Residential,IND-AP-VSP-DVD-LP087-B087-F02-201
PROP-B088-F01-U101,B088,LP088,1,101,8447.5,Residential,IND-AP-VSP-DVD-LP088-B088-F01-101
PROP-B088-F02-U201,B088,LP088,2,201,8447.5,Residential,IND-AP-VSP-DVD-LP088-B088-F02-201
PROP-B088-F03-U301,B088,LP088,3,301,8447.5,Residential,IND-AP-VSP-DVD-LP088-B088-F03-301
PROP-B089-F01-U101,B089,LP089,1,101,50.4,Residential,IND-AP-VSP-DVD-LP089-B089-F01-101
PROP-B089-F02-U201,B089,LP089,2,201,50.4,Residential,IND-AP-VSP-DVD-LP089-B089-F02-201
PROP-B090-F01-U101,B090,LP090,1,101,50.3,Residential,IND-AP-VSP-DVD-LP090-B090-F01-101
PROP-B090-F02-U201,B090,LP090,2,201,50.3,Residential,IND-AP-VSP-DVD-LP090-B090-F02-201
PROP-B091-F01-U101,B091,LP091,1,101,61.5,Residential,IND-AP-VSP-DVD-LP091-B091-F01-101
PROP-B091-F02-U201,B091,LP091,2,201,61.5,Residential,IND-AP-VSP-DVD-LP091-B091-F02-201
PROP-B092-F01-U101,B092,LP092,1,101,61.7,Residential,IND-AP-VSP-DVD-LP092-B092-F01-101
PROP-B092-F02-U201,B092,LP092,2,201,61.7,Residential,IND-AP-VSP-DVD-LP092-B092-F02-201
PROP-B093-F01-U101,B093,LP093,1,101,41.7,Residential,IND-AP-VSP-DVD-LP093-B093-F01-101
PROP-B093-F02-U201,B093,LP093,2,201,41.7,Residential,IND-AP-VSP-DVD-LP093-B093-F02-201
PROP-B094-F01-U101,B094,LP094,1,101,39,Residential,IND-AP-VSP-DVD-LP094-B094-F01-101
PROP-B094-F01-U102,B094,LP094,1,102,39,Residential,IND-AP-VSP-DVD-LP094-B094-F01-102
PROP-B094-F01-U103,B094,LP094,1,103,39,Residential,IND-AP-VSP-DVD-LP094-B094-F01-103
PROP-B094-F01-U104,B094,LP094,1,104,39,Residential,IND-AP-VSP-DVD-LP094-B094-F01-104
PROP-B094-F02-U201,B094,LP094,2,201,39,Residential,IND-AP-VSP-DVD-LP094-B094-F02-201
PROP-B094-F02-U202,B094,LP094,2,202,39,Residential,IND-AP-VSP-DVD-LP094-B094-F02-202
PROP-B094-F02-U203,B094,LP094,2,203,39,Residential,IND-AP-VSP-DVD-LP094-B094-F02-203
PROP-B094-F02-U204,B094,LP094,2,204,39,Residential,IND-AP-VSP-DVD-LP094-B094-F02-204
PROP-B094-F03-U301,B094,LP094,3,301,39,Residential,IND-AP-VSP-DVD-LP094-B094-F03-301
PROP-B094-F03-U302,B094,LP094,3,302,39,Residential,IND-AP-VSP-DVD-LP094-B094-F03-302
PROP-B094-F03-U303,B094,LP094,3,303,39,Residential,IND-AP-VSP-DVD-LP094-B094-F03-303
PROP-B094-F03-U304,B094,LP094,3,304,39,Residential,IND-AP-VSP-DVD-LP094-B094-F03-304
PROP-B094-F04-U401,B094,LP094,4,401,39,Residential,IND-AP-VSP-DVD-LP094-B094-F04-401
PROP-B094-F04-U402,B094,LP094,4,402,39,Residential,IND-AP-VSP-DVD-LP094-B094-F04-402
PROP-B094-F04-U403,B094,LP094,4,403,39,Residential,IND-AP-VSP-DVD-LP094-B094-F04-403
PROP-B094-F04-U404,B094,LP094,4,404,39,Residential,IND-AP-VSP-DVD-LP094-B094-F04-404
PROP-B094-F05-U501,B094,LP094,5,501,39,Residential,IND-AP-VSP-DVD-LP094-B094-F05-501
PROP-B094-F05-U502,B094,LP094,5,502,39,Residential,IND-AP-VSP-DVD-LP094-B094-F05-502
PROP-B094-F05-U503,B094,LP094,5,503,39,Residential,IND-AP-VSP-DVD-LP094-B094-F05-503
PROP-B094-F05-U504,B094,LP094,5,504,39,Residential,IND-AP-VSP-DVD-LP094-B094-F05-504
PROP-B095-F01-U101,B095,LP095,1,101,42.7,Residential,IND-AP-VSP-DVD-LP095-B095-F01-101
PROP-B095-F02-U201,B095,LP095,2,201,42.7,Residential,IND-AP-VSP-DVD-LP095-B095-F02-201
PROP-B096-F01-U101,B096,LP096,1,101,54.3,Residential,IND-AP-VSP-DVD-LP096-B096-F01-101
PROP-B096-F02-U201,B096,LP096,2,201,54.3,Residential,IND-AP-VSP-DVD-LP096-B096-F02-201
PROP-B097-F01-U101,B097,LP097,1,101,79.1,Residential,IND-AP-VSP-DVD-LP097-B097-F01-101
PROP-B097-F02-U201,B097,LP097,2,201,79.1,Residential,IND-AP-VSP-DVD-LP097-B097-F02-201
PROP-B098-F01-U101,B098,LP098,1,101,55,Residential,IND-AP-VSP-DVD-LP098-B098-F01-101
PROP-B098-F02-U201,B098,LP098,2,201,55,Residential,IND-AP-VSP-DVD-LP098-B098-F02-201
PROP-B099-F01-U101,B099,LP099,1,101,53.5,Residential,IND-AP-VSP-DVD-LP099-B099-F01-101
PROP-B099-F02-U201,B099,LP099,2,201,53.5,Residential,IND-AP-VSP-DVD-LP099-B099-F02-201
PROP-B100-F01-U101,B100,LP100,1,101,42.5,Residential,IND-AP-VSP-DVD-LP100-B100-F01-101
PROP-B100-F02-U201,B100,LP100,2,201,42.5,Residential,IND-AP-VSP-DVD-LP100-B100-F02-201
PROP-B101-F01-U101,B101,LP101,1,101,42.7,Residential,IND-AP-VSP-DVD-LP101-B101-F01-101
PROP-B101-F02-U201,B101,LP101,2,201,42.7,Residential,IND-AP-VSP-DVD-LP101-B101-F02-201
PROP-B102-F01-U101,B102,LP102,1,101,62.8,Residential,IND-AP-VSP-DVD-LP102-B102-F01-101
PROP-B102-F02-U201,B102,LP102,2,201,62.8,Residential,IND-AP-VSP-DVD-LP102-B102-F02-201
PROP-B103-F01-U101,B103,LP103,1,101,139.1,Residential,IND-AP-VSP-DVD-LP103-B103-F01-101
PROP-B103-F02-U201,B103,LP103,2,201,139.1,Residential,IND-AP-VSP-DVD-LP103-B103-F02-201
PROP-B104-F01-U101,B104,LP104,1,101,117.9,Residential,IND-AP-VSP-DVD-LP104-B104-F01-101
PROP-B104-F02-U201,B104,LP104,2,201,117.9,Residential,IND-AP-VSP-DVD-LP104-B104-F02-201
PROP-B105-F01-U101,B105,LP105,1,101,80.8,Residential,IND-AP-VSP-DVD-LP105-B105-F01-101
PROP-B105-F02-U201,B105,LP105,2,201,80.8,Residential,IND-AP-VSP-DVD-LP105-B105-F02-201
PROP-B106-F01-U101,B106,LP106,1,101,125.9,Shop,IND-AP-VSP-DVD-LP106-B106-F01-101
PROP-B106-F01-U102,B106,LP106,1,102,125.9,Shop,IND-AP-VSP-DVD-LP106-B106-F01-102
PROP-B106-F01-U103,B106,LP106,1,103,125.9,Shop,IND-AP-VSP-DVD-LP106-B106-F01-103
PROP-B106-F02-U201,B106,LP106,2,201,125.9,Office,IND-AP-VSP-DVD-LP106-B106-F02-201
PROP-B106-F02-U202,B106,LP106,2,202,125.9,Office,IND-AP-VSP-DVD-LP106-B106-F02-202
PROP-B106-F02-U203,B106,LP106,2,203,125.9,Office,IND-AP-VSP-DVD-LP106-B106-F02-203
PROP-B106-F03-U301,B106,LP106,3,301,125.9,Office,IND-AP-VSP-DVD-LP106-B106-F03-301
PROP-B106-F03-U302,B106,LP106,3,302,125.9,Office,IND-AP-VSP-DVD-LP106-B106-F03-302
PROP-B106-F03-U303,B106,LP106,3,303,125.9,Office,IND-AP-VSP-DVD-LP106-B106-F03-303
PROP-B106-F04-U401,B106,LP106,4,401,125.9,Office,IND-AP-VSP-DVD-LP106-B106-F04-401
PROP-B106-F04-U402,B106,LP106,4,402,125.9,Office,IND-AP-VSP-DVD-LP106-B106-F04-402
PROP-B106-F04-U403,B106,LP106,4,403,125.9,Office,IND-AP-VSP-DVD-LP106-B106-F04-403
PROP-B107-F01-U101,B107,LP107,1,101,87.3,Residential,IND-AP-VSP-DVD-LP107-B107-F01-101
PROP-B107-F02-U201,B107,LP107,2,201,87.3,Residential,IND-AP-VSP-DVD-LP107-B107-F02-201
PROP-B108-F01-U101,B108,LP108,1,101,53.2,Residential,IND-AP-VSP-DVD-LP108-B108-F01-101
PROP-B108-F02-U201,B108,LP108,2,201,53.2,Residential,IND-AP-VSP-DVD-LP108-B108-F02-201
PROP-B109-F01-U101,B109,LP109,1,101,99.4,Residential,IND-AP-VSP-DVD-LP109-B109-F01-101
PROP-B109-F02-U201,B109,LP109,2,201,99.4,Residential,IND-AP-VSP-DVD-LP109-B109-F02-201
PROP-B110-F01-U101,B110,LP110,1,101,100.6,Residential,IND-AP-VSP-DVD-LP110-B110-F01-101
PROP-B110-F02-U201,B110,LP110,2,201,100.6,Residential,IND-AP-VSP-DVD-LP110-B110-F02-201
PROP-B111-F01-U101,B111,LP111,1,101,70,Residential,IND-AP-VSP-DVD-LP111-B111-F01-101
PROP-B111-F02-U201,B111,LP111,2,201,70,Residential,IND-AP-VSP-DVD-LP111-B111-F02-201
PROP-B112-F01-U101,B112,LP112,1,101,70,Residential,IND-AP-VSP-DVD-LP112-B112-F01-101
PROP-B112-F02-U201,B112,LP112,2,201,70,Residential,IND-AP-VSP-DVD-LP112-B112-F02-201
PROP-B113-F01-U101,B113,LP113,1,101,82.6,Residential,IND-AP-VSP-DVD-LP113-B113-F01-101
PROP-B113-F02-U201,B113,LP113,2,201,82.6,Residential,IND-AP-VSP-DVD-LP113-B113-F02-201
PROP-B114-F01-U101,B114,LP114,1,101,67.1,Residential,IND-AP-VSP-DVD-LP114-B114-F01-101
PROP-B114-F02-U201,B114,LP114,2,201,67.1,Residential,IND-AP-VSP-DVD-LP114-B114-F02-201
PROP-B115-F01-U101,B115,LP115,1,101,64.6,Residential,IND-AP-VSP-DVD-LP115-B115-F01-101
PROP-B115-F02-U201,B115,LP115,2,201,64.6,Residential,IND-AP-VSP-DVD-LP115-B115-F02-201
PROP-B116-F01-U101,B116,LP116,1,101,148.8,Residential,IND-AP-VSP-DVD-LP116-B116-F01-101
PROP-B116-F02-U201,B116,LP116,2,201,148.8,Residential,IND-AP-VSP-DVD-LP116-B116-F02-201
PROP-B117-F01-U101,B117,LP117,1,101,64.5,Residential,IND-AP-VSP-DVD-LP117-B117-F01-101
PROP-B117-F02-U201,B117,LP117,2,201,64.5,Residential,IND-AP-VSP-DVD-LP117-B117-F02-201
PROP-B118-F01-U101,B118,LP118,1,101,67.1,Residential,IND-AP-VSP-DVD-LP118-B118-F01-101
PROP-B118-F02-U201,B118,LP118,2,201,67.1,Residential,IND-AP-VSP-DVD-LP118-B118-F02-201
PROP-B119-F01-U101,B119,LP119,1,101,61.4,Residential,IND-AP-VSP-DVD-LP119-B119-F01-101
PROP-B119-F02-U201,B119,LP119,2,201,61.4,Residential,IND-AP-VSP-DVD-LP119-B119-F02-201
PROP-B120-F01-U101,B120,LP120,1,101,61.5,Residential,IND-AP-VSP-DVD-LP120-B120-F01-101
PROP-B120-F02-U201,B120,LP120,2,201,61.5,Residential,IND-AP-VSP-DVD-LP120-B120-F02-201
PROP-B121-F01-U101,B121,LP121,1,101,145.9,Residential,IND-AP-VSP-DVD-LP121-B121-F01-101
PROP-B121-F02-U201,B121,LP121,2,201,145.9,Residential,IND-AP-VSP-DVD-LP121-B121-F02-201
PROP-B122-F01-U101,B122,LP122,1,101,79.3,Residential,IND-AP-VSP-DVD-LP122-B122-F01-101
PROP-B122-F02-U201,B122,LP122,2,201,79.3,Residential,IND-AP-VSP-DVD-LP122-B122-F02-201
PROP-B123-F01-U101,B123,LP123,1,101,83,Residential,IND-AP-VSP-DVD-LP123-B123-F01-101
PROP-B123-F02-U201,B123,LP123,2,201,83,Residential,IND-AP-VSP-DVD-LP123-B123-F02-201
PROP-B124-F01-U101,B124,LP124,1,101,117.5,Residential,IND-AP-VSP-DVD-LP124-B124-F01-101
PROP-B124-F02-U201,B124,LP124,2,201,117.5,Residential,IND-AP-VSP-DVD-LP124-B124-F02-201
PROP-B125-F01-U101,B125,LP125,1,101,117.5,Residential,IND-AP-VSP-DVD-LP125-B125-F01-101
PROP-B125-F02-U201,B125,LP125,2,201,117.5,Residential,IND-AP-VSP-DVD-LP125-B125-F02-201
PROP-B126-F01-U101,B126,LP126,1,101,52.8,Residential,IND-AP-VSP-DVD-LP126-B126-F01-101
PROP-B126-F01-U102,B126,LP126,1,102,52.8,Residential,IND-AP-VSP-DVD-LP126-B126-F01-102
PROP-B126-F01-U103,B126,LP126,1,103,52.8,Residential,IND-AP-VSP-DVD-LP126-B126-F01-103
PROP-B126-F01-U104,B126,LP126,1,104,52.8,Residential,IND-AP-VSP-DVD-LP126-B126-F01-104
PROP-B126-F02-U201,B126,LP126,2,201,52.8,Residential,IND-AP-VSP-DVD-LP126-B126-F02-201
PROP-B126-F02-U202,B126,LP126,2,202,52.8,Residential,IND-AP-VSP-DVD-LP126-B126-F02-202
PROP-B126-F02-U203,B126,LP126,2,203,52.8,Residential,IND-AP-VSP-DVD-LP126-B126-F02-203
PROP-B126-F02-U204,B126,LP126,2,204,52.8,Residential,IND-AP-VSP-DVD-LP126-B126-F02-204
PROP-B126-F03-U301,B126,LP126,3,301,52.8,Residential,IND-AP-VSP-DVD-LP126-B126-F03-301
PROP-B126-F03-U302,B126,LP126,3,302,52.8,Residential,IND-AP-VSP-DVD-LP126-B126-F03-302
PROP-B126-F03-U303,B126,LP126,3,303,52.8,Residential,IND-AP-VSP-DVD-LP126-B126-F03-303
PROP-B126-F03-U304,B126,LP126,3,304,52.8,Residential,IND-AP-VSP-DVD-LP126-B126-F03-304
PROP-B126-F04-U401,B126,LP126,4,401,52.8,Residential,IND-AP-VSP-DVD-LP126-B126-F04-401
PROP-B126-F04-U402,B126,LP126,4,402,52.8,Residential,IND-AP-VSP-DVD-LP126-B126-F04-402
PROP-B126-F04-U403,B126,LP126,4,403,52.8,Residential,IND-AP-VSP-DVD-LP126-B126-F04-403
PROP-B126-F04-U404,B126,LP126,4,404,52.8,Residential,IND-AP-VSP-DVD-LP126-B126-F04-404
PROP-B126-F05-U501,B126,LP126,5,501,52.8,Residential,IND-AP-VSP-DVD-LP126-B126-F05-501
PROP-B126-F05-U502,B126,LP126,5,502,52.8,Residential,IND-AP-VSP-DVD-LP126-B126-F05-502
PROP-B126-F05-U503,B126,LP126,5,503,52.8,Residential,IND-AP-VSP-DVD-LP126-B126-F05-503
PROP-B126-F05-U504,B126,LP126,5,504,52.8,Residential,IND-AP-VSP-DVD-LP126-B126-F05-504
PROP-B127-F01-U101,B127,LP127,1,101,143.3,Residential,IND-AP-VSP-DVD-LP127-B127-F01-101
PROP-B127-F02-U201,B127,LP127,2,201,143.3,Residential,IND-AP-VSP-DVD-LP127-B127-F02-201
PROP-B128-F01-U101,B128,LP128,1,101,105,Residential,IND-AP-VSP-DVD-LP128-B128-F01-101
PROP-B128-F02-U201,B128,LP128,2,201,105,Residential,IND-AP-VSP-DVD-LP128-B128-F02-201
PROP-B129-F01-U101,B129,LP129,1,101,125.4,Shop,IND-AP-VSP-DVD-LP129-B129-F01-101
PROP-B129-F01-U102,B129,LP129,1,102,125.4,Shop,IND-AP-VSP-DVD-LP129-B129-F01-102
PROP-B129-F01-U103,B129,LP129,1,103,125.4,Shop,IND-AP-VSP-DVD-LP129-B129-F01-103
PROP-B129-F02-U201,B129,LP129,2,201,125.4,Office,IND-AP-VSP-DVD-LP129-B129-F02-201
PROP-B129-F02-U202,B129,LP129,2,202,125.4,Office,IND-AP-VSP-DVD-LP129-B129-F02-202
PROP-B129-F02-U203,B129,LP129,2,203,125.4,Office,IND-AP-VSP-DVD-LP129-B129-F02-203
PROP-B129-F03-U301,B129,LP129,3,301,125.4,Office,IND-AP-VSP-DVD-LP129-B129-F03-301
PROP-B129-F03-U302,B129,LP129,3,302,125.4,Office,IND-AP-VSP-DVD-LP129-B129-F03-302
PROP-B129-F03-U303,B129,LP129,3,303,125.4,Office,IND-AP-VSP-DVD-LP129-B129-F03-303
PROP-B129-F04-U401,B129,LP129,4,401,125.4,Office,IND-AP-VSP-DVD-LP129-B129-F04-401
PROP-B129-F04-U402,B129,LP129,4,402,125.4,Office,IND-AP-VSP-DVD-LP129-B129-F04-402
PROP-B129-F04-U403,B129,LP129,4,403,125.4,Office,IND-AP-VSP-DVD-LP129-B129-F04-403
PROP-B130-F01-U101,B130,LP130,1,101,56.5,Residential,IND-AP-VSP-DVD-LP130-B130-F01-101
PROP-B130-F01-U102,B130,LP130,1,102,56.5,Residential,IND-AP-VSP-DVD-LP130-B130-F01-102
PROP-B130-F01-U103,B130,LP130,1,103,56.5,Residential,IND-AP-VSP-DVD-LP130-B130-F01-103
PROP-B130-F01-U104,B130,LP130,1,104,56.5,Residential,IND-AP-VSP-DVD-LP130-B130-F01-104
PROP-B130-F02-U201,B130,LP130,2,201,56.5,Residential,IND-AP-VSP-DVD-LP130-B130-F02-201
PROP-B130-F02-U202,B130,LP130,2,202,56.5,Residential,IND-AP-VSP-DVD-LP130-B130-F02-202
PROP-B130-F02-U203,B130,LP130,2,203,56.5,Residential,IND-AP-VSP-DVD-LP130-B130-F02-203
PROP-B130-F02-U204,B130,LP130,2,204,56.5,Residential,IND-AP-VSP-DVD-LP130-B130-F02-204
PROP-B130-F03-U301,B130,LP130,3,301,56.5,Residential,IND-AP-VSP-DVD-LP130-B130-F03-301
PROP-B130-F03-U302,B130,LP130,3,302,56.5,Residential,IND-AP-VSP-DVD-LP130-B130-F03-302
PROP-B130-F03-U303,B130,LP130,3,303,56.5,Residential,IND-AP-VSP-DVD-LP130-B130-F03-303
PROP-B130-F03-U304,B130,LP130,3,304,56.5,Residential,IND-AP-VSP-DVD-LP130-B130-F03-304
PROP-B130-F04-U401,B130,LP130,4,401,56.5,Residential,IND-AP-VSP-DVD-LP130-B130-F04-401
PROP-B130-F04-U402,B130,LP130,4,402,56.5,Residential,IND-AP-VSP-DVD-LP130-B130-F04-402
PROP-B130-F04-U403,B130,LP130,4,403,56.5,Residential,IND-AP-VSP-DVD-LP130-B130-F04-403
PROP-B130-F04-U404,B130,LP130,4,404,56.5,Residential,IND-AP-VSP-DVD-LP130-B130-F04-404
PROP-B130-F05-U501,B130,LP130,5,501,56.5,Residential,IND-AP-VSP-DVD-LP130-B130-F05-501
PROP-B130-F05-U502,B130,LP130,5,502,56.5,Residential,IND-AP-VSP-DVD-LP130-B130-F05-502
PROP-B130-F05-U503,B130,LP130,5,503,56.5,Residential,IND-AP-VSP-DVD-LP130-B130-F05-503
PROP-B130-F05-U504,B130,LP130,5,504,56.5,Residential,IND-AP-VSP-DVD-LP130-B130-F05-504
PROP-B131-F01-U101,B131,LP131,1,101,41.4,Residential,IND-AP-VSP-DVD-LP131-B131-F01-101
PROP-B131-F01-U102,B131,LP131,1,102,41.4,Residential,IND-AP-VSP-DVD-LP131-B131-F01-102
PROP-B131-F01-U103,B131,LP131,1,103,41.4,Residential,IND-AP-VSP-DVD-LP131-B131-F01-103
PROP-B131-F01-U104,B131,LP131,1,104,41.4,Residential,IND-AP-VSP-DVD-LP131-B131-F01-104
PROP-B131-F02-U201,B131,LP131,2,201,41.4,Residential,IND-AP-VSP-DVD-LP131-B131-F02-201
PROP-B131-F02-U202,B131,LP131,2,202,41.4,Residential,IND-AP-VSP-DVD-LP131-B131-F02-202
PROP-B131-F02-U203,B131,LP131,2,203,41.4,Residential,IND-AP-VSP-DVD-LP131-B131-F02-203
PROP-B131-F02-U204,B131,LP131,2,204,41.4,Residential,IND-AP-VSP-DVD-LP131-B131-F02-204
PROP-B131-F03-U301,B131,LP131,3,301,41.4,Residential,IND-AP-VSP-DVD-LP131-B131-F03-301
PROP-B131-F03-U302,B131,LP131,3,302,41.4,Residential,IND-AP-VSP-DVD-LP131-B131-F03-302
PROP-B131-F03-U303,B131,LP131,3,303,41.4,Residential,IND-AP-VSP-DVD-LP131-B131-F03-303
PROP-B131-F03-U304,B131,LP131,3,304,41.4,Residential,IND-AP-VSP-DVD-LP131-B131-F03-304
PROP-B131-F04-U401,B131,LP131,4,401,41.4,Residential,IND-AP-VSP-DVD-LP131-B131-F04-401
PROP-B131-F04-U402,B131,LP131,4,402,41.4,Residential,IND-AP-VSP-DVD-LP131-B131-F04-402
PROP-B131-F04-U403,B131,LP131,4,403,41.4,Residential,IND-AP-VSP-DVD-LP131-B131-F04-403
PROP-B131-F04-U404,B131,LP131,4,404,41.4,Residential,IND-AP-VSP-DVD-LP131-B131-F04-404
PROP-B131-F05-U501,B131,LP131,5,501,41.4,Residential,IND-AP-VSP-DVD-LP131-B131-F05-501
PROP-B131-F05-U502,B131,LP131,5,502,41.4,Residential,IND-AP-VSP-DVD-LP131-B131-F05-502
PROP-B131-F05-U503,B131,LP131,5,503,41.4,Residential,IND-AP-VSP-DVD-LP131-B131-F05-503
PROP-B131-F05-U504,B131,LP131,5,504,41.4,Residential,IND-AP-VSP-DVD-LP131-B131-F05-504
PROP-B132-F01-U101,B132,LP132,1,101,58.4,Residential,IND-AP-VSP-DVD-LP132-B132-F01-101
PROP-B132-F01-U102,B132,LP132,1,102,58.4,Residential,IND-AP-VSP-DVD-LP132-B132-F01-102
PROP-B132-F01-U103,B132,LP132,1,103,58.4,Residential,IND-AP-VSP-DVD-LP132-B132-F01-103
PROP-B132-F01-U104,B132,LP132,1,104,58.4,Residential,IND-AP-VSP-DVD-LP132-B132-F01-104
PROP-B132-F02-U201,B132,LP132,2,201,58.4,Residential,IND-AP-VSP-DVD-LP132-B132-F02-201
PROP-B132-F02-U202,B132,LP132,2,202,58.4,Residential,IND-AP-VSP-DVD-LP132-B132-F02-202
PROP-B132-F02-U203,B132,LP132,2,203,58.4,Residential,IND-AP-VSP-DVD-LP132-B132-F02-203
PROP-B132-F02-U204,B132,LP132,2,204,58.4,Residential,IND-AP-VSP-DVD-LP132-B132-F02-204
PROP-B132-F03-U301,B132,LP132,3,301,58.4,Residential,IND-AP-VSP-DVD-LP132-B132-F03-301
PROP-B132-F03-U302,B132,LP132,3,302,58.4,Residential,IND-AP-VSP-DVD-LP132-B132-F03-302
PROP-B132-F03-U303,B132,LP132,3,303,58.4,Residential,IND-AP-VSP-DVD-LP132-B132-F03-303
PROP-B132-F03-U304,B132,LP132,3,304,58.4,Residential,IND-AP-VSP-DVD-LP132-B132-F03-304
PROP-B132-F04-U401,B132,LP132,4,401,58.4,Residential,IND-AP-VSP-DVD-LP132-B132-F04-401
PROP-B132-F04-U402,B132,LP132,4,402,58.4,Residential,IND-AP-VSP-DVD-LP132-B132-F04-402
PROP-B132-F04-U403,B132,LP132,4,403,58.4,Residential,IND-AP-VSP-DVD-LP132-B132-F04-403
PROP-B132-F04-U404,B132,LP132,4,404,58.4,Residential,IND-AP-VSP-DVD-LP132-B132-F04-404
PROP-B132-F05-U501,B132,LP132,5,501,58.4,Residential,IND-AP-VSP-DVD-LP132-B132-F05-501
PROP-B132-F05-U502,B132,LP132,5,502,58.4,Residential,IND-AP-VSP-DVD-LP132-B132-F05-502
PROP-B132-F05-U503,B132,LP132,5,503,58.4,Residential,IND-AP-VSP-DVD-LP132-B132-F05-503
PROP-B132-F05-U504,B132,LP132,5,504,58.4,Residential,IND-AP-VSP-DVD-LP132-B132-F05-504
PROP-B133-F01-U101,B133,LP133,1,101,116.1,Residential,IND-AP-VSP-DVD-LP133-B133-F01-101
PROP-B133-F02-U201,B133,LP133,2,201,116.1,Residential,IND-AP-VSP-DVD-LP133-B133-F02-201
PROP-B134-F01-U101,B134,LP134,1,101,138.8,Residential,IND-AP-VSP-DVD-LP134-B134-F01-101
PROP-B134-F02-U201,B134,LP134,2,201,138.8,Residential,IND-AP-VSP-DVD-LP134-B134-F02-201
PROP-B135-F01-U101,B135,LP135,1,101,138.8,Residential,IND-AP-VSP-DVD-LP135-B135-F01-101
PROP-B135-F02-U201,B135,LP135,2,201,138.8,Residential,IND-AP-VSP-DVD-LP135-B135-F02-201
PROP-B136-F01-U101,B136,LP136,1,101,72.6,Residential,IND-AP-VSP-DVD-LP136-B136-F01-101
PROP-B136-F02-U201,B136,LP136,2,201,72.6,Residential,IND-AP-VSP-DVD-LP136-B136-F02-201
PROP-B137-F01-U101,B137,LP137,1,101,134.3,Residential,IND-AP-VSP-DVD-LP137-B137-F01-101
PROP-B137-F02-U201,B137,LP137,2,201,134.3,Residential,IND-AP-VSP-DVD-LP137-B137-F02-201
PROP-B138-F01-U101,B138,LP138,1,101,63.4,Residential,IND-AP-VSP-DVD-LP138-B138-F01-101
PROP-B138-F01-U102,B138,LP138,1,102,63.4,Residential,IND-AP-VSP-DVD-LP138-B138-F01-102
PROP-B138-F01-U103,B138,LP138,1,103,63.4,Residential,IND-AP-VSP-DVD-LP138-B138-F01-103
PROP-B138-F01-U104,B138,LP138,1,104,63.4,Residential,IND-AP-VSP-DVD-LP138-B138-F01-104
PROP-B138-F02-U201,B138,LP138,2,201,63.4,Residential,IND-AP-VSP-DVD-LP138-B138-F02-201
PROP-B138-F02-U202,B138,LP138,2,202,63.4,Residential,IND-AP-VSP-DVD-LP138-B138-F02-202
PROP-B138-F02-U203,B138,LP138,2,203,63.4,Residential,IND-AP-VSP-DVD-LP138-B138-F02-203
PROP-B138-F02-U204,B138,LP138,2,204,63.4,Residential,IND-AP-VSP-DVD-LP138-B138-F02-204
PROP-B138-F03-U301,B138,LP138,3,301,63.4,Residential,IND-AP-VSP-DVD-LP138-B138-F03-301
PROP-B138-F03-U302,B138,LP138,3,302,63.4,Residential,IND-AP-VSP-DVD-LP138-B138-F03-302
PROP-B138-F03-U303,B138,LP138,3,303,63.4,Residential,IND-AP-VSP-DVD-LP138-B138-F03-303
PROP-B138-F03-U304,B138,LP138,3,304,63.4,Residential,IND-AP-VSP-DVD-LP138-B138-F03-304
PROP-B138-F04-U401,B138,LP138,4,401,63.4,Residential,IND-AP-VSP-DVD-LP138-B138-F04-401
PROP-B138-F04-U402,B138,LP138,4,402,63.4,Residential,IND-AP-VSP-DVD-LP138-B138-F04-402
PROP-B138-F04-U403,B138,LP138,4,403,63.4,Residential,IND-AP-VSP-DVD-LP138-B138-F04-403
PROP-B138-F04-U404,B138,LP138,4,404,63.4,Residential,IND-AP-VSP-DVD-LP138-B138-F04-404
PROP-B138-F05-U501,B138,LP138,5,501,63.4,Residential,IND-AP-VSP-DVD-LP138-B138-F05-501
PROP-B138-F05-U502,B138,LP138,5,502,63.4,Residential,IND-AP-VSP-DVD-LP138-B138-F05-502
PROP-B138-F05-U503,B138,LP138,5,503,63.4,Residential,IND-AP-VSP-DVD-LP138-B138-F05-503
PROP-B138-F05-U504,B138,LP138,5,504,63.4,Residential,IND-AP-VSP-DVD-LP138-B138-F05-504
PROP-B139-F01-U101,B139,LP139,1,101,69,Residential,IND-AP-VSP-DVD-LP139-B139-F01-101
PROP-B139-F01-U102,B139,LP139,1,102,69,Residential,IND-AP-VSP-DVD-LP139-B139-F01-102
PROP-B139-F01-U103,B139,LP139,1,103,69,Residential,IND-AP-VSP-DVD-LP139-B139-F01-103
PROP-B139-F01-U104,B139,LP139,1,104,69,Residential,IND-AP-VSP-DVD-LP139-B139-F01-104
PROP-B139-F02-U201,B139,LP139,2,201,69,Residential,IND-AP-VSP-DVD-LP139-B139-F02-201
PROP-B139-F02-U202,B139,LP139,2,202,69,Residential,IND-AP-VSP-DVD-LP139-B139-F02-202
PROP-B139-F02-U203,B139,LP139,2,203,69,Residential,IND-AP-VSP-DVD-LP139-B139-F02-203
PROP-B139-F02-U204,B139,LP139,2,204,69,Residential,IND-AP-VSP-DVD-LP139-B139-F02-204
PROP-B139-F03-U301,B139,LP139,3,301,69,Residential,IND-AP-VSP-DVD-LP139-B139-F03-301
PROP-B139-F03-U302,B139,LP139,3,302,69,Residential,IND-AP-VSP-DVD-LP139-B139-F03-302
PROP-B139-F03-U303,B139,LP139,3,303,69,Residential,IND-AP-VSP-DVD-LP139-B139-F03-303
PROP-B139-F03-U304,B139,LP139,3,304,69,Residential,IND-AP-VSP-DVD-LP139-B139-F03-304
PROP-B139-F04-U401,B139,LP139,4,401,69,Residential,IND-AP-VSP-DVD-LP139-B139-F04-401
PROP-B139-F04-U402,B139,LP139,4,402,69,Residential,IND-AP-VSP-DVD-LP139-B139-F04-402
PROP-B139-F04-U403,B139,LP139,4,403,69,Residential,IND-AP-VSP-DVD-LP139-B139-F04-403
PROP-B139-F04-U404,B139,LP139,4,404,69,Residential,IND-AP-VSP-DVD-LP139-B139-F04-404
PROP-B139-F05-U501,B139,LP139,5,501,69,Residential,IND-AP-VSP-DVD-LP139-B139-F05-501
PROP-B139-F05-U502,B139,LP139,5,502,69,Residential,IND-AP-VSP-DVD-LP139-B139-F05-502
PROP-B139-F05-U503,B139,LP139,5,503,69,Residential,IND-AP-VSP-DVD-LP139-B139-F05-503
PROP-B139-F05-U504,B139,LP139,5,504,69,Residential,IND-AP-VSP-DVD-LP139-B139-F05-504
PROP-B140-F01-U101,B140,LP140,1,101,80.3,Residential,IND-AP-VSP-DVD-LP140-B140-F01-101
PROP-B140-F01-U102,B140,LP140,1,102,80.3,Residential,IND-AP-VSP-DVD-LP140-B140-F01-102
PROP-B140-F01-U103,B140,LP140,1,103,80.3,Residential,IND-AP-VSP-DVD-LP140-B140-F01-103
PROP-B140-F01-U104,B140,LP140,1,104,80.3,Residential,IND-AP-VSP-DVD-LP140-B140-F01-104
PROP-B140-F02-U201,B140,LP140,2,201,80.3,Residential,IND-AP-VSP-DVD-LP140-B140-F02-201
PROP-B140-F02-U202,B140,LP140,2,202,80.3,Residential,IND-AP-VSP-DVD-LP140-B140-F02-202
PROP-B140-F02-U203,B140,LP140,2,203,80.3,Residential,IND-AP-VSP-DVD-LP140-B140-F02-203
PROP-B140-F02-U204,B140,LP140,2,204,80.3,Residential,IND-AP-VSP-DVD-LP140-B140-F02-204
PROP-B140-F03-U301,B140,LP140,3,301,80.3,Residential,IND-AP-VSP-DVD-LP140-B140-F03-301
PROP-B140-F03-U302,B140,LP140,3,302,80.3,Residential,IND-AP-VSP-DVD-LP140-B140-F03-302
PROP-B140-F03-U303,B140,LP140,3,303,80.3,Residential,IND-AP-VSP-DVD-LP140-B140-F03-303
PROP-B140-F03-U304,B140,LP140,3,304,80.3,Residential,IND-AP-VSP-DVD-LP140-B140-F03-304
PROP-B140-F04-U401,B140,LP140,4,401,80.3,Residential,IND-AP-VSP-DVD-LP140-B140-F04-401
PROP-B140-F04-U402,B140,LP140,4,402,80.3,Residential,IND-AP-VSP-DVD-LP140-B140-F04-402
PROP-B140-F04-U403,B140,LP140,4,403,80.3,Residential,IND-AP-VSP-DVD-LP140-B140-F04-403
PROP-B140-F04-U404,B140,LP140,4,404,80.3,Residential,IND-AP-VSP-DVD-LP140-B140-F04-404
PROP-B140-F05-U501,B140,LP140,5,501,80.3,Residential,IND-AP-VSP-DVD-LP140-B140-F05-501
PROP-B140-F05-U502,B140,LP140,5,502,80.3,Residential,IND-AP-VSP-DVD-LP140-B140-F05-502
PROP-B140-F05-U503,B140,LP140,5,503,80.3,Residential,IND-AP-VSP-DVD-LP140-B140-F05-503
PROP-B140-F05-U504,B140,LP140,5,504,80.3,Residential,IND-AP-VSP-DVD-LP140-B140-F05-504
PROP-B141-F01-U101,B141,LP141,1,101,51.8,Residential,IND-AP-VSP-DVD-LP141-B141-F01-101
PROP-B141-F01-U102,B141,LP141,1,102,51.8,Residential,IND-AP-VSP-DVD-LP141-B141-F01-102
PROP-B141-F01-U103,B141,LP141,1,103,51.8,Residential,IND-AP-VSP-DVD-LP141-B141-F01-103
PROP-B141-F01-U104,B141,LP141,1,104,51.8,Residential,IND-AP-VSP-DVD-LP141-B141-F01-104
PROP-B141-F02-U201,B141,LP141,2,201,51.8,Residential,IND-AP-VSP-DVD-LP141-B141-F02-201
PROP-B141-F02-U202,B141,LP141,2,202,51.8,Residential,IND-AP-VSP-DVD-LP141-B141-F02-202
PROP-B141-F02-U203,B141,LP141,2,203,51.8,Residential,IND-AP-VSP-DVD-LP141-B141-F02-203
PROP-B141-F02-U204,B141,LP141,2,204,51.8,Residential,IND-AP-VSP-DVD-LP141-B141-F02-204
PROP-B141-F03-U301,B141,LP141,3,301,51.8,Residential,IND-AP-VSP-DVD-LP141-B141-F03-301
PROP-B141-F03-U302,B141,LP141,3,302,51.8,Residential,IND-AP-VSP-DVD-LP141-B141-F03-302
PROP-B141-F03-U303,B141,LP141,3,303,51.8,Residential,IND-AP-VSP-DVD-LP141-B141-F03-303
PROP-B141-F03-U304,B141,LP141,3,304,51.8,Residential,IND-AP-VSP-DVD-LP141-B141-F03-304
PROP-B141-F04-U401,B141,LP141,4,401,51.8,Residential,IND-AP-VSP-DVD-LP141-B141-F04-401
PROP-B141-F04-U402,B141,LP141,4,402,51.8,Residential,IND-AP-VSP-DVD-LP141-B141-F04-402
PROP-B141-F04-U403,B141,LP141,4,403,51.8,Residential,IND-AP-VSP-DVD-LP141-B141-F04-403
PROP-B141-F04-U404,B141,LP141,4,404,51.8,Residential,IND-AP-VSP-DVD-LP141-B141-F04-404
PROP-B141-F05-U501,B141,LP141,5,501,51.8,Residential,IND-AP-VSP-DVD-LP141-B141-F05-501
PROP-B141-F05-U502,B141,LP141,5,502,51.8,Residential,IND-AP-VSP-DVD-LP141-B141-F05-502
PROP-B141-F05-U503,B141,LP141,5,503,51.8,Residential,IND-AP-VSP-DVD-LP141-B141-F05-503
PROP-B141-F05-U504,B141,LP141,5,504,51.8,Residential,IND-AP-VSP-DVD-LP141-B141-F05-504
PROP-B142-F01-U101,B142,LP142,1,101,140,Residential,IND-AP-VSP-DVD-LP142-B142-F01-101
PROP-B142-F02-U201,B142,LP142,2,201,140,Residential,IND-AP-VSP-DVD-LP142-B142-F02-201
PROP-B143-F01-U101,B143,LP143,1,101,49.2,Residential,IND-AP-VSP-DVD-LP143-B143-F01-101
PROP-B143-F01-U102,B143,LP143,1,102,49.2,Residential,IND-AP-VSP-DVD-LP143-B143-F01-102
PROP-B143-F01-U103,B143,LP143,1,103,49.2,Residential,IND-AP-VSP-DVD-LP143-B143-F01-103
PROP-B143-F01-U104,B143,LP143,1,104,49.2,Residential,IND-AP-VSP-DVD-LP143-B143-F01-104
PROP-B143-F02-U201,B143,LP143,2,201,49.2,Residential,IND-AP-VSP-DVD-LP143-B143-F02-201
PROP-B143-F02-U202,B143,LP143,2,202,49.2,Residential,IND-AP-VSP-DVD-LP143-B143-F02-202
PROP-B143-F02-U203,B143,LP143,2,203,49.2,Residential,IND-AP-VSP-DVD-LP143-B143-F02-203
PROP-B143-F02-U204,B143,LP143,2,204,49.2,Residential,IND-AP-VSP-DVD-LP143-B143-F02-204
PROP-B143-F03-U301,B143,LP143,3,301,49.2,Residential,IND-AP-VSP-DVD-LP143-B143-F03-301
PROP-B143-F03-U302,B143,LP143,3,302,49.2,Residential,IND-AP-VSP-DVD-LP143-B143-F03-302
PROP-B143-F03-U303,B143,LP143,3,303,49.2,Residential,IND-AP-VSP-DVD-LP143-B143-F03-303
PROP-B143-F03-U304,B143,LP143,3,304,49.2,Residential,IND-AP-VSP-DVD-LP143-B143-F03-304
PROP-B143-F04-U401,B143,LP143,4,401,49.2,Residential,IND-AP-VSP-DVD-LP143-B143-F04-401
PROP-B143-F04-U402,B143,LP143,4,402,49.2,Residential,IND-AP-VSP-DVD-LP143-B143-F04-402
PROP-B143-F04-U403,B143,LP143,4,403,49.2,Residential,IND-AP-VSP-DVD-LP143-B143-F04-403
PROP-B143-F04-U404,B143,LP143,4,404,49.2,Residential,IND-AP-VSP-DVD-LP143-B143-F04-404
PROP-B143-F05-U501,B143,LP143,5,501,49.2,Residential,IND-AP-VSP-DVD-LP143-B143-F05-501
PROP-B143-F05-U502,B143,LP143,5,502,49.2,Residential,IND-AP-VSP-DVD-LP143-B143-F05-502
PROP-B143-F05-U503,B143,LP143,5,503,49.2,Residential,IND-AP-VSP-DVD-LP143-B143-F05-503
PROP-B143-F05-U504,B143,LP143,5,504,49.2,Residential,IND-AP-VSP-DVD-LP143-B143-F05-504
PROP-B144-F01-U101,B144,LP144,1,101,39,Residential,IND-AP-VSP-DVD-LP144-B144-F01-101
PROP-B144-F01-U102,B144,LP144,1,102,39,Residential,IND-AP-VSP-DVD-LP144-B144-F01-102
PROP-B144-F01-U103,B144,LP144,1,103,39,Residential,IND-AP-VSP-DVD-LP144-B144-F01-103
PROP-B144-F01-U104,B144,LP144,1,104,39,Residential,IND-AP-VSP-DVD-LP144-B144-F01-104
PROP-B144-F02-U201,B144,LP144,2,201,39,Residential,IND-AP-VSP-DVD-LP144-B144-F02-201
PROP-B144-F02-U202,B144,LP144,2,202,39,Residential,IND-AP-VSP-DVD-LP144-B144-F02-202
PROP-B144-F02-U203,B144,LP144,2,203,39,Residential,IND-AP-VSP-DVD-LP144-B144-F02-203
PROP-B144-F02-U204,B144,LP144,2,204,39,Residential,IND-AP-VSP-DVD-LP144-B144-F02-204
PROP-B144-F03-U301,B144,LP144,3,301,39,Residential,IND-AP-VSP-DVD-LP144-B144-F03-301
PROP-B144-F03-U302,B144,LP144,3,302,39,Residential,IND-AP-VSP-DVD-LP144-B144-F03-302
PROP-B144-F03-U303,B144,LP144,3,303,39,Residential,IND-AP-VSP-DVD-LP144-B144-F03-303
PROP-B144-F03-U304,B144,LP144,3,304,39,Residential,IND-AP-VSP-DVD-LP144-B144-F03-304
PROP-B144-F04-U401,B144,LP144,4,401,39,Residential,IND-AP-VSP-DVD-LP144-B144-F04-401
PROP-B144-F04-U402,B144,LP144,4,402,39,Residential,IND-AP-VSP-DVD-LP144-B144-F04-402
PROP-B144-F04-U403,B144,LP144,4,403,39,Residential,IND-AP-VSP-DVD-LP144-B144-F04-403
PROP-B144-F04-U404,B144,LP144,4,404,39,Residential,IND-AP-VSP-DVD-LP144-B144-F04-404
PROP-B144-F05-U501,B144,LP144,5,501,39,Residential,IND-AP-VSP-DVD-LP144-B144-F05-501
PROP-B144-F05-U502,B144,LP144,5,502,39,Residential,IND-AP-VSP-DVD-LP144-B144-F05-502
PROP-B144-F05-U503,B144,LP144,5,503,39,Residential,IND-AP-VSP-DVD-LP144-B144-F05-503
PROP-B144-F05-U504,B144,LP144,5,504,39,Residential,IND-AP-VSP-DVD-LP144-B144-F05-504
PROP-B145-F01-U101,B145,LP145,1,101,118,Residential,IND-AP-VSP-DVD-LP145-B145-F01-101
PROP-B145-F02-U201,B145,LP145,2,201,118,Residential,IND-AP-VSP-DVD-LP145-B145-F02-201
PROP-B146-F01-U101,B146,LP146,1,101,118,Residential,IND-AP-VSP-DVD-LP146-B146-F01-101
PROP-B146-F02-U201,B146,LP146,2,201,118,Residential,IND-AP-VSP-DVD-LP146-B146-F02-201
PROP-B147-F01-U101,B147,LP147,1,101,124.6,Shop,IND-AP-VSP-DVD-LP147-B147-F01-101
PROP-B147-F01-U102,B147,LP147,1,102,124.6,Shop,IND-AP-VSP-DVD-LP147-B147-F01-102
PROP-B147-F01-U103,B147,LP147,1,103,124.6,Shop,IND-AP-VSP-DVD-LP147-B147-F01-103
PROP-B147-F02-U201,B147,LP147,2,201,124.6,Office,IND-AP-VSP-DVD-LP147-B147-F02-201
PROP-B147-F02-U202,B147,LP147,2,202,124.6,Office,IND-AP-VSP-DVD-LP147-B147-F02-202
PROP-B147-F02-U203,B147,LP147,2,203,124.6,Office,IND-AP-VSP-DVD-LP147-B147-F02-203
PROP-B147-F03-U301,B147,LP147,3,301,124.6,Office,IND-AP-VSP-DVD-LP147-B147-F03-301
PROP-B147-F03-U302,B147,LP147,3,302,124.6,Office,IND-AP-VSP-DVD-LP147-B147-F03-302
PROP-B147-F03-U303,B147,LP147,3,303,124.6,Office,IND-AP-VSP-DVD-LP147-B147-F03-303
PROP-B147-F04-U401,B147,LP147,4,401,124.6,Office,IND-AP-VSP-DVD-LP147-B147-F04-401
PROP-B147-F04-U402,B147,LP147,4,402,124.6,Office,IND-AP-VSP-DVD-LP147-B147-F04-402
PROP-B147-F04-U403,B147,LP147,4,403,124.6,Office,IND-AP-VSP-DVD-LP147-B147-F04-403
PROP-B148-F01-U101,B148,LP148,1,101,105.1,Residential,IND-AP-VSP-DVD-LP148-B148-F01-101
PROP-B148-F02-U201,B148,LP148,2,201,105.1,Residential,IND-AP-VSP-DVD-LP148-B148-F02-201
PROP-B149-F01-U101,B149,LP149,1,101,117,Shop,IND-AP-VSP-DVD-LP149-B149-F01-101
PROP-B149-F01-U102,B149,LP149,1,102,117,Shop,IND-AP-VSP-DVD-LP149-B149-F01-102
PROP-B149-F01-U103,B149,LP149,1,103,117,Shop,IND-AP-VSP-DVD-LP149-B149-F01-103
PROP-B149-F02-U201,B149,LP149,2,201,117,Office,IND-AP-VSP-DVD-LP149-B149-F02-201
PROP-B149-F02-U202,B149,LP149,2,202,117,Office,IND-AP-VSP-DVD-LP149-B149-F02-202
PROP-B149-F02-U203,B149,LP149,2,203,117,Office,IND-AP-VSP-DVD-LP149-B149-F02-203
PROP-B149-F03-U301,B149,LP149,3,301,117,Office,IND-AP-VSP-DVD-LP149-B149-F03-301
PROP-B149-F03-U302,B149,LP149,3,302,117,Office,IND-AP-VSP-DVD-LP149-B149-F03-302
PROP-B149-F03-U303,B149,LP149,3,303,117,Office,IND-AP-VSP-DVD-LP149-B149-F03-303
PROP-B149-F04-U401,B149,LP149,4,401,117,Office,IND-AP-VSP-DVD-LP149-B149-F04-401
PROP-B149-F04-U402,B149,LP149,4,402,117,Office,IND-AP-VSP-DVD-LP149-B149-F04-402
PROP-B149-F04-U403,B149,LP149,4,403,117,Office,IND-AP-VSP-DVD-LP149-B149-F04-403
PROP-B150-F01-U101,B150,LP150,1,101,70.3,Residential,IND-AP-VSP-DVD-LP150-B150-F01-101
PROP-B150-F01-U102,B150,LP150,1,102,70.3,Residential,IND-AP-VSP-DVD-LP150-B150-F01-102
PROP-B150-F01-U103,B150,LP150,1,103,70.3,Residential,IND-AP-VSP-DVD-LP150-B150-F01-103
PROP-B150-F01-U104,B150,LP150,1,104,70.3,Residential,IND-AP-VSP-DVD-LP150-B150-F01-104
PROP-B150-F02-U201,B150,LP150,2,201,70.3,Residential,IND-AP-VSP-DVD-LP150-B150-F02-201
PROP-B150-F02-U202,B150,LP150,2,202,70.3,Residential,IND-AP-VSP-DVD-LP150-B150-F02-202
PROP-B150-F02-U203,B150,LP150,2,203,70.3,Residential,IND-AP-VSP-DVD-LP150-B150-F02-203
PROP-B150-F02-U204,B150,LP150,2,204,70.3,Residential,IND-AP-VSP-DVD-LP150-B150-F02-204
PROP-B150-F03-U301,B150,LP150,3,301,70.3,Residential,IND-AP-VSP-DVD-LP150-B150-F03-301
PROP-B150-F03-U302,B150,LP150,3,302,70.3,Residential,IND-AP-VSP-DVD-LP150-B150-F03-302
PROP-B150-F03-U303,B150,LP150,3,303,70.3,Residential,IND-AP-VSP-DVD-LP150-B150-F03-303
PROP-B150-F03-U304,B150,LP150,3,304,70.3,Residential,IND-AP-VSP-DVD-LP150-B150-F03-304
PROP-B150-F04-U401,B150,LP150,4,401,70.3,Residential,IND-AP-VSP-DVD-LP150-B150-F04-401
PROP-B150-F04-U402,B150,LP150,4,402,70.3,Residential,IND-AP-VSP-DVD-LP150-B150-F04-402
PROP-B150-F04-U403,B150,LP150,4,403,70.3,Residential,IND-AP-VSP-DVD-LP150-B150-F04-403
PROP-B150-F04-U404,B150,LP150,4,404,70.3,Residential,IND-AP-VSP-DVD-LP150-B150-F04-404
PROP-B150-F05-U501,B150,LP150,5,501,70.3,Residential,IND-AP-VSP-DVD-LP150-B150-F05-501
PROP-B150-F05-U502,B150,LP150,5,502,70.3,Residential,IND-AP-VSP-DVD-LP150-B150-F05-502
PROP-B150-F05-U503,B150,LP150,5,503,70.3,Residential,IND-AP-VSP-DVD-LP150-B150-F05-503
PROP-B150-F05-U504,B150,LP150,5,504,70.3,Residential,IND-AP-VSP-DVD-LP150-B150-F05-504
PROP-B151-F01-U101,B151,LP151,1,101,101.5,Residential,IND-AP-VSP-DVD-LP151-B151-F01-101
PROP-B151-F02-U201,B151,LP151,2,201,101.5,Residential,IND-AP-VSP-DVD-LP151-B151-F02-201
PROP-B152-F01-U101,B152,LP152,1,101,49,Residential,IND-AP-VSP-DVD-LP152-B152-F01-101
PROP-B152-F01-U102,B152,LP152,1,102,49,Residential,IND-AP-VSP-DVD-LP152-B152-F01-102
PROP-B152-F01-U103,B152,LP152,1,103,49,Residential,IND-AP-VSP-DVD-LP152-B152-F01-103
PROP-B152-F01-U104,B152,LP152,1,104,49,Residential,IND-AP-VSP-DVD-LP152-B152-F01-104
PROP-B152-F02-U201,B152,LP152,2,201,49,Residential,IND-AP-VSP-DVD-LP152-B152-F02-201
PROP-B152-F02-U202,B152,LP152,2,202,49,Residential,IND-AP-VSP-DVD-LP152-B152-F02-202
PROP-B152-F02-U203,B152,LP152,2,203,49,Residential,IND-AP-VSP-DVD-LP152-B152-F02-203
PROP-B152-F02-U204,B152,LP152,2,204,49,Residential,IND-AP-VSP-DVD-LP152-B152-F02-204
PROP-B152-F03-U301,B152,LP152,3,301,49,Residential,IND-AP-VSP-DVD-LP152-B152-F03-301
PROP-B152-F03-U302,B152,LP152,3,302,49,Residential,IND-AP-VSP-DVD-LP152-B152-F03-302
PROP-B152-F03-U303,B152,LP152,3,303,49,Residential,IND-AP-VSP-DVD-LP152-B152-F03-303
PROP-B152-F03-U304,B152,LP152,3,304,49,Residential,IND-AP-VSP-DVD-LP152-B152-F03-304
PROP-B152-F04-U401,B152,LP152,4,401,49,Residential,IND-AP-VSP-DVD-LP152-B152-F04-401
PROP-B152-F04-U402,B152,LP152,4,402,49,Residential,IND-AP-VSP-DVD-LP152-B152-F04-402
PROP-B152-F04-U403,B152,LP152,4,403,49,Residential,IND-AP-VSP-DVD-LP152-B152-F04-403
PROP-B152-F04-U404,B152,LP152,4,404,49,Residential,IND-AP-VSP-DVD-LP152-B152-F04-404
PROP-B152-F05-U501,B152,LP152,5,501,49,Residential,IND-AP-VSP-DVD-LP152-B152-F05-501
PROP-B152-F05-U502,B152,LP152,5,502,49,Residential,IND-AP-VSP-DVD-LP152-B152-F05-502
PROP-B152-F05-U503,B152,LP152,5,503,49,Residential,IND-AP-VSP-DVD-LP152-B152-F05-503
PROP-B152-F05-U504,B152,LP152,5,504,49,Residential,IND-AP-VSP-DVD-LP152-B152-F05-504
PROP-B153-F01-U101,B153,LP153,1,101,39,Residential,IND-AP-VSP-DVD-LP153-B153-F01-101
PROP-B153-F01-U102,B153,LP153,1,102,39,Residential,IND-AP-VSP-DVD-LP153-B153-F01-102
PROP-B153-F01-U103,B153,LP153,1,103,39,Residential,IND-AP-VSP-DVD-LP153-B153-F01-103
PROP-B153-F01-U104,B153,LP153,1,104,39,Residential,IND-AP-VSP-DVD-LP153-B153-F01-104
PROP-B153-F02-U201,B153,LP153,2,201,39,Residential,IND-AP-VSP-DVD-LP153-B153-F02-201
PROP-B153-F02-U202,B153,LP153,2,202,39,Residential,IND-AP-VSP-DVD-LP153-B153-F02-202
PROP-B153-F02-U203,B153,LP153,2,203,39,Residential,IND-AP-VSP-DVD-LP153-B153-F02-203
PROP-B153-F02-U204,B153,LP153,2,204,39,Residential,IND-AP-VSP-DVD-LP153-B153-F02-204
PROP-B153-F03-U301,B153,LP153,3,301,39,Residential,IND-AP-VSP-DVD-LP153-B153-F03-301
PROP-B153-F03-U302,B153,LP153,3,302,39,Residential,IND-AP-VSP-DVD-LP153-B153-F03-302
PROP-B153-F03-U303,B153,LP153,3,303,39,Residential,IND-AP-VSP-DVD-LP153-B153-F03-303
PROP-B153-F03-U304,B153,LP153,3,304,39,Residential,IND-AP-VSP-DVD-LP153-B153-F03-304
PROP-B153-F04-U401,B153,LP153,4,401,39,Residential,IND-AP-VSP-DVD-LP153-B153-F04-401
PROP-B153-F04-U402,B153,LP153,4,402,39,Residential,IND-AP-VSP-DVD-LP153-B153-F04-402
PROP-B153-F04-U403,B153,LP153,4,403,39,Residential,IND-AP-VSP-DVD-LP153-B153-F04-403
PROP-B153-F04-U404,B153,LP153,4,404,39,Residential,IND-AP-VSP-DVD-LP153-B153-F04-404
PROP-B153-F05-U501,B153,LP153,5,501,39,Residential,IND-AP-VSP-DVD-LP153-B153-F05-501
PROP-B153-F05-U502,B153,LP153,5,502,39,Residential,IND-AP-VSP-DVD-LP153-B153-F05-502
PROP-B153-F05-U503,B153,LP153,5,503,39,Residential,IND-AP-VSP-DVD-LP153-B153-F05-503
PROP-B153-F05-U504,B153,LP153,5,504,39,Residential,IND-AP-VSP-DVD-LP153-B153-F05-504
PROP-B154-F01-U101,B154,LP154,1,101,48.4,Residential,IND-AP-VSP-DVD-LP154-B154-F01-101
PROP-B154-F01-U102,B154,LP154,1,102,48.4,Residential,IND-AP-VSP-DVD-LP154-B154-F01-102
PROP-B154-F01-U103,B154,LP154,1,103,48.4,Residential,IND-AP-VSP-DVD-LP154-B154-F01-103
PROP-B154-F01-U104,B154,LP154,1,104,48.4,Residential,IND-AP-VSP-DVD-LP154-B154-F01-104
PROP-B154-F02-U201,B154,LP154,2,201,48.4,Residential,IND-AP-VSP-DVD-LP154-B154-F02-201
PROP-B154-F02-U202,B154,LP154,2,202,48.4,Residential,IND-AP-VSP-DVD-LP154-B154-F02-202
PROP-B154-F02-U203,B154,LP154,2,203,48.4,Residential,IND-AP-VSP-DVD-LP154-B154-F02-203
PROP-B154-F02-U204,B154,LP154,2,204,48.4,Residential,IND-AP-VSP-DVD-LP154-B154-F02-204
PROP-B154-F03-U301,B154,LP154,3,301,48.4,Residential,IND-AP-VSP-DVD-LP154-B154-F03-301
PROP-B154-F03-U302,B154,LP154,3,302,48.4,Residential,IND-AP-VSP-DVD-LP154-B154-F03-302
PROP-B154-F03-U303,B154,LP154,3,303,48.4,Residential,IND-AP-VSP-DVD-LP154-B154-F03-303
PROP-B154-F03-U304,B154,LP154,3,304,48.4,Residential,IND-AP-VSP-DVD-LP154-B154-F03-304
PROP-B154-F04-U401,B154,LP154,4,401,48.4,Residential,IND-AP-VSP-DVD-LP154-B154-F04-401
PROP-B154-F04-U402,B154,LP154,4,402,48.4,Residential,IND-AP-VSP-DVD-LP154-B154-F04-402
PROP-B154-F04-U403,B154,LP154,4,403,48.4,Residential,IND-AP-VSP-DVD-LP154-B154-F04-403
PROP-B154-F04-U404,B154,LP154,4,404,48.4,Residential,IND-AP-VSP-DVD-LP154-B154-F04-404
PROP-B154-F05-U501,B154,LP154,5,501,48.4,Residential,IND-AP-VSP-DVD-LP154-B154-F05-501
PROP-B154-F05-U502,B154,LP154,5,502,48.4,Residential,IND-AP-VSP-DVD-LP154-B154-F05-502
PROP-B154-F05-U503,B154,LP154,5,503,48.4,Residential,IND-AP-VSP-DVD-LP154-B154-F05-503
PROP-B154-F05-U504,B154,LP154,5,504,48.4,Residential,IND-AP-VSP-DVD-LP154-B154-F05-504
PROP-B155-F01-U101,B155,LP155,1,101,45.9,Residential,IND-AP-VSP-DVD-LP155-B155-F01-101
PROP-B155-F01-U102,B155,LP155,1,102,45.9,Residential,IND-AP-VSP-DVD-LP155-B155-F01-102
PROP-B155-F01-U103,B155,LP155,1,103,45.9,Residential,IND-AP-VSP-DVD-LP155-B155-F01-103
PROP-B155-F01-U104,B155,LP155,1,104,45.9,Residential,IND-AP-VSP-DVD-LP155-B155-F01-104
PROP-B155-F02-U201,B155,LP155,2,201,45.9,Residential,IND-AP-VSP-DVD-LP155-B155-F02-201
PROP-B155-F02-U202,B155,LP155,2,202,45.9,Residential,IND-AP-VSP-DVD-LP155-B155-F02-202
PROP-B155-F02-U203,B155,LP155,2,203,45.9,Residential,IND-AP-VSP-DVD-LP155-B155-F02-203
PROP-B155-F02-U204,B155,LP155,2,204,45.9,Residential,IND-AP-VSP-DVD-LP155-B155-F02-204
PROP-B155-F03-U301,B155,LP155,3,301,45.9,Residential,IND-AP-VSP-DVD-LP155-B155-F03-301
PROP-B155-F03-U302,B155,LP155,3,302,45.9,Residential,IND-AP-VSP-DVD-LP155-B155-F03-302
PROP-B155-F03-U303,B155,LP155,3,303,45.9,Residential,IND-AP-VSP-DVD-LP155-B155-F03-303
PROP-B155-F03-U304,B155,LP155,3,304,45.9,Residential,IND-AP-VSP-DVD-LP155-B155-F03-304
PROP-B155-F04-U401,B155,LP155,4,401,45.9,Residential,IND-AP-VSP-DVD-LP155-B155-F04-401
PROP-B155-F04-U402,B155,LP155,4,402,45.9,Residential,IND-AP-VSP-DVD-LP155-B155-F04-402
PROP-B155-F04-U403,B155,LP155,4,403,45.9,Residential,IND-AP-VSP-DVD-LP155-B155-F04-403
PROP-B155-F04-U404,B155,LP155,4,404,45.9,Residential,IND-AP-VSP-DVD-LP155-B155-F04-404
PROP-B155-F05-U501,B155,LP155,5,501,45.9,Residential,IND-AP-VSP-DVD-LP155-B155-F05-501
PROP-B155-F05-U502,B155,LP155,5,502,45.9,Residential,IND-AP-VSP-DVD-LP155-B155-F05-502
PROP-B155-F05-U503,B155,LP155,5,503,45.9,Residential,IND-AP-VSP-DVD-LP155-B155-F05-503
PROP-B155-F05-U504,B155,LP155,5,504,45.9,Residential,IND-AP-VSP-DVD-LP155-B155-F05-504
PROP-B156-F01-U101,B156,LP156,1,101,107.4,Residential,IND-AP-VSP-DVD-LP156-B156-F01-101
PROP-B156-F02-U201,B156,LP156,2,201,107.4,Residential,IND-AP-VSP-DVD-LP156-B156-F02-201
PROP-B157-F01-U101,B157,LP157,1,101,107.4,Residential,IND-AP-VSP-DVD-LP157-B157-F01-101
PROP-B157-F02-U201,B157,LP157,2,201,107.4,Residential,IND-AP-VSP-DVD-LP157-B157-F02-201
PROP-B158-F01-U101,B158,LP158,1,101,152.4,Residential,IND-AP-VSP-DVD-LP158-B158-F01-101
PROP-B158-F02-U201,B158,LP158,2,201,152.4,Residential,IND-AP-VSP-DVD-LP158-B158-F02-201
PROP-B159-F01-U101,B159,LP159,1,101,118.6,Residential,IND-AP-VSP-DVD-LP159-B159-F01-101
PROP-B159-F02-U201,B159,LP159,2,201,118.6,Residential,IND-AP-VSP-DVD-LP159-B159-F02-201
PROP-B160-F01-U101,B160,LP160,1,101,146.7,Residential,IND-AP-VSP-DVD-LP160-B160-F01-101
PROP-B160-F02-U201,B160,LP160,2,201,146.7,Residential,IND-AP-VSP-DVD-LP160-B160-F02-201
PROP-B161-F01-U101,B161,LP161,1,101,145.1,Residential,IND-AP-VSP-DVD-LP161-B161-F01-101
PROP-B161-F02-U201,B161,LP161,2,201,145.1,Residential,IND-AP-VSP-DVD-LP161-B161-F02-201
PROP-B162-F01-U101,B162,LP162,1,101,100.5,Residential,IND-AP-VSP-DVD-LP162-B162-F01-101
PROP-B162-F02-U201,B162,LP162,2,201,100.5,Residential,IND-AP-VSP-DVD-LP162-B162-F02-201
PROP-B163-F01-U101,B163,LP163,1,101,80.5,Residential,IND-AP-VSP-DVD-LP163-B163-F01-101
PROP-B163-F01-U102,B163,LP163,1,102,80.5,Residential,IND-AP-VSP-DVD-LP163-B163-F01-102
PROP-B163-F01-U103,B163,LP163,1,103,80.5,Residential,IND-AP-VSP-DVD-LP163-B163-F01-103
PROP-B163-F01-U104,B163,LP163,1,104,80.5,Residential,IND-AP-VSP-DVD-LP163-B163-F01-104
PROP-B163-F02-U201,B163,LP163,2,201,80.5,Residential,IND-AP-VSP-DVD-LP163-B163-F02-201
PROP-B163-F02-U202,B163,LP163,2,202,80.5,Residential,IND-AP-VSP-DVD-LP163-B163-F02-202
PROP-B163-F02-U203,B163,LP163,2,203,80.5,Residential,IND-AP-VSP-DVD-LP163-B163-F02-203
PROP-B163-F02-U204,B163,LP163,2,204,80.5,Residential,IND-AP-VSP-DVD-LP163-B163-F02-204
PROP-B163-F03-U301,B163,LP163,3,301,80.5,Residential,IND-AP-VSP-DVD-LP163-B163-F03-301
PROP-B163-F03-U302,B163,LP163,3,302,80.5,Residential,IND-AP-VSP-DVD-LP163-B163-F03-302
PROP-B163-F03-U303,B163,LP163,3,303,80.5,Residential,IND-AP-VSP-DVD-LP163-B163-F03-303
PROP-B163-F03-U304,B163,LP163,3,304,80.5,Residential,IND-AP-VSP-DVD-LP163-B163-F03-304
PROP-B163-F04-U401,B163,LP163,4,401,80.5,Residential,IND-AP-VSP-DVD-LP163-B163-F04-401
PROP-B163-F04-U402,B163,LP163,4,402,80.5,Residential,IND-AP-VSP-DVD-LP163-B163-F04-402
PROP-B163-F04-U403,B163,LP163,4,403,80.5,Residential,IND-AP-VSP-DVD-LP163-B163-F04-403
PROP-B163-F04-U404,B163,LP163,4,404,80.5,Residential,IND-AP-VSP-DVD-LP163-B163-F04-404
PROP-B163-F05-U501,B163,LP163,5,501,80.5,Residential,IND-AP-VSP-DVD-LP163-B163-F05-501
PROP-B163-F05-U502,B163,LP163,5,502,80.5,Residential,IND-AP-VSP-DVD-LP163-B163-F05-502
PROP-B163-F05-U503,B163,LP163,5,503,80.5,Residential,IND-AP-VSP-DVD-LP163-B163-F05-503
PROP-B163-F05-U504,B163,LP163,5,504,80.5,Residential,IND-AP-VSP-DVD-LP163-B163-F05-504
PROP-B164-F01-U101,B164,LP164,1,101,124.4,Shop,IND-AP-VSP-DVD-LP164-B164-F01-101
PROP-B164-F01-U102,B164,LP164,1,102,124.4,Shop,IND-AP-VSP-DVD-LP164-B164-F01-102
PROP-B164-F01-U103,B164,LP164,1,103,124.4,Shop,IND-AP-VSP-DVD-LP164-B164-F01-103
PROP-B164-F02-U201,B164,LP164,2,201,124.4,Office,IND-AP-VSP-DVD-LP164-B164-F02-201
PROP-B164-F02-U202,B164,LP164,2,202,124.4,Office,IND-AP-VSP-DVD-LP164-B164-F02-202
PROP-B164-F02-U203,B164,LP164,2,203,124.4,Office,IND-AP-VSP-DVD-LP164-B164-F02-203
PROP-B164-F03-U301,B164,LP164,3,301,124.4,Office,IND-AP-VSP-DVD-LP164-B164-F03-301
PROP-B164-F03-U302,B164,LP164,3,302,124.4,Office,IND-AP-VSP-DVD-LP164-B164-F03-302
PROP-B164-F03-U303,B164,LP164,3,303,124.4,Office,IND-AP-VSP-DVD-LP164-B164-F03-303
PROP-B164-F04-U401,B164,LP164,4,401,124.4,Office,IND-AP-VSP-DVD-LP164-B164-F04-401
PROP-B164-F04-U402,B164,LP164,4,402,124.4,Office,IND-AP-VSP-DVD-LP164-B164-F04-402
PROP-B164-F04-U403,B164,LP164,4,403,124.4,Office,IND-AP-VSP-DVD-LP164-B164-F04-403
PROP-B165-F01-U101,B165,LP165,1,101,97.9,Residential,IND-AP-VSP-DVD-LP165-B165-F01-101
PROP-B165-F02-U201,B165,LP165,2,201,97.9,Residential,IND-AP-VSP-DVD-LP165-B165-F02-201
PROP-B166-F01-U101,B166,LP166,1,101,59.3,Residential,IND-AP-VSP-DVD-LP166-B166-F01-101
PROP-B166-F01-U102,B166,LP166,1,102,59.3,Residential,IND-AP-VSP-DVD-LP166-B166-F01-102
PROP-B166-F01-U103,B166,LP166,1,103,59.3,Residential,IND-AP-VSP-DVD-LP166-B166-F01-103
PROP-B166-F01-U104,B166,LP166,1,104,59.3,Residential,IND-AP-VSP-DVD-LP166-B166-F01-104
PROP-B166-F02-U201,B166,LP166,2,201,59.3,Residential,IND-AP-VSP-DVD-LP166-B166-F02-201
PROP-B166-F02-U202,B166,LP166,2,202,59.3,Residential,IND-AP-VSP-DVD-LP166-B166-F02-202
PROP-B166-F02-U203,B166,LP166,2,203,59.3,Residential,IND-AP-VSP-DVD-LP166-B166-F02-203
PROP-B166-F02-U204,B166,LP166,2,204,59.3,Residential,IND-AP-VSP-DVD-LP166-B166-F02-204
PROP-B166-F03-U301,B166,LP166,3,301,59.3,Residential,IND-AP-VSP-DVD-LP166-B166-F03-301
PROP-B166-F03-U302,B166,LP166,3,302,59.3,Residential,IND-AP-VSP-DVD-LP166-B166-F03-302
PROP-B166-F03-U303,B166,LP166,3,303,59.3,Residential,IND-AP-VSP-DVD-LP166-B166-F03-303
PROP-B166-F03-U304,B166,LP166,3,304,59.3,Residential,IND-AP-VSP-DVD-LP166-B166-F03-304
PROP-B166-F04-U401,B166,LP166,4,401,59.3,Residential,IND-AP-VSP-DVD-LP166-B166-F04-401
PROP-B166-F04-U402,B166,LP166,4,402,59.3,Residential,IND-AP-VSP-DVD-LP166-B166-F04-402
PROP-B166-F04-U403,B166,LP166,4,403,59.3,Residential,IND-AP-VSP-DVD-LP166-B166-F04-403
PROP-B166-F04-U404,B166,LP166,4,404,59.3,Residential,IND-AP-VSP-DVD-LP166-B166-F04-404
PROP-B166-F05-U501,B166,LP166,5,501,59.3,Residential,IND-AP-VSP-DVD-LP166-B166-F05-501
PROP-B166-F05-U502,B166,LP166,5,502,59.3,Residential,IND-AP-VSP-DVD-LP166-B166-F05-502
PROP-B166-F05-U503,B166,LP166,5,503,59.3,Residential,IND-AP-VSP-DVD-LP166-B166-F05-503
PROP-B166-F05-U504,B166,LP166,5,504,59.3,Residential,IND-AP-VSP-DVD-LP166-B166-F05-504
PROP-B167-F01-U101,B167,LP167,1,101,42.2,Residential,IND-AP-VSP-DVD-LP167-B167-F01-101
PROP-B167-F01-U102,B167,LP167,1,102,42.2,Residential,IND-AP-VSP-DVD-LP167-B167-F01-102
PROP-B167-F01-U103,B167,LP167,1,103,42.2,Residential,IND-AP-VSP-DVD-LP167-B167-F01-103
PROP-B167-F01-U104,B167,LP167,1,104,42.2,Residential,IND-AP-VSP-DVD-LP167-B167-F01-104
PROP-B167-F02-U201,B167,LP167,2,201,42.2,Residential,IND-AP-VSP-DVD-LP167-B167-F02-201
PROP-B167-F02-U202,B167,LP167,2,202,42.2,Residential,IND-AP-VSP-DVD-LP167-B167-F02-202
PROP-B167-F02-U203,B167,LP167,2,203,42.2,Residential,IND-AP-VSP-DVD-LP167-B167-F02-203
PROP-B167-F02-U204,B167,LP167,2,204,42.2,Residential,IND-AP-VSP-DVD-LP167-B167-F02-204
PROP-B167-F03-U301,B167,LP167,3,301,42.2,Residential,IND-AP-VSP-DVD-LP167-B167-F03-301
PROP-B167-F03-U302,B167,LP167,3,302,42.2,Residential,IND-AP-VSP-DVD-LP167-B167-F03-302
PROP-B167-F03-U303,B167,LP167,3,303,42.2,Residential,IND-AP-VSP-DVD-LP167-B167-F03-303
PROP-B167-F03-U304,B167,LP167,3,304,42.2,Residential,IND-AP-VSP-DVD-LP167-B167-F03-304
PROP-B167-F04-U401,B167,LP167,4,401,42.2,Residential,IND-AP-VSP-DVD-LP167-B167-F04-401
PROP-B167-F04-U402,B167,LP167,4,402,42.2,Residential,IND-AP-VSP-DVD-LP167-B167-F04-402
PROP-B167-F04-U403,B167,LP167,4,403,42.2,Residential,IND-AP-VSP-DVD-LP167-B167-F04-403
PROP-B167-F04-U404,B167,LP167,4,404,42.2,Residential,IND-AP-VSP-DVD-LP167-B167-F04-404
PROP-B167-F05-U501,B167,LP167,5,501,42.2,Residential,IND-AP-VSP-DVD-LP167-B167-F05-501
PROP-B167-F05-U502,B167,LP167,5,502,42.2,Residential,IND-AP-VSP-DVD-LP167-B167-F05-502
PROP-B167-F05-U503,B167,LP167,5,503,42.2,Residential,IND-AP-VSP-DVD-LP167-B167-F05-503
PROP-B167-F05-U504,B167,LP167,5,504,42.2,Residential,IND-AP-VSP-DVD-LP167-B167-F05-504
PROP-B168-F01-U101,B168,LP168,1,101,40.8,Residential,IND-AP-VSP-DVD-LP168-B168-F01-101
PROP-B168-F01-U102,B168,LP168,1,102,40.8,Residential,IND-AP-VSP-DVD-LP168-B168-F01-102
PROP-B168-F01-U103,B168,LP168,1,103,40.8,Residential,IND-AP-VSP-DVD-LP168-B168-F01-103
PROP-B168-F01-U104,B168,LP168,1,104,40.8,Residential,IND-AP-VSP-DVD-LP168-B168-F01-104
PROP-B168-F02-U201,B168,LP168,2,201,40.8,Residential,IND-AP-VSP-DVD-LP168-B168-F02-201
PROP-B168-F02-U202,B168,LP168,2,202,40.8,Residential,IND-AP-VSP-DVD-LP168-B168-F02-202
PROP-B168-F02-U203,B168,LP168,2,203,40.8,Residential,IND-AP-VSP-DVD-LP168-B168-F02-203
PROP-B168-F02-U204,B168,LP168,2,204,40.8,Residential,IND-AP-VSP-DVD-LP168-B168-F02-204
PROP-B168-F03-U301,B168,LP168,3,301,40.8,Residential,IND-AP-VSP-DVD-LP168-B168-F03-301
PROP-B168-F03-U302,B168,LP168,3,302,40.8,Residential,IND-AP-VSP-DVD-LP168-B168-F03-302
PROP-B168-F03-U303,B168,LP168,3,303,40.8,Residential,IND-AP-VSP-DVD-LP168-B168-F03-303
PROP-B168-F03-U304,B168,LP168,3,304,40.8,Residential,IND-AP-VSP-DVD-LP168-B168-F03-304
PROP-B168-F04-U401,B168,LP168,4,401,40.8,Residential,IND-AP-VSP-DVD-LP168-B168-F04-401
PROP-B168-F04-U402,B168,LP168,4,402,40.8,Residential,IND-AP-VSP-DVD-LP168-B168-F04-402
PROP-B168-F04-U403,B168,LP168,4,403,40.8,Residential,IND-AP-VSP-DVD-LP168-B168-F04-403
PROP-B168-F04-U404,B168,LP168,4,404,40.8,Residential,IND-AP-VSP-DVD-LP168-B168-F04-404
PROP-B168-F05-U501,B168,LP168,5,501,40.8,Residential,IND-AP-VSP-DVD-LP168-B168-F05-501
PROP-B168-F05-U502,B168,LP168,5,502,40.8,Residential,IND-AP-VSP-DVD-LP168-B168-F05-502
PROP-B168-F05-U503,B168,LP168,5,503,40.8,Residential,IND-AP-VSP-DVD-LP168-B168-F05-503
PROP-B168-F05-U504,B168,LP168,5,504,40.8,Residential,IND-AP-VSP-DVD-LP168-B168-F05-504
PROP-B169-F01-U101,B169,LP169,1,101,135.1,Residential,IND-AP-VSP-DVD-LP169-B169-F01-101
PROP-B169-F02-U201,B169,LP169,2,201,135.1,Residential,IND-AP-VSP-DVD-LP169-B169-F02-201
PROP-B170-F01-U101,B170,LP170,1,101,152.2,Residential,IND-AP-VSP-DVD-LP170-B170-F01-101
PROP-B170-F02-U201,B170,LP170,2,201,152.2,Residential,IND-AP-VSP-DVD-LP170-B170-F02-201
PROP-B171-F01-U101,B171,LP171,1,101,150.6,Residential,IND-AP-VSP-DVD-LP171-B171-F01-101
PROP-B171-F02-U201,B171,LP171,2,201,150.6,Residential,IND-AP-VSP-DVD-LP171-B171-F02-201
PROP-B172-F01-U101,B172,LP172,1,101,152.5,Residential,IND-AP-VSP-DVD-LP172-B172-F01-101
PROP-B172-F02-U201,B172,LP172,2,201,152.5,Residential,IND-AP-VSP-DVD-LP172-B172-F02-201
PROP-B173-F01-U101,B173,LP173,1,101,46.6,Residential,IND-AP-VSP-DVD-LP173-B173-F01-101
PROP-B173-F01-U102,B173,LP173,1,102,46.6,Residential,IND-AP-VSP-DVD-LP173-B173-F01-102
PROP-B173-F01-U103,B173,LP173,1,103,46.6,Residential,IND-AP-VSP-DVD-LP173-B173-F01-103
PROP-B173-F01-U104,B173,LP173,1,104,46.6,Residential,IND-AP-VSP-DVD-LP173-B173-F01-104
PROP-B173-F02-U201,B173,LP173,2,201,46.6,Residential,IND-AP-VSP-DVD-LP173-B173-F02-201
PROP-B173-F02-U202,B173,LP173,2,202,46.6,Residential,IND-AP-VSP-DVD-LP173-B173-F02-202
PROP-B173-F02-U203,B173,LP173,2,203,46.6,Residential,IND-AP-VSP-DVD-LP173-B173-F02-203
PROP-B173-F02-U204,B173,LP173,2,204,46.6,Residential,IND-AP-VSP-DVD-LP173-B173-F02-204
PROP-B173-F03-U301,B173,LP173,3,301,46.6,Residential,IND-AP-VSP-DVD-LP173-B173-F03-301
PROP-B173-F03-U302,B173,LP173,3,302,46.6,Residential,IND-AP-VSP-DVD-LP173-B173-F03-302
PROP-B173-F03-U303,B173,LP173,3,303,46.6,Residential,IND-AP-VSP-DVD-LP173-B173-F03-303
PROP-B173-F03-U304,B173,LP173,3,304,46.6,Residential,IND-AP-VSP-DVD-LP173-B173-F03-304
PROP-B173-F04-U401,B173,LP173,4,401,46.6,Residential,IND-AP-VSP-DVD-LP173-B173-F04-401
PROP-B173-F04-U402,B173,LP173,4,402,46.6,Residential,IND-AP-VSP-DVD-LP173-B173-F04-402
PROP-B173-F04-U403,B173,LP173,4,403,46.6,Residential,IND-AP-VSP-DVD-LP173-B173-F04-403
PROP-B173-F04-U404,B173,LP173,4,404,46.6,Residential,IND-AP-VSP-DVD-LP173-B173-F04-404
PROP-B173-F05-U501,B173,LP173,5,501,46.6,Residential,IND-AP-VSP-DVD-LP173-B173-F05-501
PROP-B173-F05-U502,B173,LP173,5,502,46.6,Residential,IND-AP-VSP-DVD-LP173-B173-F05-502
PROP-B173-F05-U503,B173,LP173,5,503,46.6,Residential,IND-AP-VSP-DVD-LP173-B173-F05-503
PROP-B173-F05-U504,B173,LP173,5,504,46.6,Residential,IND-AP-VSP-DVD-LP173-B173-F05-504
PROP-B174-F01-U101,B174,LP174,1,101,143.7,Residential,IND-AP-VSP-DVD-LP174-B174-F01-101
PROP-B174-F02-U201,B174,LP174,2,201,143.7,Residential,IND-AP-VSP-DVD-LP174-B174-F02-201
PROP-B175-F01-U101,B175,LP175,1,101,143.7,Residential,IND-AP-VSP-DVD-LP175-B175-F01-101
PROP-B175-F02-U201,B175,LP175,2,201,143.7,Residential,IND-AP-VSP-DVD-LP175-B175-F02-201
PROP-B176-F01-U101,B176,LP176,1,101,101,Residential,IND-AP-VSP-DVD-LP176-B176-F01-101
PROP-B176-F02-U201,B176,LP176,2,201,101,Residential,IND-AP-VSP-DVD-LP176-B176-F02-201
PROP-B177-F01-U101,B177,LP177,1,101,100.9,Residential,IND-AP-VSP-DVD-LP177-B177-F01-101
PROP-B177-F02-U201,B177,LP177,2,201,100.9,Residential,IND-AP-VSP-DVD-LP177-B177-F02-201
PROP-B178-F01-U101,B178,LP178,1,101,140.1,Residential,IND-AP-VSP-DVD-LP178-B178-F01-101
PROP-B178-F02-U201,B178,LP178,2,201,140.1,Residential,IND-AP-VSP-DVD-LP178-B178-F02-201
PROP-B179-F01-U101,B179,LP179,1,101,140.2,Residential,IND-AP-VSP-DVD-LP179-B179-F01-101
PROP-B179-F02-U201,B179,LP179,2,201,140.2,Residential,IND-AP-VSP-DVD-LP179-B179-F02-201
PROP-B180-F01-U101,B180,LP180,1,101,113.1,Residential,IND-AP-VSP-DVD-LP180-B180-F01-101
PROP-B180-F02-U201,B180,LP180,2,201,113.1,Residential,IND-AP-VSP-DVD-LP180-B180-F02-201
PROP-B181-F01-U101,B181,LP181,1,101,113.1,Residential,IND-AP-VSP-DVD-LP181-B181-F01-101
PROP-B181-F02-U201,B181,LP181,2,201,113.1,Residential,IND-AP-VSP-DVD-LP181-B181-F02-201
PROP-B182-F01-U101,B182,LP182,1,101,89.3,Residential,IND-AP-VSP-DVD-LP182-B182-F01-101
PROP-B182-F02-U201,B182,LP182,2,201,89.3,Residential,IND-AP-VSP-DVD-LP182-B182-F02-201
PROP-B183-F01-U101,B183,LP183,1,101,136.4,Residential,IND-AP-VSP-DVD-LP183-B183-F01-101
PROP-B183-F02-U201,B183,LP183,2,201,136.4,Residential,IND-AP-VSP-DVD-LP183-B183-F02-201
PROP-B184-F01-U101,B184,LP184,1,101,44.6,Residential,IND-AP-VSP-DVD-LP184-B184-F01-101
PROP-B184-F01-U102,B184,LP184,1,102,44.6,Residential,IND-AP-VSP-DVD-LP184-B184-F01-102
PROP-B184-F01-U103,B184,LP184,1,103,44.6,Residential,IND-AP-VSP-DVD-LP184-B184-F01-103
PROP-B184-F01-U104,B184,LP184,1,104,44.6,Residential,IND-AP-VSP-DVD-LP184-B184-F01-104
PROP-B184-F02-U201,B184,LP184,2,201,44.6,Residential,IND-AP-VSP-DVD-LP184-B184-F02-201
PROP-B184-F02-U202,B184,LP184,2,202,44.6,Residential,IND-AP-VSP-DVD-LP184-B184-F02-202
PROP-B184-F02-U203,B184,LP184,2,203,44.6,Residential,IND-AP-VSP-DVD-LP184-B184-F02-203
PROP-B184-F02-U204,B184,LP184,2,204,44.6,Residential,IND-AP-VSP-DVD-LP184-B184-F02-204
PROP-B184-F03-U301,B184,LP184,3,301,44.6,Residential,IND-AP-VSP-DVD-LP184-B184-F03-301
PROP-B184-F03-U302,B184,LP184,3,302,44.6,Residential,IND-AP-VSP-DVD-LP184-B184-F03-302
PROP-B184-F03-U303,B184,LP184,3,303,44.6,Residential,IND-AP-VSP-DVD-LP184-B184-F03-303
PROP-B184-F03-U304,B184,LP184,3,304,44.6,Residential,IND-AP-VSP-DVD-LP184-B184-F03-304
PROP-B184-F04-U401,B184,LP184,4,401,44.6,Residential,IND-AP-VSP-DVD-LP184-B184-F04-401
PROP-B184-F04-U402,B184,LP184,4,402,44.6,Residential,IND-AP-VSP-DVD-LP184-B184-F04-402
PROP-B184-F04-U403,B184,LP184,4,403,44.6,Residential,IND-AP-VSP-DVD-LP184-B184-F04-403
PROP-B184-F04-U404,B184,LP184,4,404,44.6,Residential,IND-AP-VSP-DVD-LP184-B184-F04-404
PROP-B184-F05-U501,B184,LP184,5,501,44.6,Residential,IND-AP-VSP-DVD-LP184-B184-F05-501
PROP-B184-F05-U502,B184,LP184,5,502,44.6,Residential,IND-AP-VSP-DVD-LP184-B184-F05-502
PROP-B184-F05-U503,B184,LP184,5,503,44.6,Residential,IND-AP-VSP-DVD-LP184-B184-F05-503
PROP-B184-F05-U504,B184,LP184,5,504,44.6,Residential,IND-AP-VSP-DVD-LP184-B184-F05-504
PROP-B185-F01-U101,B185,LP185,1,101,48,Residential,IND-AP-VSP-DVD-LP185-B185-F01-101
PROP-B185-F01-U102,B185,LP185,1,102,48,Residential,IND-AP-VSP-DVD-LP185-B185-F01-102
PROP-B185-F01-U103,B185,LP185,1,103,48,Residential,IND-AP-VSP-DVD-LP185-B185-F01-103
PROP-B185-F01-U104,B185,LP185,1,104,48,Residential,IND-AP-VSP-DVD-LP185-B185-F01-104
PROP-B185-F02-U201,B185,LP185,2,201,48,Residential,IND-AP-VSP-DVD-LP185-B185-F02-201
PROP-B185-F02-U202,B185,LP185,2,202,48,Residential,IND-AP-VSP-DVD-LP185-B185-F02-202
PROP-B185-F02-U203,B185,LP185,2,203,48,Residential,IND-AP-VSP-DVD-LP185-B185-F02-203
PROP-B185-F02-U204,B185,LP185,2,204,48,Residential,IND-AP-VSP-DVD-LP185-B185-F02-204
PROP-B185-F03-U301,B185,LP185,3,301,48,Residential,IND-AP-VSP-DVD-LP185-B185-F03-301
PROP-B185-F03-U302,B185,LP185,3,302,48,Residential,IND-AP-VSP-DVD-LP185-B185-F03-302
PROP-B185-F03-U303,B185,LP185,3,303,48,Residential,IND-AP-VSP-DVD-LP185-B185-F03-303
PROP-B185-F03-U304,B185,LP185,3,304,48,Residential,IND-AP-VSP-DVD-LP185-B185-F03-304
PROP-B185-F04-U401,B185,LP185,4,401,48,Residential,IND-AP-VSP-DVD-LP185-B185-F04-401
PROP-B185-F04-U402,B185,LP185,4,402,48,Residential,IND-AP-VSP-DVD-LP185-B185-F04-402
PROP-B185-F04-U403,B185,LP185,4,403,48,Residential,IND-AP-VSP-DVD-LP185-B185-F04-403
PROP-B185-F04-U404,B185,LP185,4,404,48,Residential,IND-AP-VSP-DVD-LP185-B185-F04-404
PROP-B185-F05-U501,B185,LP185,5,501,48,Residential,IND-AP-VSP-DVD-LP185-B185-F05-501
PROP-B185-F05-U502,B185,LP185,5,502,48,Residential,IND-AP-VSP-DVD-LP185-B185-F05-502
PROP-B185-F05-U503,B185,LP185,5,503,48,Residential,IND-AP-VSP-DVD-LP185-B185-F05-503
PROP-B185-F05-U504,B185,LP185,5,504,48,Residential,IND-AP-VSP-DVD-LP185-B185-F05-504
PROP-B186-F01-U101,B186,LP186,1,101,42.4,Residential,IND-AP-VSP-DVD-LP186-B186-F01-101
PROP-B186-F01-U102,B186,LP186,1,102,42.4,Residential,IND-AP-VSP-DVD-LP186-B186-F01-102
PROP-B186-F01-U103,B186,LP186,1,103,42.4,Residential,IND-AP-VSP-DVD-LP186-B186-F01-103
PROP-B186-F01-U104,B186,LP186,1,104,42.4,Residential,IND-AP-VSP-DVD-LP186-B186-F01-104
PROP-B186-F02-U201,B186,LP186,2,201,42.4,Residential,IND-AP-VSP-DVD-LP186-B186-F02-201
PROP-B186-F02-U202,B186,LP186,2,202,42.4,Residential,IND-AP-VSP-DVD-LP186-B186-F02-202
PROP-B186-F02-U203,B186,LP186,2,203,42.4,Residential,IND-AP-VSP-DVD-LP186-B186-F02-203
PROP-B186-F02-U204,B186,LP186,2,204,42.4,Residential,IND-AP-VSP-DVD-LP186-B186-F02-204
PROP-B186-F03-U301,B186,LP186,3,301,42.4,Residential,IND-AP-VSP-DVD-LP186-B186-F03-301
PROP-B186-F03-U302,B186,LP186,3,302,42.4,Residential,IND-AP-VSP-DVD-LP186-B186-F03-302
PROP-B186-F03-U303,B186,LP186,3,303,42.4,Residential,IND-AP-VSP-DVD-LP186-B186-F03-303
PROP-B186-F03-U304,B186,LP186,3,304,42.4,Residential,IND-AP-VSP-DVD-LP186-B186-F03-304
PROP-B186-F04-U401,B186,LP186,4,401,42.4,Residential,IND-AP-VSP-DVD-LP186-B186-F04-401
PROP-B186-F04-U402,B186,LP186,4,402,42.4,Residential,IND-AP-VSP-DVD-LP186-B186-F04-402
PROP-B186-F04-U403,B186,LP186,4,403,42.4,Residential,IND-AP-VSP-DVD-LP186-B186-F04-403
PROP-B186-F04-U404,B186,LP186,4,404,42.4,Residential,IND-AP-VSP-DVD-LP186-B186-F04-404
PROP-B186-F05-U501,B186,LP186,5,501,42.4,Residential,IND-AP-VSP-DVD-LP186-B186-F05-501
PROP-B186-F05-U502,B186,LP186,5,502,42.4,Residential,IND-AP-VSP-DVD-LP186-B186-F05-502
PROP-B186-F05-U503,B186,LP186,5,503,42.4,Residential,IND-AP-VSP-DVD-LP186-B186-F05-503
PROP-B186-F05-U504,B186,LP186,5,504,42.4,Residential,IND-AP-VSP-DVD-LP186-B186-F05-504
PROP-B187-F01-U101,B187,LP187,1,101,60.1,Residential,IND-AP-VSP-DVD-LP187-B187-F01-101
PROP-B187-F01-U102,B187,LP187,1,102,60.1,Residential,IND-AP-VSP-DVD-LP187-B187-F01-102
PROP-B187-F01-U103,B187,LP187,1,103,60.1,Residential,IND-AP-VSP-DVD-LP187-B187-F01-103
PROP-B187-F01-U104,B187,LP187,1,104,60.1,Residential,IND-AP-VSP-DVD-LP187-B187-F01-104
PROP-B187-F02-U201,B187,LP187,2,201,60.1,Residential,IND-AP-VSP-DVD-LP187-B187-F02-201
PROP-B187-F02-U202,B187,LP187,2,202,60.1,Residential,IND-AP-VSP-DVD-LP187-B187-F02-202
PROP-B187-F02-U203,B187,LP187,2,203,60.1,Residential,IND-AP-VSP-DVD-LP187-B187-F02-203
PROP-B187-F02-U204,B187,LP187,2,204,60.1,Residential,IND-AP-VSP-DVD-LP187-B187-F02-204
PROP-B187-F03-U301,B187,LP187,3,301,60.1,Residential,IND-AP-VSP-DVD-LP187-B187-F03-301
PROP-B187-F03-U302,B187,LP187,3,302,60.1,Residential,IND-AP-VSP-DVD-LP187-B187-F03-302
PROP-B187-F03-U303,B187,LP187,3,303,60.1,Residential,IND-AP-VSP-DVD-LP187-B187-F03-303
PROP-B187-F03-U304,B187,LP187,3,304,60.1,Residential,IND-AP-VSP-DVD-LP187-B187-F03-304
PROP-B187-F04-U401,B187,LP187,4,401,60.1,Residential,IND-AP-VSP-DVD-LP187-B187-F04-401
PROP-B187-F04-U402,B187,LP187,4,402,60.1,Residential,IND-AP-VSP-DVD-LP187-B187-F04-402
PROP-B187-F04-U403,B187,LP187,4,403,60.1,Residential,IND-AP-VSP-DVD-LP187-B187-F04-403
PROP-B187-F04-U404,B187,LP187,4,404,60.1,Residential,IND-AP-VSP-DVD-LP187-B187-F04-404
PROP-B187-F05-U501,B187,LP187,5,501,60.1,Residential,IND-AP-VSP-DVD-LP187-B187-F05-501
PROP-B187-F05-U502,B187,LP187,5,502,60.1,Residential,IND-AP-VSP-DVD-LP187-B187-F05-502
PROP-B187-F05-U503,B187,LP187,5,503,60.1,Residential,IND-AP-VSP-DVD-LP187-B187-F05-503
PROP-B187-F05-U504,B187,LP187,5,504,60.1,Residential,IND-AP-VSP-DVD-LP187-B187-F05-504
PROP-B188-F01-U101,B188,LP188,1,101,77.6,Residential,IND-AP-VSP-DVD-LP188-B188-F01-101
PROP-B188-F01-U102,B188,LP188,1,102,77.6,Residential,IND-AP-VSP-DVD-LP188-B188-F01-102
PROP-B188-F01-U103,B188,LP188,1,103,77.6,Residential,IND-AP-VSP-DVD-LP188-B188-F01-103
PROP-B188-F01-U104,B188,LP188,1,104,77.6,Residential,IND-AP-VSP-DVD-LP188-B188-F01-104
PROP-B188-F02-U201,B188,LP188,2,201,77.6,Residential,IND-AP-VSP-DVD-LP188-B188-F02-201
PROP-B188-F02-U202,B188,LP188,2,202,77.6,Residential,IND-AP-VSP-DVD-LP188-B188-F02-202
PROP-B188-F02-U203,B188,LP188,2,203,77.6,Residential,IND-AP-VSP-DVD-LP188-B188-F02-203
PROP-B188-F02-U204,B188,LP188,2,204,77.6,Residential,IND-AP-VSP-DVD-LP188-B188-F02-204
PROP-B188-F03-U301,B188,LP188,3,301,77.6,Residential,IND-AP-VSP-DVD-LP188-B188-F03-301
PROP-B188-F03-U302,B188,LP188,3,302,77.6,Residential,IND-AP-VSP-DVD-LP188-B188-F03-302
PROP-B188-F03-U303,B188,LP188,3,303,77.6,Residential,IND-AP-VSP-DVD-LP188-B188-F03-303
PROP-B188-F03-U304,B188,LP188,3,304,77.6,Residential,IND-AP-VSP-DVD-LP188-B188-F03-304
PROP-B188-F04-U401,B188,LP188,4,401,77.6,Residential,IND-AP-VSP-DVD-LP188-B188-F04-401
PROP-B188-F04-U402,B188,LP188,4,402,77.6,Residential,IND-AP-VSP-DVD-LP188-B188-F04-402
PROP-B188-F04-U403,B188,LP188,4,403,77.6,Residential,IND-AP-VSP-DVD-LP188-B188-F04-403
PROP-B188-F04-U404,B188,LP188,4,404,77.6,Residential,IND-AP-VSP-DVD-LP188-B188-F04-404
PROP-B188-F05-U501,B188,LP188,5,501,77.6,Residential,IND-AP-VSP-DVD-LP188-B188-F05-501
PROP-B188-F05-U502,B188,LP188,5,502,77.6,Residential,IND-AP-VSP-DVD-LP188-B188-F05-502
PROP-B188-F05-U503,B188,LP188,5,503,77.6,Residential,IND-AP-VSP-DVD-LP188-B188-F05-503
PROP-B188-F05-U504,B188,LP188,5,504,77.6,Residential,IND-AP-VSP-DVD-LP188-B188-F05-504
PROP-B189-F01-U101,B189,LP189,1,101,50.9,Residential,IND-AP-VSP-DVD-LP189-B189-F01-101
PROP-B189-F01-U102,B189,LP189,1,102,50.9,Residential,IND-AP-VSP-DVD-LP189-B189-F01-102
PROP-B189-F01-U103,B189,LP189,1,103,50.9,Residential,IND-AP-VSP-DVD-LP189-B189-F01-103
PROP-B189-F01-U104,B189,LP189,1,104,50.9,Residential,IND-AP-VSP-DVD-LP189-B189-F01-104
PROP-B189-F02-U201,B189,LP189,2,201,50.9,Residential,IND-AP-VSP-DVD-LP189-B189-F02-201
PROP-B189-F02-U202,B189,LP189,2,202,50.9,Residential,IND-AP-VSP-DVD-LP189-B189-F02-202
PROP-B189-F02-U203,B189,LP189,2,203,50.9,Residential,IND-AP-VSP-DVD-LP189-B189-F02-203
PROP-B189-F02-U204,B189,LP189,2,204,50.9,Residential,IND-AP-VSP-DVD-LP189-B189-F02-204
PROP-B189-F03-U301,B189,LP189,3,301,50.9,Residential,IND-AP-VSP-DVD-LP189-B189-F03-301
PROP-B189-F03-U302,B189,LP189,3,302,50.9,Residential,IND-AP-VSP-DVD-LP189-B189-F03-302
PROP-B189-F03-U303,B189,LP189,3,303,50.9,Residential,IND-AP-VSP-DVD-LP189-B189-F03-303
PROP-B189-F03-U304,B189,LP189,3,304,50.9,Residential,IND-AP-VSP-DVD-LP189-B189-F03-304
PROP-B189-F04-U401,B189,LP189,4,401,50.9,Residential,IND-AP-VSP-DVD-LP189-B189-F04-401
PROP-B189-F04-U402,B189,LP189,4,402,50.9,Residential,IND-AP-VSP-DVD-LP189-B189-F04-402
PROP-B189-F04-U403,B189,LP189,4,403,50.9,Residential,IND-AP-VSP-DVD-LP189-B189-F04-403
PROP-B189-F04-U404,B189,LP189,4,404,50.9,Residential,IND-AP-VSP-DVD-LP189-B189-F04-404
PROP-B189-F05-U501,B189,LP189,5,501,50.9,Residential,IND-AP-VSP-DVD-LP189-B189-F05-501
PROP-B189-F05-U502,B189,LP189,5,502,50.9,Residential,IND-AP-VSP-DVD-LP189-B189-F05-502
PROP-B189-F05-U503,B189,LP189,5,503,50.9,Residential,IND-AP-VSP-DVD-LP189-B189-F05-503
PROP-B189-F05-U504,B189,LP189,5,504,50.9,Residential,IND-AP-VSP-DVD-LP189-B189-F05-504
PROP-B190-F01-U101,B190,LP190,1,101,130.1,Residential,IND-AP-VSP-DVD-LP190-B190-F01-101
PROP-B190-F02-U201,B190,LP190,2,201,130.1,Residential,IND-AP-VSP-DVD-LP190-B190-F02-201
PROP-B191-F01-U101,B191,LP191,1,101,130,Residential,IND-AP-VSP-DVD-LP191-B191-F01-101
PROP-B191-F02-U201,B191,LP191,2,201,130,Residential,IND-AP-VSP-DVD-LP191-B191-F02-201
PROP-B192-F01-U101,B192,LP192,1,101,101.5,Residential,IND-AP-VSP-DVD-LP192-B192-F01-101
PROP-B192-F02-U201,B192,LP192,2,201,101.5,Residential,IND-AP-VSP-DVD-LP192-B192-F02-201
PROP-B193-F01-U101,B193,LP193,1,101,101.5,Residential,IND-AP-VSP-DVD-LP193-B193-F01-101
PROP-B193-F02-U201,B193,LP193,2,201,101.5,Residential,IND-AP-VSP-DVD-LP193-B193-F02-201
PROP-B194-F01-U101,B194,LP194,1,101,57.9,Residential,IND-AP-VSP-DVD-LP194-B194-F01-101
PROP-B194-F01-U102,B194,LP194,1,102,57.9,Residential,IND-AP-VSP-DVD-LP194-B194-F01-102
PROP-B194-F01-U103,B194,LP194,1,103,57.9,Residential,IND-AP-VSP-DVD-LP194-B194-F01-103
PROP-B194-F01-U104,B194,LP194,1,104,57.9,Residential,IND-AP-VSP-DVD-LP194-B194-F01-104
PROP-B194-F02-U201,B194,LP194,2,201,57.9,Residential,IND-AP-VSP-DVD-LP194-B194-F02-201
PROP-B194-F02-U202,B194,LP194,2,202,57.9,Residential,IND-AP-VSP-DVD-LP194-B194-F02-202
PROP-B194-F02-U203,B194,LP194,2,203,57.9,Residential,IND-AP-VSP-DVD-LP194-B194-F02-203
PROP-B194-F02-U204,B194,LP194,2,204,57.9,Residential,IND-AP-VSP-DVD-LP194-B194-F02-204
PROP-B194-F03-U301,B194,LP194,3,301,57.9,Residential,IND-AP-VSP-DVD-LP194-B194-F03-301
PROP-B194-F03-U302,B194,LP194,3,302,57.9,Residential,IND-AP-VSP-DVD-LP194-B194-F03-302
PROP-B194-F03-U303,B194,LP194,3,303,57.9,Residential,IND-AP-VSP-DVD-LP194-B194-F03-303
PROP-B194-F03-U304,B194,LP194,3,304,57.9,Residential,IND-AP-VSP-DVD-LP194-B194-F03-304
PROP-B194-F04-U401,B194,LP194,4,401,57.9,Residential,IND-AP-VSP-DVD-LP194-B194-F04-401
PROP-B194-F04-U402,B194,LP194,4,402,57.9,Residential,IND-AP-VSP-DVD-LP194-B194-F04-402
PROP-B194-F04-U403,B194,LP194,4,403,57.9,Residential,IND-AP-VSP-DVD-LP194-B194-F04-403
PROP-B194-F04-U404,B194,LP194,4,404,57.9,Residential,IND-AP-VSP-DVD-LP194-B194-F04-404
PROP-B194-F05-U501,B194,LP194,5,501,57.9,Residential,IND-AP-VSP-DVD-LP194-B194-F05-501
PROP-B194-F05-U502,B194,LP194,5,502,57.9,Residential,IND-AP-VSP-DVD-LP194-B194-F05-502
PROP-B194-F05-U503,B194,LP194,5,503,57.9,Residential,IND-AP-VSP-DVD-LP194-B194-F05-503
PROP-B194-F05-U504,B194,LP194,5,504,57.9,Residential,IND-AP-VSP-DVD-LP194-B194-F05-504
PROP-B195-F01-U101,B195,LP195,1,101,129.6,Residential,IND-AP-VSP-DVD-LP195-B195-F01-101
PROP-B195-F02-U201,B195,LP195,2,201,129.6,Residential,IND-AP-VSP-DVD-LP195-B195-F02-201
PROP-B196-F01-U101,B196,LP196,1,101,121.9,Residential,IND-AP-VSP-DVD-LP196-B196-F01-101
PROP-B196-F02-U201,B196,LP196,2,201,121.9,Residential,IND-AP-VSP-DVD-LP196-B196-F02-201
PROP-B197-F01-U101,B197,LP197,1,101,43.3,Residential,IND-AP-VSP-DVD-LP197-B197-F01-101
PROP-B197-F01-U102,B197,LP197,1,102,43.3,Residential,IND-AP-VSP-DVD-LP197-B197-F01-102
PROP-B197-F01-U103,B197,LP197,1,103,43.3,Residential,IND-AP-VSP-DVD-LP197-B197-F01-103
PROP-B197-F01-U104,B197,LP197,1,104,43.3,Residential,IND-AP-VSP-DVD-LP197-B197-F01-104
PROP-B197-F02-U201,B197,LP197,2,201,43.3,Residential,IND-AP-VSP-DVD-LP197-B197-F02-201
PROP-B197-F02-U202,B197,LP197,2,202,43.3,Residential,IND-AP-VSP-DVD-LP197-B197-F02-202
PROP-B197-F02-U203,B197,LP197,2,203,43.3,Residential,IND-AP-VSP-DVD-LP197-B197-F02-203
PROP-B197-F02-U204,B197,LP197,2,204,43.3,Residential,IND-AP-VSP-DVD-LP197-B197-F02-204
PROP-B197-F03-U301,B197,LP197,3,301,43.3,Residential,IND-AP-VSP-DVD-LP197-B197-F03-301
PROP-B197-F03-U302,B197,LP197,3,302,43.3,Residential,IND-AP-VSP-DVD-LP197-B197-F03-302
PROP-B197-F03-U303,B197,LP197,3,303,43.3,Residential,IND-AP-VSP-DVD-LP197-B197-F03-303
PROP-B197-F03-U304,B197,LP197,3,304,43.3,Residential,IND-AP-VSP-DVD-LP197-B197-F03-304
PROP-B197-F04-U401,B197,LP197,4,401,43.3,Residential,IND-AP-VSP-DVD-LP197-B197-F04-401
PROP-B197-F04-U402,B197,LP197,4,402,43.3,Residential,IND-AP-VSP-DVD-LP197-B197-F04-402
PROP-B197-F04-U403,B197,LP197,4,403,43.3,Residential,IND-AP-VSP-DVD-LP197-B197-F04-403
PROP-B197-F04-U404,B197,LP197,4,404,43.3,Residential,IND-AP-VSP-DVD-LP197-B197-F04-404
PROP-B197-F05-U501,B197,LP197,5,501,43.3,Residential,IND-AP-VSP-DVD-LP197-B197-F05-501
PROP-B197-F05-U502,B197,LP197,5,502,43.3,Residential,IND-AP-VSP-DVD-LP197-B197-F05-502
PROP-B197-F05-U503,B197,LP197,5,503,43.3,Residential,IND-AP-VSP-DVD-LP197-B197-F05-503
PROP-B197-F05-U504,B197,LP197,5,504,43.3,Residential,IND-AP-VSP-DVD-LP197-B197-F05-504
PROP-B198-F01-U101,B198,LP198,1,101,134.6,Residential,IND-AP-VSP-DVD-LP198-B198-F01-101
PROP-B198-F02-U201,B198,LP198,2,201,134.6,Residential,IND-AP-VSP-DVD-LP198-B198-F02-201
PROP-B199-F01-U101,B199,LP199,1,101,138.1,Residential,IND-AP-VSP-DVD-LP199-B199-F01-101
PROP-B199-F02-U201,B199,LP199,2,201,138.1,Residential,IND-AP-VSP-DVD-LP199-B199-F02-201
PROP-B200-F01-U101,B200,LP200,1,101,79.6,Residential,IND-AP-VSP-DVD-LP200-B200-F01-101
PROP-B200-F02-U201,B200,LP200,2,201,79.6,Residential,IND-AP-VSP-DVD-LP200-B200-F02-201
PROP-B201-F01-U101,B201,LP201,1,101,47.5,Residential,IND-AP-VSP-DVD-LP201-B201-F01-101
PROP-B201-F01-U102,B201,LP201,1,102,47.5,Residential,IND-AP-VSP-DVD-LP201-B201-F01-102
PROP-B201-F01-U103,B201,LP201,1,103,47.5,Residential,IND-AP-VSP-DVD-LP201-B201-F01-103
PROP-B201-F01-U104,B201,LP201,1,104,47.5,Residential,IND-AP-VSP-DVD-LP201-B201-F01-104
PROP-B201-F02-U201,B201,LP201,2,201,47.5,Residential,IND-AP-VSP-DVD-LP201-B201-F02-201
PROP-B201-F02-U202,B201,LP201,2,202,47.5,Residential,IND-AP-VSP-DVD-LP201-B201-F02-202
PROP-B201-F02-U203,B201,LP201,2,203,47.5,Residential,IND-AP-VSP-DVD-LP201-B201-F02-203
PROP-B201-F02-U204,B201,LP201,2,204,47.5,Residential,IND-AP-VSP-DVD-LP201-B201-F02-204
PROP-B201-F03-U301,B201,LP201,3,301,47.5,Residential,IND-AP-VSP-DVD-LP201-B201-F03-301
PROP-B201-F03-U302,B201,LP201,3,302,47.5,Residential,IND-AP-VSP-DVD-LP201-B201-F03-302
PROP-B201-F03-U303,B201,LP201,3,303,47.5,Residential,IND-AP-VSP-DVD-LP201-B201-F03-303
PROP-B201-F03-U304,B201,LP201,3,304,47.5,Residential,IND-AP-VSP-DVD-LP201-B201-F03-304
PROP-B201-F04-U401,B201,LP201,4,401,47.5,Residential,IND-AP-VSP-DVD-LP201-B201-F04-401
PROP-B201-F04-U402,B201,LP201,4,402,47.5,Residential,IND-AP-VSP-DVD-LP201-B201-F04-402
PROP-B201-F04-U403,B201,LP201,4,403,47.5,Residential,IND-AP-VSP-DVD-LP201-B201-F04-403
PROP-B201-F04-U404,B201,LP201,4,404,47.5,Residential,IND-AP-VSP-DVD-LP201-B201-F04-404
PROP-B201-F05-U501,B201,LP201,5,501,47.5,Residential,IND-AP-VSP-DVD-LP201-B201-F05-501
PROP-B201-F05-U502,B201,LP201,5,502,47.5,Residential,IND-AP-VSP-DVD-LP201-B201-F05-502
PROP-B201-F05-U503,B201,LP201,5,503,47.5,Residential,IND-AP-VSP-DVD-LP201-B201-F05-503
PROP-B201-F05-U504,B201,LP201,5,504,47.5,Residential,IND-AP-VSP-DVD-LP201-B201-F05-504
PROP-B202-F01-U101,B202,LP202,1,101,124.6,Shop,IND-AP-VSP-DVD-LP202-B202-F01-101
PROP-B202-F01-U102,B202,LP202,1,102,124.6,Shop,IND-AP-VSP-DVD-LP202-B202-F01-102
PROP-B202-F01-U103,B202,LP202,1,103,124.6,Shop,IND-AP-VSP-DVD-LP202-B202-F01-103
PROP-B202-F02-U201,B202,LP202,2,201,124.6,Office,IND-AP-VSP-DVD-LP202-B202-F02-201
PROP-B202-F02-U202,B202,LP202,2,202,124.6,Office,IND-AP-VSP-DVD-LP202-B202-F02-202
PROP-B202-F02-U203,B202,LP202,2,203,124.6,Office,IND-AP-VSP-DVD-LP202-B202-F02-203
PROP-B202-F03-U301,B202,LP202,3,301,124.6,Office,IND-AP-VSP-DVD-LP202-B202-F03-301
PROP-B202-F03-U302,B202,LP202,3,302,124.6,Office,IND-AP-VSP-DVD-LP202-B202-F03-302
PROP-B202-F03-U303,B202,LP202,3,303,124.6,Office,IND-AP-VSP-DVD-LP202-B202-F03-303
PROP-B202-F04-U401,B202,LP202,4,401,124.6,Office,IND-AP-VSP-DVD-LP202-B202-F04-401
PROP-B202-F04-U402,B202,LP202,4,402,124.6,Office,IND-AP-VSP-DVD-LP202-B202-F04-402
PROP-B202-F04-U403,B202,LP202,4,403,124.6,Office,IND-AP-VSP-DVD-LP202-B202-F04-403
PROP-B203-F01-U101,B203,LP203,1,101,123,Residential,IND-AP-VSP-DVD-LP203-B203-F01-101
PROP-B203-F02-U201,B203,LP203,2,201,123,Residential,IND-AP-VSP-DVD-LP203-B203-F02-201
PROP-B204-F01-U101,B204,LP204,1,101,123.1,Residential,IND-AP-VSP-DVD-LP204-B204-F01-101
PROP-B204-F02-U201,B204,LP204,2,201,123.1,Residential,IND-AP-VSP-DVD-LP204-B204-F02-201
PROP-B205-F01-U101,B205,LP205,1,101,70.8,Residential,IND-AP-VSP-DVD-LP205-B205-F01-101
PROP-B205-F02-U201,B205,LP205,2,201,70.8,Residential,IND-AP-VSP-DVD-LP205-B205-F02-201
PROP-B206-F01-U101,B206,LP206,1,101,70.9,Residential,IND-AP-VSP-DVD-LP206-B206-F01-101
PROP-B206-F02-U201,B206,LP206,2,201,70.9,Residential,IND-AP-VSP-DVD-LP206-B206-F02-201
PROP-B207-F01-U101,B207,LP207,1,101,70.8,Residential,IND-AP-VSP-DVD-LP207-B207-F01-101
PROP-B207-F02-U201,B207,LP207,2,201,70.8,Residential,IND-AP-VSP-DVD-LP207-B207-F02-201
PROP-B208-F01-U101,B208,LP208,1,101,70.9,Residential,IND-AP-VSP-DVD-LP208-B208-F01-101
PROP-B208-F02-U201,B208,LP208,2,201,70.9,Residential,IND-AP-VSP-DVD-LP208-B208-F02-201
PROP-B209-F01-U101,B209,LP209,1,101,141.6,Residential,IND-AP-VSP-DVD-LP209-B209-F01-101
PROP-B209-F02-U201,B209,LP209,2,201,141.6,Residential,IND-AP-VSP-DVD-LP209-B209-F02-201
PROP-B210-F01-U101,B210,LP210,1,101,141.5,Residential,IND-AP-VSP-DVD-LP210-B210-F01-101
PROP-B210-F02-U201,B210,LP210,2,201,141.5,Residential,IND-AP-VSP-DVD-LP210-B210-F02-201
PROP-B211-F01-U101,B211,LP211,1,101,141.6,Residential,IND-AP-VSP-DVD-LP211-B211-F01-101
PROP-B211-F02-U201,B211,LP211,2,201,141.6,Residential,IND-AP-VSP-DVD-LP211-B211-F02-201
PROP-B212-F01-U101,B212,LP212,1,101,141.5,Residential,IND-AP-VSP-DVD-LP212-B212-F01-101
PROP-B212-F02-U201,B212,LP212,2,201,141.5,Residential,IND-AP-VSP-DVD-LP212-B212-F02-201
PROP-B213-F01-U101,B213,LP213,1,101,45.9,Residential,IND-AP-VSP-DVD-LP213-B213-F01-101
PROP-B213-F01-U102,B213,LP213,1,102,45.9,Residential,IND-AP-VSP-DVD-LP213-B213-F01-102
PROP-B213-F01-U103,B213,LP213,1,103,45.9,Residential,IND-AP-VSP-DVD-LP213-B213-F01-103
PROP-B213-F01-U104,B213,LP213,1,104,45.9,Residential,IND-AP-VSP-DVD-LP213-B213-F01-104
PROP-B213-F02-U201,B213,LP213,2,201,45.9,Residential,IND-AP-VSP-DVD-LP213-B213-F02-201
PROP-B213-F02-U202,B213,LP213,2,202,45.9,Residential,IND-AP-VSP-DVD-LP213-B213-F02-202
PROP-B213-F02-U203,B213,LP213,2,203,45.9,Residential,IND-AP-VSP-DVD-LP213-B213-F02-203
PROP-B213-F02-U204,B213,LP213,2,204,45.9,Residential,IND-AP-VSP-DVD-LP213-B213-F02-204
PROP-B213-F03-U301,B213,LP213,3,301,45.9,Residential,IND-AP-VSP-DVD-LP213-B213-F03-301
PROP-B213-F03-U302,B213,LP213,3,302,45.9,Residential,IND-AP-VSP-DVD-LP213-B213-F03-302
PROP-B213-F03-U303,B213,LP213,3,303,45.9,Residential,IND-AP-VSP-DVD-LP213-B213-F03-303
PROP-B213-F03-U304,B213,LP213,3,304,45.9,Residential,IND-AP-VSP-DVD-LP213-B213-F03-304
PROP-B213-F04-U401,B213,LP213,4,401,45.9,Residential,IND-AP-VSP-DVD-LP213-B213-F04-401
PROP-B213-F04-U402,B213,LP213,4,402,45.9,Residential,IND-AP-VSP-DVD-LP213-B213-F04-402
PROP-B213-F04-U403,B213,LP213,4,403,45.9,Residential,IND-AP-VSP-DVD-LP213-B213-F04-403
PROP-B213-F04-U404,B213,LP213,4,404,45.9,Residential,IND-AP-VSP-DVD-LP213-B213-F04-404
PROP-B213-F05-U501,B213,LP213,5,501,45.9,Residential,IND-AP-VSP-DVD-LP213-B213-F05-501
PROP-B213-F05-U502,B213,LP213,5,502,45.9,Residential,IND-AP-VSP-DVD-LP213-B213-F05-502
PROP-B213-F05-U503,B213,LP213,5,503,45.9,Residential,IND-AP-VSP-DVD-LP213-B213-F05-503
PROP-B213-F05-U504,B213,LP213,5,504,45.9,Residential,IND-AP-VSP-DVD-LP213-B213-F05-504
PROP-B214-F01-U101,B214,LP214,1,101,46,Residential,IND-AP-VSP-DVD-LP214-B214-F01-101
PROP-B214-F01-U102,B214,LP214,1,102,46,Residential,IND-AP-VSP-DVD-LP214-B214-F01-102
PROP-B214-F01-U103,B214,LP214,1,103,46,Residential,IND-AP-VSP-DVD-LP214-B214-F01-103
PROP-B214-F01-U104,B214,LP214,1,104,46,Residential,IND-AP-VSP-DVD-LP214-B214-F01-104
PROP-B214-F02-U201,B214,LP214,2,201,46,Residential,IND-AP-VSP-DVD-LP214-B214-F02-201
PROP-B214-F02-U202,B214,LP214,2,202,46,Residential,IND-AP-VSP-DVD-LP214-B214-F02-202
PROP-B214-F02-U203,B214,LP214,2,203,46,Residential,IND-AP-VSP-DVD-LP214-B214-F02-203
PROP-B214-F02-U204,B214,LP214,2,204,46,Residential,IND-AP-VSP-DVD-LP214-B214-F02-204
PROP-B214-F03-U301,B214,LP214,3,301,46,Residential,IND-AP-VSP-DVD-LP214-B214-F03-301
PROP-B214-F03-U302,B214,LP214,3,302,46,Residential,IND-AP-VSP-DVD-LP214-B214-F03-302
PROP-B214-F03-U303,B214,LP214,3,303,46,Residential,IND-AP-VSP-DVD-LP214-B214-F03-303
PROP-B214-F03-U304,B214,LP214,3,304,46,Residential,IND-AP-VSP-DVD-LP214-B214-F03-304
PROP-B214-F04-U401,B214,LP214,4,401,46,Residential,IND-AP-VSP-DVD-LP214-B214-F04-401
PROP-B214-F04-U402,B214,LP214,4,402,46,Residential,IND-AP-VSP-DVD-LP214-B214-F04-402
PROP-B214-F04-U403,B214,LP214,4,403,46,Residential,IND-AP-VSP-DVD-LP214-B214-F04-403
PROP-B214-F04-U404,B214,LP214,4,404,46,Residential,IND-AP-VSP-DVD-LP214-B214-F04-404
PROP-B214-F05-U501,B214,LP214,5,501,46,Residential,IND-AP-VSP-DVD-LP214-B214-F05-501
PROP-B214-F05-U502,B214,LP214,5,502,46,Residential,IND-AP-VSP-DVD-LP214-B214-F05-502
PROP-B214-F05-U503,B214,LP214,5,503,46,Residential,IND-AP-VSP-DVD-LP214-B214-F05-503
PROP-B214-F05-U504,B214,LP214,5,504,46,Residential,IND-AP-VSP-DVD-LP214-B214-F05-504
PROP-B215-F01-U101,B215,LP215,1,101,45.9,Residential,IND-AP-VSP-DVD-LP215-B215-F01-101
PROP-B215-F01-U102,B215,LP215,1,102,45.9,Residential,IND-AP-VSP-DVD-LP215-B215-F01-102
PROP-B215-F01-U103,B215,LP215,1,103,45.9,Residential,IND-AP-VSP-DVD-LP215-B215-F01-103
PROP-B215-F01-U104,B215,LP215,1,104,45.9,Residential,IND-AP-VSP-DVD-LP215-B215-F01-104
PROP-B215-F02-U201,B215,LP215,2,201,45.9,Residential,IND-AP-VSP-DVD-LP215-B215-F02-201
PROP-B215-F02-U202,B215,LP215,2,202,45.9,Residential,IND-AP-VSP-DVD-LP215-B215-F02-202
PROP-B215-F02-U203,B215,LP215,2,203,45.9,Residential,IND-AP-VSP-DVD-LP215-B215-F02-203
PROP-B215-F02-U204,B215,LP215,2,204,45.9,Residential,IND-AP-VSP-DVD-LP215-B215-F02-204
PROP-B215-F03-U301,B215,LP215,3,301,45.9,Residential,IND-AP-VSP-DVD-LP215-B215-F03-301
PROP-B215-F03-U302,B215,LP215,3,302,45.9,Residential,IND-AP-VSP-DVD-LP215-B215-F03-302
PROP-B215-F03-U303,B215,LP215,3,303,45.9,Residential,IND-AP-VSP-DVD-LP215-B215-F03-303
PROP-B215-F03-U304,B215,LP215,3,304,45.9,Residential,IND-AP-VSP-DVD-LP215-B215-F03-304
PROP-B215-F04-U401,B215,LP215,4,401,45.9,Residential,IND-AP-VSP-DVD-LP215-B215-F04-401
PROP-B215-F04-U402,B215,LP215,4,402,45.9,Residential,IND-AP-VSP-DVD-LP215-B215-F04-402
PROP-B215-F04-U403,B215,LP215,4,403,45.9,Residential,IND-AP-VSP-DVD-LP215-B215-F04-403
PROP-B215-F04-U404,B215,LP215,4,404,45.9,Residential,IND-AP-VSP-DVD-LP215-B215-F04-404
PROP-B215-F05-U501,B215,LP215,5,501,45.9,Residential,IND-AP-VSP-DVD-LP215-B215-F05-501
PROP-B215-F05-U502,B215,LP215,5,502,45.9,Residential,IND-AP-VSP-DVD-LP215-B215-F05-502
PROP-B215-F05-U503,B215,LP215,5,503,45.9,Residential,IND-AP-VSP-DVD-LP215-B215-F05-503
PROP-B215-F05-U504,B215,LP215,5,504,45.9,Residential,IND-AP-VSP-DVD-LP215-B215-F05-504
PROP-B216-F01-U101,B216,LP216,1,101,57.2,Residential,IND-AP-VSP-DVD-LP216-B216-F01-101
PROP-B216-F01-U102,B216,LP216,1,102,57.2,Residential,IND-AP-VSP-DVD-LP216-B216-F01-102
PROP-B216-F01-U103,B216,LP216,1,103,57.2,Residential,IND-AP-VSP-DVD-LP216-B216-F01-103
PROP-B216-F01-U104,B216,LP216,1,104,57.2,Residential,IND-AP-VSP-DVD-LP216-B216-F01-104
PROP-B216-F02-U201,B216,LP216,2,201,57.2,Residential,IND-AP-VSP-DVD-LP216-B216-F02-201
PROP-B216-F02-U202,B216,LP216,2,202,57.2,Residential,IND-AP-VSP-DVD-LP216-B216-F02-202
PROP-B216-F02-U203,B216,LP216,2,203,57.2,Residential,IND-AP-VSP-DVD-LP216-B216-F02-203
PROP-B216-F02-U204,B216,LP216,2,204,57.2,Residential,IND-AP-VSP-DVD-LP216-B216-F02-204
PROP-B216-F03-U301,B216,LP216,3,301,57.2,Residential,IND-AP-VSP-DVD-LP216-B216-F03-301
PROP-B216-F03-U302,B216,LP216,3,302,57.2,Residential,IND-AP-VSP-DVD-LP216-B216-F03-302
PROP-B216-F03-U303,B216,LP216,3,303,57.2,Residential,IND-AP-VSP-DVD-LP216-B216-F03-303
PROP-B216-F03-U304,B216,LP216,3,304,57.2,Residential,IND-AP-VSP-DVD-LP216-B216-F03-304
PROP-B216-F04-U401,B216,LP216,4,401,57.2,Residential,IND-AP-VSP-DVD-LP216-B216-F04-401
PROP-B216-F04-U402,B216,LP216,4,402,57.2,Residential,IND-AP-VSP-DVD-LP216-B216-F04-402
PROP-B216-F04-U403,B216,LP216,4,403,57.2,Residential,IND-AP-VSP-DVD-LP216-B216-F04-403
PROP-B216-F04-U404,B216,LP216,4,404,57.2,Residential,IND-AP-VSP-DVD-LP216-B216-F04-404
PROP-B216-F05-U501,B216,LP216,5,501,57.2,Residential,IND-AP-VSP-DVD-LP216-B216-F05-501
PROP-B216-F05-U502,B216,LP216,5,502,57.2,Residential,IND-AP-VSP-DVD-LP216-B216-F05-502
PROP-B216-F05-U503,B216,LP216,5,503,57.2,Residential,IND-AP-VSP-DVD-LP216-B216-F05-503
PROP-B216-F05-U504,B216,LP216,5,504,57.2,Residential,IND-AP-VSP-DVD-LP216-B216-F05-504
PROP-B217-F01-U101,B217,LP217,1,101,74.1,Residential,IND-AP-VSP-DVD-LP217-B217-F01-101
PROP-B217-F01-U102,B217,LP217,1,102,74.1,Residential,IND-AP-VSP-DVD-LP217-B217-F01-102
PROP-B217-F01-U103,B217,LP217,1,103,74.1,Residential,IND-AP-VSP-DVD-LP217-B217-F01-103
PROP-B217-F01-U104,B217,LP217,1,104,74.1,Residential,IND-AP-VSP-DVD-LP217-B217-F01-104
PROP-B217-F02-U201,B217,LP217,2,201,74.1,Residential,IND-AP-VSP-DVD-LP217-B217-F02-201
PROP-B217-F02-U202,B217,LP217,2,202,74.1,Residential,IND-AP-VSP-DVD-LP217-B217-F02-202
PROP-B217-F02-U203,B217,LP217,2,203,74.1,Residential,IND-AP-VSP-DVD-LP217-B217-F02-203
PROP-B217-F02-U204,B217,LP217,2,204,74.1,Residential,IND-AP-VSP-DVD-LP217-B217-F02-204
PROP-B217-F03-U301,B217,LP217,3,301,74.1,Residential,IND-AP-VSP-DVD-LP217-B217-F03-301
PROP-B217-F03-U302,B217,LP217,3,302,74.1,Residential,IND-AP-VSP-DVD-LP217-B217-F03-302
PROP-B217-F03-U303,B217,LP217,3,303,74.1,Residential,IND-AP-VSP-DVD-LP217-B217-F03-303
PROP-B217-F03-U304,B217,LP217,3,304,74.1,Residential,IND-AP-VSP-DVD-LP217-B217-F03-304
PROP-B217-F04-U401,B217,LP217,4,401,74.1,Residential,IND-AP-VSP-DVD-LP217-B217-F04-401
PROP-B217-F04-U402,B217,LP217,4,402,74.1,Residential,IND-AP-VSP-DVD-LP217-B217-F04-402
PROP-B217-F04-U403,B217,LP217,4,403,74.1,Residential,IND-AP-VSP-DVD-LP217-B217-F04-403
PROP-B217-F04-U404,B217,LP217,4,404,74.1,Residential,IND-AP-VSP-DVD-LP217-B217-F04-404
PROP-B217-F05-U501,B217,LP217,5,501,74.1,Residential,IND-AP-VSP-DVD-LP217-B217-F05-501
PROP-B217-F05-U502,B217,LP217,5,502,74.1,Residential,IND-AP-VSP-DVD-LP217-B217-F05-502
PROP-B217-F05-U503,B217,LP217,5,503,74.1,Residential,IND-AP-VSP-DVD-LP217-B217-F05-503
PROP-B217-F05-U504,B217,LP217,5,504,74.1,Residential,IND-AP-VSP-DVD-LP217-B217-F05-504
PROP-B218-F01-U101,B218,LP218,1,101,44.6,Residential,IND-AP-VSP-DVD-LP218-B218-F01-101
PROP-B218-F01-U102,B218,LP218,1,102,44.6,Residential,IND-AP-VSP-DVD-LP218-B218-F01-102
PROP-B218-F01-U103,B218,LP218,1,103,44.6,Residential,IND-AP-VSP-DVD-LP218-B218-F01-103
PROP-B218-F01-U104,B218,LP218,1,104,44.6,Residential,IND-AP-VSP-DVD-LP218-B218-F01-104
PROP-B218-F02-U201,B218,LP218,2,201,44.6,Residential,IND-AP-VSP-DVD-LP218-B218-F02-201
PROP-B218-F02-U202,B218,LP218,2,202,44.6,Residential,IND-AP-VSP-DVD-LP218-B218-F02-202
PROP-B218-F02-U203,B218,LP218,2,203,44.6,Residential,IND-AP-VSP-DVD-LP218-B218-F02-203
PROP-B218-F02-U204,B218,LP218,2,204,44.6,Residential,IND-AP-VSP-DVD-LP218-B218-F02-204
PROP-B218-F03-U301,B218,LP218,3,301,44.6,Residential,IND-AP-VSP-DVD-LP218-B218-F03-301
PROP-B218-F03-U302,B218,LP218,3,302,44.6,Residential,IND-AP-VSP-DVD-LP218-B218-F03-302
PROP-B218-F03-U303,B218,LP218,3,303,44.6,Residential,IND-AP-VSP-DVD-LP218-B218-F03-303
PROP-B218-F03-U304,B218,LP218,3,304,44.6,Residential,IND-AP-VSP-DVD-LP218-B218-F03-304
PROP-B218-F04-U401,B218,LP218,4,401,44.6,Residential,IND-AP-VSP-DVD-LP218-B218-F04-401
PROP-B218-F04-U402,B218,LP218,4,402,44.6,Residential,IND-AP-VSP-DVD-LP218-B218-F04-402
PROP-B218-F04-U403,B218,LP218,4,403,44.6,Residential,IND-AP-VSP-DVD-LP218-B218-F04-403
PROP-B218-F04-U404,B218,LP218,4,404,44.6,Residential,IND-AP-VSP-DVD-LP218-B218-F04-404
PROP-B218-F05-U501,B218,LP218,5,501,44.6,Residential,IND-AP-VSP-DVD-LP218-B218-F05-501
PROP-B218-F05-U502,B218,LP218,5,502,44.6,Residential,IND-AP-VSP-DVD-LP218-B218-F05-502
PROP-B218-F05-U503,B218,LP218,5,503,44.6,Residential,IND-AP-VSP-DVD-LP218-B218-F05-503
PROP-B218-F05-U504,B218,LP218,5,504,44.6,Residential,IND-AP-VSP-DVD-LP218-B218-F05-504
PROP-B219-F01-U101,B219,LP219,1,101,67.6,Residential,IND-AP-VSP-DVD-LP219-B219-F01-101
PROP-B219-F01-U102,B219,LP219,1,102,67.6,Residential,IND-AP-VSP-DVD-LP219-B219-F01-102
PROP-B219-F01-U103,B219,LP219,1,103,67.6,Residential,IND-AP-VSP-DVD-LP219-B219-F01-103
PROP-B219-F01-U104,B219,LP219,1,104,67.6,Residential,IND-AP-VSP-DVD-LP219-B219-F01-104
PROP-B219-F02-U201,B219,LP219,2,201,67.6,Residential,IND-AP-VSP-DVD-LP219-B219-F02-201
PROP-B219-F02-U202,B219,LP219,2,202,67.6,Residential,IND-AP-VSP-DVD-LP219-B219-F02-202
PROP-B219-F02-U203,B219,LP219,2,203,67.6,Residential,IND-AP-VSP-DVD-LP219-B219-F02-203
PROP-B219-F02-U204,B219,LP219,2,204,67.6,Residential,IND-AP-VSP-DVD-LP219-B219-F02-204
PROP-B219-F03-U301,B219,LP219,3,301,67.6,Residential,IND-AP-VSP-DVD-LP219-B219-F03-301
PROP-B219-F03-U302,B219,LP219,3,302,67.6,Residential,IND-AP-VSP-DVD-LP219-B219-F03-302
PROP-B219-F03-U303,B219,LP219,3,303,67.6,Residential,IND-AP-VSP-DVD-LP219-B219-F03-303
PROP-B219-F03-U304,B219,LP219,3,304,67.6,Residential,IND-AP-VSP-DVD-LP219-B219-F03-304
PROP-B219-F04-U401,B219,LP219,4,401,67.6,Residential,IND-AP-VSP-DVD-LP219-B219-F04-401
PROP-B219-F04-U402,B219,LP219,4,402,67.6,Residential,IND-AP-VSP-DVD-LP219-B219-F04-402
PROP-B219-F04-U403,B219,LP219,4,403,67.6,Residential,IND-AP-VSP-DVD-LP219-B219-F04-403
PROP-B219-F04-U404,B219,LP219,4,404,67.6,Residential,IND-AP-VSP-DVD-LP219-B219-F04-404
PROP-B219-F05-U501,B219,LP219,5,501,67.6,Residential,IND-AP-VSP-DVD-LP219-B219-F05-501
PROP-B219-F05-U502,B219,LP219,5,502,67.6,Residential,IND-AP-VSP-DVD-LP219-B219-F05-502
PROP-B219-F05-U503,B219,LP219,5,503,67.6,Residential,IND-AP-VSP-DVD-LP219-B219-F05-503
PROP-B219-F05-U504,B219,LP219,5,504,67.6,Residential,IND-AP-VSP-DVD-LP219-B219-F05-504
PROP-B220-F01-U101,B220,LP220,1,101,47.5,Residential,IND-AP-VSP-DVD-LP220-B220-F01-101
PROP-B220-F01-U102,B220,LP220,1,102,47.5,Residential,IND-AP-VSP-DVD-LP220-B220-F01-102
PROP-B220-F01-U103,B220,LP220,1,103,47.5,Residential,IND-AP-VSP-DVD-LP220-B220-F01-103
PROP-B220-F01-U104,B220,LP220,1,104,47.5,Residential,IND-AP-VSP-DVD-LP220-B220-F01-104
PROP-B220-F02-U201,B220,LP220,2,201,47.5,Residential,IND-AP-VSP-DVD-LP220-B220-F02-201
PROP-B220-F02-U202,B220,LP220,2,202,47.5,Residential,IND-AP-VSP-DVD-LP220-B220-F02-202
PROP-B220-F02-U203,B220,LP220,2,203,47.5,Residential,IND-AP-VSP-DVD-LP220-B220-F02-203
PROP-B220-F02-U204,B220,LP220,2,204,47.5,Residential,IND-AP-VSP-DVD-LP220-B220-F02-204
PROP-B220-F03-U301,B220,LP220,3,301,47.5,Residential,IND-AP-VSP-DVD-LP220-B220-F03-301
PROP-B220-F03-U302,B220,LP220,3,302,47.5,Residential,IND-AP-VSP-DVD-LP220-B220-F03-302
PROP-B220-F03-U303,B220,LP220,3,303,47.5,Residential,IND-AP-VSP-DVD-LP220-B220-F03-303
PROP-B220-F03-U304,B220,LP220,3,304,47.5,Residential,IND-AP-VSP-DVD-LP220-B220-F03-304
PROP-B220-F04-U401,B220,LP220,4,401,47.5,Residential,IND-AP-VSP-DVD-LP220-B220-F04-401
PROP-B220-F04-U402,B220,LP220,4,402,47.5,Residential,IND-AP-VSP-DVD-LP220-B220-F04-402
PROP-B220-F04-U403,B220,LP220,4,403,47.5,Residential,IND-AP-VSP-DVD-LP220-B220-F04-403
PROP-B220-F04-U404,B220,LP220,4,404,47.5,Residential,IND-AP-VSP-DVD-LP220-B220-F04-404
PROP-B220-F05-U501,B220,LP220,5,501,47.5,Residential,IND-AP-VSP-DVD-LP220-B220-F05-501
PROP-B220-F05-U502,B220,LP220,5,502,47.5,Residential,IND-AP-VSP-DVD-LP220-B220-F05-502
PROP-B220-F05-U503,B220,LP220,5,503,47.5,Residential,IND-AP-VSP-DVD-LP220-B220-F05-503
PROP-B220-F05-U504,B220,LP220,5,504,47.5,Residential,IND-AP-VSP-DVD-LP220-B220-F05-504
PROP-B221-F01-U101,B221,LP221,1,101,60,Residential,IND-AP-VSP-DVD-LP221-B221-F01-101
PROP-B221-F01-U102,B221,LP221,1,102,60,Residential,IND-AP-VSP-DVD-LP221-B221-F01-102
PROP-B221-F01-U103,B221,LP221,1,103,60,Residential,IND-AP-VSP-DVD-LP221-B221-F01-103
PROP-B221-F01-U104,B221,LP221,1,104,60,Residential,IND-AP-VSP-DVD-LP221-B221-F01-104
PROP-B221-F02-U201,B221,LP221,2,201,60,Residential,IND-AP-VSP-DVD-LP221-B221-F02-201
PROP-B221-F02-U202,B221,LP221,2,202,60,Residential,IND-AP-VSP-DVD-LP221-B221-F02-202
PROP-B221-F02-U203,B221,LP221,2,203,60,Residential,IND-AP-VSP-DVD-LP221-B221-F02-203
PROP-B221-F02-U204,B221,LP221,2,204,60,Residential,IND-AP-VSP-DVD-LP221-B221-F02-204
PROP-B221-F03-U301,B221,LP221,3,301,60,Residential,IND-AP-VSP-DVD-LP221-B221-F03-301
PROP-B221-F03-U302,B221,LP221,3,302,60,Residential,IND-AP-VSP-DVD-LP221-B221-F03-302
PROP-B221-F03-U303,B221,LP221,3,303,60,Residential,IND-AP-VSP-DVD-LP221-B221-F03-303
PROP-B221-F03-U304,B221,LP221,3,304,60,Residential,IND-AP-VSP-DVD-LP221-B221-F03-304
PROP-B221-F04-U401,B221,LP221,4,401,60,Residential,IND-AP-VSP-DVD-LP221-B221-F04-401
PROP-B221-F04-U402,B221,LP221,4,402,60,Residential,IND-AP-VSP-DVD-LP221-B221-F04-402
PROP-B221-F04-U403,B221,LP221,4,403,60,Residential,IND-AP-VSP-DVD-LP221-B221-F04-403
PROP-B221-F04-U404,B221,LP221,4,404,60,Residential,IND-AP-VSP-DVD-LP221-B221-F04-404
PROP-B221-F05-U501,B221,LP221,5,501,60,Residential,IND-AP-VSP-DVD-LP221-B221-F05-501
PROP-B221-F05-U502,B221,LP221,5,502,60,Residential,IND-AP-VSP-DVD-LP221-B221-F05-502
PROP-B221-F05-U503,B221,LP221,5,503,60,Residential,IND-AP-VSP-DVD-LP221-B221-F05-503
PROP-B221-F05-U504,B221,LP221,5,504,60,Residential,IND-AP-VSP-DVD-LP221-B221-F05-504
PROP-B222-F01-U101,B222,LP222,1,101,120.8,Shop,IND-AP-VSP-DVD-LP222-B222-F01-101
PROP-B222-F01-U102,B222,LP222,1,102,120.8,Shop,IND-AP-VSP-DVD-LP222-B222-F01-102
PROP-B222-F01-U103,B222,LP222,1,103,120.8,Shop,IND-AP-VSP-DVD-LP222-B222-F01-103
PROP-B222-F02-U201,B222,LP222,2,201,120.8,Office,IND-AP-VSP-DVD-LP222-B222-F02-201
PROP-B222-F02-U202,B222,LP222,2,202,120.8,Office,IND-AP-VSP-DVD-LP222-B222-F02-202
PROP-B222-F02-U203,B222,LP222,2,203,120.8,Office,IND-AP-VSP-DVD-LP222-B222-F02-203
PROP-B222-F03-U301,B222,LP222,3,301,120.8,Office,IND-AP-VSP-DVD-LP222-B222-F03-301
PROP-B222-F03-U302,B222,LP222,3,302,120.8,Office,IND-AP-VSP-DVD-LP222-B222-F03-302
PROP-B222-F03-U303,B222,LP222,3,303,120.8,Office,IND-AP-VSP-DVD-LP222-B222-F03-303
PROP-B222-F04-U401,B222,LP222,4,401,120.8,Office,IND-AP-VSP-DVD-LP222-B222-F04-401
PROP-B222-F04-U402,B222,LP222,4,402,120.8,Office,IND-AP-VSP-DVD-LP222-B222-F04-402
PROP-B222-F04-U403,B222,LP222,4,403,120.8,Office,IND-AP-VSP-DVD-LP222-B222-F04-403
PROP-B223-F01-U101,B223,LP223,1,101,86.4,Residential,IND-AP-VSP-DVD-LP223-B223-F01-101
PROP-B223-F02-U201,B223,LP223,2,201,86.4,Residential,IND-AP-VSP-DVD-LP223-B223-F02-201
PROP-B224-F01-U101,B224,LP224,1,101,45.5,Residential,IND-AP-VSP-DVD-LP224-B224-F01-101
PROP-B224-F01-U102,B224,LP224,1,102,45.5,Residential,IND-AP-VSP-DVD-LP224-B224-F01-102
PROP-B224-F01-U103,B224,LP224,1,103,45.5,Residential,IND-AP-VSP-DVD-LP224-B224-F01-103
PROP-B224-F01-U104,B224,LP224,1,104,45.5,Residential,IND-AP-VSP-DVD-LP224-B224-F01-104
PROP-B224-F02-U201,B224,LP224,2,201,45.5,Residential,IND-AP-VSP-DVD-LP224-B224-F02-201
PROP-B224-F02-U202,B224,LP224,2,202,45.5,Residential,IND-AP-VSP-DVD-LP224-B224-F02-202
PROP-B224-F02-U203,B224,LP224,2,203,45.5,Residential,IND-AP-VSP-DVD-LP224-B224-F02-203
PROP-B224-F02-U204,B224,LP224,2,204,45.5,Residential,IND-AP-VSP-DVD-LP224-B224-F02-204
PROP-B224-F03-U301,B224,LP224,3,301,45.5,Residential,IND-AP-VSP-DVD-LP224-B224-F03-301
PROP-B224-F03-U302,B224,LP224,3,302,45.5,Residential,IND-AP-VSP-DVD-LP224-B224-F03-302
PROP-B224-F03-U303,B224,LP224,3,303,45.5,Residential,IND-AP-VSP-DVD-LP224-B224-F03-303
PROP-B224-F03-U304,B224,LP224,3,304,45.5,Residential,IND-AP-VSP-DVD-LP224-B224-F03-304
PROP-B224-F04-U401,B224,LP224,4,401,45.5,Residential,IND-AP-VSP-DVD-LP224-B224-F04-401
PROP-B224-F04-U402,B224,LP224,4,402,45.5,Residential,IND-AP-VSP-DVD-LP224-B224-F04-402
PROP-B224-F04-U403,B224,LP224,4,403,45.5,Residential,IND-AP-VSP-DVD-LP224-B224-F04-403
PROP-B224-F04-U404,B224,LP224,4,404,45.5,Residential,IND-AP-VSP-DVD-LP224-B224-F04-404
PROP-B224-F05-U501,B224,LP224,5,501,45.5,Residential,IND-AP-VSP-DVD-LP224-B224-F05-501
PROP-B224-F05-U502,B224,LP224,5,502,45.5,Residential,IND-AP-VSP-DVD-LP224-B224-F05-502
PROP-B224-F05-U503,B224,LP224,5,503,45.5,Residential,IND-AP-VSP-DVD-LP224-B224-F05-503
PROP-B224-F05-U504,B224,LP224,5,504,45.5,Residential,IND-AP-VSP-DVD-LP224-B224-F05-504
PROP-B225-F01-U101,B225,LP225,1,101,105.1,Residential,IND-AP-VSP-DVD-LP225-B225-F01-101
PROP-B225-F02-U201,B225,LP225,2,201,105.1,Residential,IND-AP-VSP-DVD-LP225-B225-F02-201
PROP-B226-F01-U101,B226,LP226,1,101,141.6,Shop,IND-AP-VSP-DVD-LP226-B226-F01-101
PROP-B226-F01-U102,B226,LP226,1,102,141.6,Shop,IND-AP-VSP-DVD-LP226-B226-F01-102
PROP-B226-F01-U103,B226,LP226,1,103,141.6,Shop,IND-AP-VSP-DVD-LP226-B226-F01-103
PROP-B226-F02-U201,B226,LP226,2,201,141.6,Office,IND-AP-VSP-DVD-LP226-B226-F02-201
PROP-B226-F02-U202,B226,LP226,2,202,141.6,Office,IND-AP-VSP-DVD-LP226-B226-F02-202
PROP-B226-F02-U203,B226,LP226,2,203,141.6,Office,IND-AP-VSP-DVD-LP226-B226-F02-203
PROP-B226-F03-U301,B226,LP226,3,301,141.6,Office,IND-AP-VSP-DVD-LP226-B226-F03-301
PROP-B226-F03-U302,B226,LP226,3,302,141.6,Office,IND-AP-VSP-DVD-LP226-B226-F03-302
PROP-B226-F03-U303,B226,LP226,3,303,141.6,Office,IND-AP-VSP-DVD-LP226-B226-F03-303
PROP-B226-F04-U401,B226,LP226,4,401,141.6,Office,IND-AP-VSP-DVD-LP226-B226-F04-401
PROP-B226-F04-U402,B226,LP226,4,402,141.6,Office,IND-AP-VSP-DVD-LP226-B226-F04-402
PROP-B226-F04-U403,B226,LP226,4,403,141.6,Office,IND-AP-VSP-DVD-LP226-B226-F04-403
PROP-B227-F01-U101,B227,LP227,1,101,117.1,Residential,IND-AP-VSP-DVD-LP227-B227-F01-101
PROP-B227-F02-U201,B227,LP227,2,201,117.1,Residential,IND-AP-VSP-DVD-LP227-B227-F02-201
PROP-B228-F01-U101,B228,LP228,1,101,52.9,Residential,IND-AP-VSP-DVD-LP228-B228-F01-101
PROP-B228-F01-U102,B228,LP228,1,102,52.9,Residential,IND-AP-VSP-DVD-LP228-B228-F01-102
PROP-B228-F01-U103,B228,LP228,1,103,52.9,Residential,IND-AP-VSP-DVD-LP228-B228-F01-103
PROP-B228-F01-U104,B228,LP228,1,104,52.9,Residential,IND-AP-VSP-DVD-LP228-B228-F01-104
PROP-B228-F02-U201,B228,LP228,2,201,52.9,Residential,IND-AP-VSP-DVD-LP228-B228-F02-201
PROP-B228-F02-U202,B228,LP228,2,202,52.9,Residential,IND-AP-VSP-DVD-LP228-B228-F02-202
PROP-B228-F02-U203,B228,LP228,2,203,52.9,Residential,IND-AP-VSP-DVD-LP228-B228-F02-203
PROP-B228-F02-U204,B228,LP228,2,204,52.9,Residential,IND-AP-VSP-DVD-LP228-B228-F02-204
PROP-B228-F03-U301,B228,LP228,3,301,52.9,Residential,IND-AP-VSP-DVD-LP228-B228-F03-301
PROP-B228-F03-U302,B228,LP228,3,302,52.9,Residential,IND-AP-VSP-DVD-LP228-B228-F03-302
PROP-B228-F03-U303,B228,LP228,3,303,52.9,Residential,IND-AP-VSP-DVD-LP228-B228-F03-303
PROP-B228-F03-U304,B228,LP228,3,304,52.9,Residential,IND-AP-VSP-DVD-LP228-B228-F03-304
PROP-B228-F04-U401,B228,LP228,4,401,52.9,Residential,IND-AP-VSP-DVD-LP228-B228-F04-401
PROP-B228-F04-U402,B228,LP228,4,402,52.9,Residential,IND-AP-VSP-DVD-LP228-B228-F04-402
PROP-B228-F04-U403,B228,LP228,4,403,52.9,Residential,IND-AP-VSP-DVD-LP228-B228-F04-403
PROP-B228-F04-U404,B228,LP228,4,404,52.9,Residential,IND-AP-VSP-DVD-LP228-B228-F04-404
PROP-B228-F05-U501,B228,LP228,5,501,52.9,Residential,IND-AP-VSP-DVD-LP228-B228-F05-501
PROP-B228-F05-U502,B228,LP228,5,502,52.9,Residential,IND-AP-VSP-DVD-LP228-B228-F05-502
PROP-B228-F05-U503,B228,LP228,5,503,52.9,Residential,IND-AP-VSP-DVD-LP228-B228-F05-503
PROP-B228-F05-U504,B228,LP228,5,504,52.9,Residential,IND-AP-VSP-DVD-LP228-B228-F05-504
PROP-B229-F01-U101,B229,LP229,1,101,81.8,Residential,IND-AP-VSP-DVD-LP229-B229-F01-101
PROP-B229-F01-U102,B229,LP229,1,102,81.8,Residential,IND-AP-VSP-DVD-LP229-B229-F01-102
PROP-B229-F01-U103,B229,LP229,1,103,81.8,Residential,IND-AP-VSP-DVD-LP229-B229-F01-103
PROP-B229-F01-U104,B229,LP229,1,104,81.8,Residential,IND-AP-VSP-DVD-LP229-B229-F01-104
PROP-B229-F02-U201,B229,LP229,2,201,81.8,Residential,IND-AP-VSP-DVD-LP229-B229-F02-201
PROP-B229-F02-U202,B229,LP229,2,202,81.8,Residential,IND-AP-VSP-DVD-LP229-B229-F02-202
PROP-B229-F02-U203,B229,LP229,2,203,81.8,Residential,IND-AP-VSP-DVD-LP229-B229-F02-203
PROP-B229-F02-U204,B229,LP229,2,204,81.8,Residential,IND-AP-VSP-DVD-LP229-B229-F02-204
PROP-B229-F03-U301,B229,LP229,3,301,81.8,Residential,IND-AP-VSP-DVD-LP229-B229-F03-301
PROP-B229-F03-U302,B229,LP229,3,302,81.8,Residential,IND-AP-VSP-DVD-LP229-B229-F03-302
PROP-B229-F03-U303,B229,LP229,3,303,81.8,Residential,IND-AP-VSP-DVD-LP229-B229-F03-303
PROP-B229-F03-U304,B229,LP229,3,304,81.8,Residential,IND-AP-VSP-DVD-LP229-B229-F03-304
PROP-B229-F04-U401,B229,LP229,4,401,81.8,Residential,IND-AP-VSP-DVD-LP229-B229-F04-401
PROP-B229-F04-U402,B229,LP229,4,402,81.8,Residential,IND-AP-VSP-DVD-LP229-B229-F04-402
PROP-B229-F04-U403,B229,LP229,4,403,81.8,Residential,IND-AP-VSP-DVD-LP229-B229-F04-403
PROP-B229-F04-U404,B229,LP229,4,404,81.8,Residential,IND-AP-VSP-DVD-LP229-B229-F04-404
PROP-B229-F05-U501,B229,LP229,5,501,81.8,Residential,IND-AP-VSP-DVD-LP229-B229-F05-501
PROP-B229-F05-U502,B229,LP229,5,502,81.8,Residential,IND-AP-VSP-DVD-LP229-B229-F05-502
PROP-B229-F05-U503,B229,LP229,5,503,81.8,Residential,IND-AP-VSP-DVD-LP229-B229-F05-503
PROP-B229-F05-U504,B229,LP229,5,504,81.8,Residential,IND-AP-VSP-DVD-LP229-B229-F05-504
PROP-B230-F01-U101,B230,LP230,1,101,54.9,Residential,IND-AP-VSP-DVD-LP230-B230-F01-101
PROP-B230-F01-U102,B230,LP230,1,102,54.9,Residential,IND-AP-VSP-DVD-LP230-B230-F01-102
PROP-B230-F01-U103,B230,LP230,1,103,54.9,Residential,IND-AP-VSP-DVD-LP230-B230-F01-103
PROP-B230-F01-U104,B230,LP230,1,104,54.9,Residential,IND-AP-VSP-DVD-LP230-B230-F01-104
PROP-B230-F02-U201,B230,LP230,2,201,54.9,Residential,IND-AP-VSP-DVD-LP230-B230-F02-201
PROP-B230-F02-U202,B230,LP230,2,202,54.9,Residential,IND-AP-VSP-DVD-LP230-B230-F02-202
PROP-B230-F02-U203,B230,LP230,2,203,54.9,Residential,IND-AP-VSP-DVD-LP230-B230-F02-203
PROP-B230-F02-U204,B230,LP230,2,204,54.9,Residential,IND-AP-VSP-DVD-LP230-B230-F02-204
PROP-B230-F03-U301,B230,LP230,3,301,54.9,Residential,IND-AP-VSP-DVD-LP230-B230-F03-301
PROP-B230-F03-U302,B230,LP230,3,302,54.9,Residential,IND-AP-VSP-DVD-LP230-B230-F03-302
PROP-B230-F03-U303,B230,LP230,3,303,54.9,Residential,IND-AP-VSP-DVD-LP230-B230-F03-303
PROP-B230-F03-U304,B230,LP230,3,304,54.9,Residential,IND-AP-VSP-DVD-LP230-B230-F03-304
PROP-B230-F04-U401,B230,LP230,4,401,54.9,Residential,IND-AP-VSP-DVD-LP230-B230-F04-401
PROP-B230-F04-U402,B230,LP230,4,402,54.9,Residential,IND-AP-VSP-DVD-LP230-B230-F04-402
PROP-B230-F04-U403,B230,LP230,4,403,54.9,Residential,IND-AP-VSP-DVD-LP230-B230-F04-403
PROP-B230-F04-U404,B230,LP230,4,404,54.9,Residential,IND-AP-VSP-DVD-LP230-B230-F04-404
PROP-B230-F05-U501,B230,LP230,5,501,54.9,Residential,IND-AP-VSP-DVD-LP230-B230-F05-501
PROP-B230-F05-U502,B230,LP230,5,502,54.9,Residential,IND-AP-VSP-DVD-LP230-B230-F05-502
PROP-B230-F05-U503,B230,LP230,5,503,54.9,Residential,IND-AP-VSP-DVD-LP230-B230-F05-503
PROP-B230-F05-U504,B230,LP230,5,504,54.9,Residential,IND-AP-VSP-DVD-LP230-B230-F05-504
PROP-B231-F01-U101,B231,LP231,1,101,52.6,Residential,IND-AP-VSP-DVD-LP231-B231-F01-101
PROP-B231-F01-U102,B231,LP231,1,102,52.6,Residential,IND-AP-VSP-DVD-LP231-B231-F01-102
PROP-B231-F01-U103,B231,LP231,1,103,52.6,Residential,IND-AP-VSP-DVD-LP231-B231-F01-103
PROP-B231-F01-U104,B231,LP231,1,104,52.6,Residential,IND-AP-VSP-DVD-LP231-B231-F01-104
PROP-B231-F02-U201,B231,LP231,2,201,52.6,Residential,IND-AP-VSP-DVD-LP231-B231-F02-201
PROP-B231-F02-U202,B231,LP231,2,202,52.6,Residential,IND-AP-VSP-DVD-LP231-B231-F02-202
PROP-B231-F02-U203,B231,LP231,2,203,52.6,Residential,IND-AP-VSP-DVD-LP231-B231-F02-203
PROP-B231-F02-U204,B231,LP231,2,204,52.6,Residential,IND-AP-VSP-DVD-LP231-B231-F02-204
PROP-B231-F03-U301,B231,LP231,3,301,52.6,Residential,IND-AP-VSP-DVD-LP231-B231-F03-301
PROP-B231-F03-U302,B231,LP231,3,302,52.6,Residential,IND-AP-VSP-DVD-LP231-B231-F03-302
PROP-B231-F03-U303,B231,LP231,3,303,52.6,Residential,IND-AP-VSP-DVD-LP231-B231-F03-303
PROP-B231-F03-U304,B231,LP231,3,304,52.6,Residential,IND-AP-VSP-DVD-LP231-B231-F03-304
PROP-B231-F04-U401,B231,LP231,4,401,52.6,Residential,IND-AP-VSP-DVD-LP231-B231-F04-401
PROP-B231-F04-U402,B231,LP231,4,402,52.6,Residential,IND-AP-VSP-DVD-LP231-B231-F04-402
PROP-B231-F04-U403,B231,LP231,4,403,52.6,Residential,IND-AP-VSP-DVD-LP231-B231-F04-403
PROP-B231-F04-U404,B231,LP231,4,404,52.6,Residential,IND-AP-VSP-DVD-LP231-B231-F04-404
PROP-B231-F05-U501,B231,LP231,5,501,52.6,Residential,IND-AP-VSP-DVD-LP231-B231-F05-501
PROP-B231-F05-U502,B231,LP231,5,502,52.6,Residential,IND-AP-VSP-DVD-LP231-B231-F05-502
PROP-B231-F05-U503,B231,LP231,5,503,52.6,Residential,IND-AP-VSP-DVD-LP231-B231-F05-503
PROP-B231-F05-U504,B231,LP231,5,504,52.6,Residential,IND-AP-VSP-DVD-LP231-B231-F05-504
PROP-B232-F01-U101,B232,LP232,1,101,111.8,Residential,IND-AP-VSP-DVD-LP232-B232-F01-101
PROP-B232-F02-U201,B232,LP232,2,201,111.8,Residential,IND-AP-VSP-DVD-LP232-B232-F02-201
PROP-B233-F01-U101,B233,LP233,1,101,87.5,Residential,IND-AP-VSP-DVD-LP233-B233-F01-101
PROP-B233-F02-U201,B233,LP233,2,201,87.5,Residential,IND-AP-VSP-DVD-LP233-B233-F02-201
PROP-B234-F01-U101,B234,LP234,1,101,144,Residential,IND-AP-VSP-DVD-LP234-B234-F01-101
PROP-B234-F02-U201,B234,LP234,2,201,144,Residential,IND-AP-VSP-DVD-LP234-B234-F02-201
PROP-B235-F01-U101,B235,LP235,1,101,120.1,Residential,IND-AP-VSP-DVD-LP235-B235-F01-101
PROP-B235-F02-U201,B235,LP235,2,201,120.1,Residential,IND-AP-VSP-DVD-LP235-B235-F02-201
PROP-B236-F01-U101,B236,LP236,1,101,126.1,Residential,IND-AP-VSP-DVD-LP236-B236-F01-101
PROP-B236-F02-U201,B236,LP236,2,201,126.1,Residential,IND-AP-VSP-DVD-LP236-B236-F02-201
PROP-B237-F01-U101,B237,LP237,1,101,117,Residential,IND-AP-VSP-DVD-LP237-B237-F01-101
PROP-B237-F02-U201,B237,LP237,2,201,117,Residential,IND-AP-VSP-DVD-LP237-B237-F02-201
PROP-B238-F01-U101,B238,LP238,1,101,44.4,Residential,IND-AP-VSP-DVD-LP238-B238-F01-101
PROP-B238-F01-U102,B238,LP238,1,102,44.4,Residential,IND-AP-VSP-DVD-LP238-B238-F01-102
PROP-B238-F01-U103,B238,LP238,1,103,44.4,Residential,IND-AP-VSP-DVD-LP238-B238-F01-103
PROP-B238-F01-U104,B238,LP238,1,104,44.4,Residential,IND-AP-VSP-DVD-LP238-B238-F01-104
PROP-B238-F02-U201,B238,LP238,2,201,44.4,Residential,IND-AP-VSP-DVD-LP238-B238-F02-201
PROP-B238-F02-U202,B238,LP238,2,202,44.4,Residential,IND-AP-VSP-DVD-LP238-B238-F02-202
PROP-B238-F02-U203,B238,LP238,2,203,44.4,Residential,IND-AP-VSP-DVD-LP238-B238-F02-203
PROP-B238-F02-U204,B238,LP238,2,204,44.4,Residential,IND-AP-VSP-DVD-LP238-B238-F02-204
PROP-B238-F03-U301,B238,LP238,3,301,44.4,Residential,IND-AP-VSP-DVD-LP238-B238-F03-301
PROP-B238-F03-U302,B238,LP238,3,302,44.4,Residential,IND-AP-VSP-DVD-LP238-B238-F03-302
PROP-B238-F03-U303,B238,LP238,3,303,44.4,Residential,IND-AP-VSP-DVD-LP238-B238-F03-303
PROP-B238-F03-U304,B238,LP238,3,304,44.4,Residential,IND-AP-VSP-DVD-LP238-B238-F03-304
PROP-B238-F04-U401,B238,LP238,4,401,44.4,Residential,IND-AP-VSP-DVD-LP238-B238-F04-401
PROP-B238-F04-U402,B238,LP238,4,402,44.4,Residential,IND-AP-VSP-DVD-LP238-B238-F04-402
PROP-B238-F04-U403,B238,LP238,4,403,44.4,Residential,IND-AP-VSP-DVD-LP238-B238-F04-403
PROP-B238-F04-U404,B238,LP238,4,404,44.4,Residential,IND-AP-VSP-DVD-LP238-B238-F04-404
PROP-B238-F05-U501,B238,LP238,5,501,44.4,Residential,IND-AP-VSP-DVD-LP238-B238-F05-501
PROP-B238-F05-U502,B238,LP238,5,502,44.4,Residential,IND-AP-VSP-DVD-LP238-B238-F05-502
PROP-B238-F05-U503,B238,LP238,5,503,44.4,Residential,IND-AP-VSP-DVD-LP238-B238-F05-503
PROP-B238-F05-U504,B238,LP238,5,504,44.4,Residential,IND-AP-VSP-DVD-LP238-B238-F05-504
PROP-B239-F01-U101,B239,LP239,1,101,125,Residential,IND-AP-VSP-DVD-LP239-B239-F01-101
PROP-B239-F02-U201,B239,LP239,2,201,125,Residential,IND-AP-VSP-DVD-LP239-B239-F02-201
PROP-B240-F01-U101,B240,LP240,1,101,116.4,Residential,IND-AP-VSP-DVD-LP240-B240-F01-101
PROP-B240-F02-U201,B240,LP240,2,201,116.4,Residential,IND-AP-VSP-DVD-LP240-B240-F02-201
PROP-B241-F01-U101,B241,LP241,1,101,67.8,Residential,IND-AP-VSP-DVD-LP241-B241-F01-101
PROP-B241-F01-U102,B241,LP241,1,102,67.8,Residential,IND-AP-VSP-DVD-LP241-B241-F01-102
PROP-B241-F01-U103,B241,LP241,1,103,67.8,Residential,IND-AP-VSP-DVD-LP241-B241-F01-103
PROP-B241-F01-U104,B241,LP241,1,104,67.8,Residential,IND-AP-VSP-DVD-LP241-B241-F01-104
PROP-B241-F02-U201,B241,LP241,2,201,67.8,Residential,IND-AP-VSP-DVD-LP241-B241-F02-201
PROP-B241-F02-U202,B241,LP241,2,202,67.8,Residential,IND-AP-VSP-DVD-LP241-B241-F02-202
PROP-B241-F02-U203,B241,LP241,2,203,67.8,Residential,IND-AP-VSP-DVD-LP241-B241-F02-203
PROP-B241-F02-U204,B241,LP241,2,204,67.8,Residential,IND-AP-VSP-DVD-LP241-B241-F02-204
PROP-B241-F03-U301,B241,LP241,3,301,67.8,Residential,IND-AP-VSP-DVD-LP241-B241-F03-301
PROP-B241-F03-U302,B241,LP241,3,302,67.8,Residential,IND-AP-VSP-DVD-LP241-B241-F03-302
PROP-B241-F03-U303,B241,LP241,3,303,67.8,Residential,IND-AP-VSP-DVD-LP241-B241-F03-303
PROP-B241-F03-U304,B241,LP241,3,304,67.8,Residential,IND-AP-VSP-DVD-LP241-B241-F03-304
PROP-B241-F04-U401,B241,LP241,4,401,67.8,Residential,IND-AP-VSP-DVD-LP241-B241-F04-401
PROP-B241-F04-U402,B241,LP241,4,402,67.8,Residential,IND-AP-VSP-DVD-LP241-B241-F04-402
PROP-B241-F04-U403,B241,LP241,4,403,67.8,Residential,IND-AP-VSP-DVD-LP241-B241-F04-403
PROP-B241-F04-U404,B241,LP241,4,404,67.8,Residential,IND-AP-VSP-DVD-LP241-B241-F04-404
PROP-B241-F05-U501,B241,LP241,5,501,67.8,Residential,IND-AP-VSP-DVD-LP241-B241-F05-501
PROP-B241-F05-U502,B241,LP241,5,502,67.8,Residential,IND-AP-VSP-DVD-LP241-B241-F05-502
PROP-B241-F05-U503,B241,LP241,5,503,67.8,Residential,IND-AP-VSP-DVD-LP241-B241-F05-503
PROP-B241-F05-U504,B241,LP241,5,504,67.8,Residential,IND-AP-VSP-DVD-LP241-B241-F05-504
PROP-B242-F01-U101,B242,LP242,1,101,120.4,Residential,IND-AP-VSP-DVD-LP242-B242-F01-101
PROP-B242-F02-U201,B242,LP242,2,201,120.4,Residential,IND-AP-VSP-DVD-LP242-B242-F02-201
PROP-B243-F01-U101,B243,LP243,1,101,194.2,Shop,IND-AP-VSP-DVD-LP243-B243-F01-101
PROP-B243-F01-U102,B243,LP243,1,102,194.2,Shop,IND-AP-VSP-DVD-LP243-B243-F01-102
PROP-B243-F01-U103,B243,LP243,1,103,194.2,Shop,IND-AP-VSP-DVD-LP243-B243-F01-103
PROP-B243-F02-U201,B243,LP243,2,201,194.2,Office,IND-AP-VSP-DVD-LP243-B243-F02-201
PROP-B243-F02-U202,B243,LP243,2,202,194.2,Office,IND-AP-VSP-DVD-LP243-B243-F02-202
PROP-B243-F02-U203,B243,LP243,2,203,194.2,Office,IND-AP-VSP-DVD-LP243-B243-F02-203
PROP-B243-F03-U301,B243,LP243,3,301,194.2,Office,IND-AP-VSP-DVD-LP243-B243-F03-301
PROP-B243-F03-U302,B243,LP243,3,302,194.2,Office,IND-AP-VSP-DVD-LP243-B243-F03-302
PROP-B243-F03-U303,B243,LP243,3,303,194.2,Office,IND-AP-VSP-DVD-LP243-B243-F03-303
PROP-B243-F04-U401,B243,LP243,4,401,194.2,Office,IND-AP-VSP-DVD-LP243-B243-F04-401
PROP-B243-F04-U402,B243,LP243,4,402,194.2,Office,IND-AP-VSP-DVD-LP243-B243-F04-402
PROP-B243-F04-U403,B243,LP243,4,403,194.2,Office,IND-AP-VSP-DVD-LP243-B243-F04-403
PROP-B244-F01-U101,B244,LP244,1,101,150.1,Shop,IND-AP-VSP-DVD-LP244-B244-F01-101
PROP-B244-F01-U102,B244,LP244,1,102,150.1,Shop,IND-AP-VSP-DVD-LP244-B244-F01-102
PROP-B244-F01-U103,B244,LP244,1,103,150.1,Shop,IND-AP-VSP-DVD-LP244-B244-F01-103
PROP-B244-F02-U201,B244,LP244,2,201,150.1,Office,IND-AP-VSP-DVD-LP244-B244-F02-201
PROP-B244-F02-U202,B244,LP244,2,202,150.1,Office,IND-AP-VSP-DVD-LP244-B244-F02-202
PROP-B244-F02-U203,B244,LP244,2,203,150.1,Office,IND-AP-VSP-DVD-LP244-B244-F02-203
PROP-B244-F03-U301,B244,LP244,3,301,150.1,Office,IND-AP-VSP-DVD-LP244-B244-F03-301
PROP-B244-F03-U302,B244,LP244,3,302,150.1,Office,IND-AP-VSP-DVD-LP244-B244-F03-302
PROP-B244-F03-U303,B244,LP244,3,303,150.1,Office,IND-AP-VSP-DVD-LP244-B244-F03-303
PROP-B244-F04-U401,B244,LP244,4,401,150.1,Office,IND-AP-VSP-DVD-LP244-B244-F04-401
PROP-B244-F04-U402,B244,LP244,4,402,150.1,Office,IND-AP-VSP-DVD-LP244-B244-F04-402
PROP-B244-F04-U403,B244,LP244,4,403,150.1,Office,IND-AP-VSP-DVD-LP244-B244-F04-403
PROP-B245-F01-U101,B245,LP245,1,101,124.8,Shop,IND-AP-VSP-DVD-LP245-B245-F01-101
PROP-B245-F01-U102,B245,LP245,1,102,124.8,Shop,IND-AP-VSP-DVD-LP245-B245-F01-102
PROP-B245-F01-U103,B245,LP245,1,103,124.8,Shop,IND-AP-VSP-DVD-LP245-B245-F01-103
PROP-B245-F02-U201,B245,LP245,2,201,124.8,Office,IND-AP-VSP-DVD-LP245-B245-F02-201
PROP-B245-F02-U202,B245,LP245,2,202,124.8,Office,IND-AP-VSP-DVD-LP245-B245-F02-202
PROP-B245-F02-U203,B245,LP245,2,203,124.8,Office,IND-AP-VSP-DVD-LP245-B245-F02-203
PROP-B245-F03-U301,B245,LP245,3,301,124.8,Office,IND-AP-VSP-DVD-LP245-B245-F03-301
PROP-B245-F03-U302,B245,LP245,3,302,124.8,Office,IND-AP-VSP-DVD-LP245-B245-F03-302
PROP-B245-F03-U303,B245,LP245,3,303,124.8,Office,IND-AP-VSP-DVD-LP245-B245-F03-303
PROP-B245-F04-U401,B245,LP245,4,401,124.8,Office,IND-AP-VSP-DVD-LP245-B245-F04-401
PROP-B245-F04-U402,B245,LP245,4,402,124.8,Office,IND-AP-VSP-DVD-LP245-B245-F04-402
PROP-B245-F04-U403,B245,LP245,4,403,124.8,Office,IND-AP-VSP-DVD-LP245-B245-F04-403
PROP-B246-F01-U101,B246,LP246,1,101,152.8,Residential,IND-AP-VSP-DVD-LP246-B246-F01-101
PROP-B246-F02-U201,B246,LP246,2,201,152.8,Residential,IND-AP-VSP-DVD-LP246-B246-F02-201
PROP-B247-F01-U101,B247,LP247,1,101,48.4,Residential,IND-AP-VSP-DVD-LP247-B247-F01-101
PROP-B247-F01-U102,B247,LP247,1,102,48.4,Residential,IND-AP-VSP-DVD-LP247-B247-F01-102
PROP-B247-F01-U103,B247,LP247,1,103,48.4,Residential,IND-AP-VSP-DVD-LP247-B247-F01-103
PROP-B247-F01-U104,B247,LP247,1,104,48.4,Residential,IND-AP-VSP-DVD-LP247-B247-F01-104
PROP-B247-F02-U201,B247,LP247,2,201,48.4,Residential,IND-AP-VSP-DVD-LP247-B247-F02-201
PROP-B247-F02-U202,B247,LP247,2,202,48.4,Residential,IND-AP-VSP-DVD-LP247-B247-F02-202
PROP-B247-F02-U203,B247,LP247,2,203,48.4,Residential,IND-AP-VSP-DVD-LP247-B247-F02-203
PROP-B247-F02-U204,B247,LP247,2,204,48.4,Residential,IND-AP-VSP-DVD-LP247-B247-F02-204
PROP-B247-F03-U301,B247,LP247,3,301,48.4,Residential,IND-AP-VSP-DVD-LP247-B247-F03-301
PROP-B247-F03-U302,B247,LP247,3,302,48.4,Residential,IND-AP-VSP-DVD-LP247-B247-F03-302
PROP-B247-F03-U303,B247,LP247,3,303,48.4,Residential,IND-AP-VSP-DVD-LP247-B247-F03-303
PROP-B247-F03-U304,B247,LP247,3,304,48.4,Residential,IND-AP-VSP-DVD-LP247-B247-F03-304
PROP-B247-F04-U401,B247,LP247,4,401,48.4,Residential,IND-AP-VSP-DVD-LP247-B247-F04-401
PROP-B247-F04-U402,B247,LP247,4,402,48.4,Residential,IND-AP-VSP-DVD-LP247-B247-F04-402
PROP-B247-F04-U403,B247,LP247,4,403,48.4,Residential,IND-AP-VSP-DVD-LP247-B247-F04-403
PROP-B247-F04-U404,B247,LP247,4,404,48.4,Residential,IND-AP-VSP-DVD-LP247-B247-F04-404
PROP-B247-F05-U501,B247,LP247,5,501,48.4,Residential,IND-AP-VSP-DVD-LP247-B247-F05-501
PROP-B247-F05-U502,B247,LP247,5,502,48.4,Residential,IND-AP-VSP-DVD-LP247-B247-F05-502
PROP-B247-F05-U503,B247,LP247,5,503,48.4,Residential,IND-AP-VSP-DVD-LP247-B247-F05-503
PROP-B247-F05-U504,B247,LP247,5,504,48.4,Residential,IND-AP-VSP-DVD-LP247-B247-F05-504
PROP-B248-F01-U101,B248,LP248,1,101,75.2,Residential,IND-AP-VSP-DVD-LP248-B248-F01-101
PROP-B248-F01-U102,B248,LP248,1,102,75.2,Residential,IND-AP-VSP-DVD-LP248-B248-F01-102
PROP-B248-F01-U103,B248,LP248,1,103,75.2,Residential,IND-AP-VSP-DVD-LP248-B248-F01-103
PROP-B248-F01-U104,B248,LP248,1,104,75.2,Residential,IND-AP-VSP-DVD-LP248-B248-F01-104
PROP-B248-F02-U201,B248,LP248,2,201,75.2,Residential,IND-AP-VSP-DVD-LP248-B248-F02-201
PROP-B248-F02-U202,B248,LP248,2,202,75.2,Residential,IND-AP-VSP-DVD-LP248-B248-F02-202
PROP-B248-F02-U203,B248,LP248,2,203,75.2,Residential,IND-AP-VSP-DVD-LP248-B248-F02-203
PROP-B248-F02-U204,B248,LP248,2,204,75.2,Residential,IND-AP-VSP-DVD-LP248-B248-F02-204
PROP-B248-F03-U301,B248,LP248,3,301,75.2,Residential,IND-AP-VSP-DVD-LP248-B248-F03-301
PROP-B248-F03-U302,B248,LP248,3,302,75.2,Residential,IND-AP-VSP-DVD-LP248-B248-F03-302
PROP-B248-F03-U303,B248,LP248,3,303,75.2,Residential,IND-AP-VSP-DVD-LP248-B248-F03-303
PROP-B248-F03-U304,B248,LP248,3,304,75.2,Residential,IND-AP-VSP-DVD-LP248-B248-F03-304
PROP-B248-F04-U401,B248,LP248,4,401,75.2,Residential,IND-AP-VSP-DVD-LP248-B248-F04-401
PROP-B248-F04-U402,B248,LP248,4,402,75.2,Residential,IND-AP-VSP-DVD-LP248-B248-F04-402
PROP-B248-F04-U403,B248,LP248,4,403,75.2,Residential,IND-AP-VSP-DVD-LP248-B248-F04-403
PROP-B248-F04-U404,B248,LP248,4,404,75.2,Residential,IND-AP-VSP-DVD-LP248-B248-F04-404
PROP-B248-F05-U501,B248,LP248,5,501,75.2,Residential,IND-AP-VSP-DVD-LP248-B248-F05-501
PROP-B248-F05-U502,B248,LP248,5,502,75.2,Residential,IND-AP-VSP-DVD-LP248-B248-F05-502
PROP-B248-F05-U503,B248,LP248,5,503,75.2,Residential,IND-AP-VSP-DVD-LP248-B248-F05-503
PROP-B248-F05-U504,B248,LP248,5,504,75.2,Residential,IND-AP-VSP-DVD-LP248-B248-F05-504
PROP-B249-F01-U101,B249,LP249,1,101,794.1,Shop,IND-AP-VSP-DVD-LP249-B249-F01-101
PROP-B249-F01-U102,B249,LP249,1,102,794.1,Shop,IND-AP-VSP-DVD-LP249-B249-F01-102
PROP-B249-F01-U103,B249,LP249,1,103,794.1,Shop,IND-AP-VSP-DVD-LP249-B249-F01-103
PROP-B249-F02-U201,B249,LP249,2,201,794.1,Office,IND-AP-VSP-DVD-LP249-B249-F02-201
PROP-B249-F02-U202,B249,LP249,2,202,794.1,Office,IND-AP-VSP-DVD-LP249-B249-F02-202
PROP-B249-F02-U203,B249,LP249,2,203,794.1,Office,IND-AP-VSP-DVD-LP249-B249-F02-203
PROP-B249-F03-U301,B249,LP249,3,301,794.1,Office,IND-AP-VSP-DVD-LP249-B249-F03-301
PROP-B249-F03-U302,B249,LP249,3,302,794.1,Office,IND-AP-VSP-DVD-LP249-B249-F03-302
PROP-B249-F03-U303,B249,LP249,3,303,794.1,Office,IND-AP-VSP-DVD-LP249-B249-F03-303
PROP-B249-F04-U401,B249,LP249,4,401,794.1,Office,IND-AP-VSP-DVD-LP249-B249-F04-401
PROP-B249-F04-U402,B249,LP249,4,402,794.1,Office,IND-AP-VSP-DVD-LP249-B249-F04-402
PROP-B249-F04-U403,B249,LP249,4,403,794.1,Office,IND-AP-VSP-DVD-LP249-B249-F04-403
PROP-B250-F01-U101,B250,LP250,1,101,53.2,Residential,IND-AP-VSP-DVD-LP250-B250-F01-101
PROP-B250-F01-U102,B250,LP250,1,102,53.2,Residential,IND-AP-VSP-DVD-LP250-B250-F01-102
PROP-B250-F01-U103,B250,LP250,1,103,53.2,Residential,IND-AP-VSP-DVD-LP250-B250-F01-103
PROP-B250-F01-U104,B250,LP250,1,104,53.2,Residential,IND-AP-VSP-DVD-LP250-B250-F01-104
PROP-B250-F02-U201,B250,LP250,2,201,53.2,Residential,IND-AP-VSP-DVD-LP250-B250-F02-201
PROP-B250-F02-U202,B250,LP250,2,202,53.2,Residential,IND-AP-VSP-DVD-LP250-B250-F02-202
PROP-B250-F02-U203,B250,LP250,2,203,53.2,Residential,IND-AP-VSP-DVD-LP250-B250-F02-203
PROP-B250-F02-U204,B250,LP250,2,204,53.2,Residential,IND-AP-VSP-DVD-LP250-B250-F02-204
PROP-B250-F03-U301,B250,LP250,3,301,53.2,Residential,IND-AP-VSP-DVD-LP250-B250-F03-301
PROP-B250-F03-U302,B250,LP250,3,302,53.2,Residential,IND-AP-VSP-DVD-LP250-B250-F03-302
PROP-B250-F03-U303,B250,LP250,3,303,53.2,Residential,IND-AP-VSP-DVD-LP250-B250-F03-303
PROP-B250-F03-U304,B250,LP250,3,304,53.2,Residential,IND-AP-VSP-DVD-LP250-B250-F03-304
PROP-B250-F04-U401,B250,LP250,4,401,53.2,Residential,IND-AP-VSP-DVD-LP250-B250-F04-401
PROP-B250-F04-U402,B250,LP250,4,402,53.2,Residential,IND-AP-VSP-DVD-LP250-B250-F04-402
PROP-B250-F04-U403,B250,LP250,4,403,53.2,Residential,IND-AP-VSP-DVD-LP250-B250-F04-403
PROP-B250-F04-U404,B250,LP250,4,404,53.2,Residential,IND-AP-VSP-DVD-LP250-B250-F04-404
PROP-B250-F05-U501,B250,LP250,5,501,53.2,Residential,IND-AP-VSP-DVD-LP250-B250-F05-501
PROP-B250-F05-U502,B250,LP250,5,502,53.2,Residential,IND-AP-VSP-DVD-LP250-B250-F05-502
PROP-B250-F05-U503,B250,LP250,5,503,53.2,Residential,IND-AP-VSP-DVD-LP250-B250-F05-503
PROP-B250-F05-U504,B250,LP250,5,504,53.2,Residential,IND-AP-VSP-DVD-LP250-B250-F05-504
PROP-B251-F01-U101,B251,LP251,1,101,118.2,Residential,IND-AP-VSP-DVD-LP251-B251-F01-101
PROP-B251-F02-U201,B251,LP251,2,201,118.2,Residential,IND-AP-VSP-DVD-LP251-B251-F02-201
PROP-B252-F01-U101,B252,LP252,1,101,66.4,Residential,IND-AP-VSP-DVD-LP252-B252-F01-101
PROP-B252-F02-U201,B252,LP252,2,201,66.4,Residential,IND-AP-VSP-DVD-LP252-B252-F02-201
PROP-B253-F01-U101,B253,LP253,1,101,35.9,Residential,IND-AP-VSP-DVD-LP253-B253-F01-101
PROP-B253-F02-U201,B253,LP253,2,201,35.9,Residential,IND-AP-VSP-DVD-LP253-B253-F02-201
PROP-B254-F01-U101,B254,LP254,1,101,136.5,Residential,IND-AP-VSP-DVD-LP254-B254-F01-101
PROP-B254-F02-U201,B254,LP254,2,201,136.5,Residential,IND-AP-VSP-DVD-LP254-B254-F02-201
PROP-B255-F01-U101,B255,LP255,1,101,59.1,Residential,IND-AP-VSP-DVD-LP255-B255-F01-101
PROP-B255-F01-U102,B255,LP255,1,102,59.1,Residential,IND-AP-VSP-DVD-LP255-B255-F01-102
PROP-B255-F01-U103,B255,LP255,1,103,59.1,Residential,IND-AP-VSP-DVD-LP255-B255-F01-103
PROP-B255-F01-U104,B255,LP255,1,104,59.1,Residential,IND-AP-VSP-DVD-LP255-B255-F01-104
PROP-B255-F02-U201,B255,LP255,2,201,59.1,Residential,IND-AP-VSP-DVD-LP255-B255-F02-201
PROP-B255-F02-U202,B255,LP255,2,202,59.1,Residential,IND-AP-VSP-DVD-LP255-B255-F02-202
PROP-B255-F02-U203,B255,LP255,2,203,59.1,Residential,IND-AP-VSP-DVD-LP255-B255-F02-203
PROP-B255-F02-U204,B255,LP255,2,204,59.1,Residential,IND-AP-VSP-DVD-LP255-B255-F02-204
PROP-B255-F03-U301,B255,LP255,3,301,59.1,Residential,IND-AP-VSP-DVD-LP255-B255-F03-301
PROP-B255-F03-U302,B255,LP255,3,302,59.1,Residential,IND-AP-VSP-DVD-LP255-B255-F03-302
PROP-B255-F03-U303,B255,LP255,3,303,59.1,Residential,IND-AP-VSP-DVD-LP255-B255-F03-303
PROP-B255-F03-U304,B255,LP255,3,304,59.1,Residential,IND-AP-VSP-DVD-LP255-B255-F03-304
PROP-B255-F04-U401,B255,LP255,4,401,59.1,Residential,IND-AP-VSP-DVD-LP255-B255-F04-401
PROP-B255-F04-U402,B255,LP255,4,402,59.1,Residential,IND-AP-VSP-DVD-LP255-B255-F04-402
PROP-B255-F04-U403,B255,LP255,4,403,59.1,Residential,IND-AP-VSP-DVD-LP255-B255-F04-403
PROP-B255-F04-U404,B255,LP255,4,404,59.1,Residential,IND-AP-VSP-DVD-LP255-B255-F04-404
PROP-B255-F05-U501,B255,LP255,5,501,59.1,Residential,IND-AP-VSP-DVD-LP255-B255-F05-501
PROP-B255-F05-U502,B255,LP255,5,502,59.1,Residential,IND-AP-VSP-DVD-LP255-B255-F05-502
PROP-B255-F05-U503,B255,LP255,5,503,59.1,Residential,IND-AP-VSP-DVD-LP255-B255-F05-503
PROP-B255-F05-U504,B255,LP255,5,504,59.1,Residential,IND-AP-VSP-DVD-LP255-B255-F05-504
PROP-B256-F01-U101,B256,LP256,1,101,76.7,Residential,IND-AP-VSP-DVD-LP256-B256-F01-101
PROP-B256-F01-U102,B256,LP256,1,102,76.7,Residential,IND-AP-VSP-DVD-LP256-B256-F01-102
PROP-B256-F01-U103,B256,LP256,1,103,76.7,Residential,IND-AP-VSP-DVD-LP256-B256-F01-103
PROP-B256-F01-U104,B256,LP256,1,104,76.7,Residential,IND-AP-VSP-DVD-LP256-B256-F01-104
PROP-B256-F02-U201,B256,LP256,2,201,76.7,Residential,IND-AP-VSP-DVD-LP256-B256-F02-201
PROP-B256-F02-U202,B256,LP256,2,202,76.7,Residential,IND-AP-VSP-DVD-LP256-B256-F02-202
PROP-B256-F02-U203,B256,LP256,2,203,76.7,Residential,IND-AP-VSP-DVD-LP256-B256-F02-203
PROP-B256-F02-U204,B256,LP256,2,204,76.7,Residential,IND-AP-VSP-DVD-LP256-B256-F02-204
PROP-B256-F03-U301,B256,LP256,3,301,76.7,Residential,IND-AP-VSP-DVD-LP256-B256-F03-301
PROP-B256-F03-U302,B256,LP256,3,302,76.7,Residential,IND-AP-VSP-DVD-LP256-B256-F03-302
PROP-B256-F03-U303,B256,LP256,3,303,76.7,Residential,IND-AP-VSP-DVD-LP256-B256-F03-303
PROP-B256-F03-U304,B256,LP256,3,304,76.7,Residential,IND-AP-VSP-DVD-LP256-B256-F03-304
PROP-B256-F04-U401,B256,LP256,4,401,76.7,Residential,IND-AP-VSP-DVD-LP256-B256-F04-401
PROP-B256-F04-U402,B256,LP256,4,402,76.7,Residential,IND-AP-VSP-DVD-LP256-B256-F04-402
PROP-B256-F04-U403,B256,LP256,4,403,76.7,Residential,IND-AP-VSP-DVD-LP256-B256-F04-403
PROP-B256-F04-U404,B256,LP256,4,404,76.7,Residential,IND-AP-VSP-DVD-LP256-B256-F04-404
PROP-B256-F05-U501,B256,LP256,5,501,76.7,Residential,IND-AP-VSP-DVD-LP256-B256-F05-501
PROP-B256-F05-U502,B256,LP256,5,502,76.7,Residential,IND-AP-VSP-DVD-LP256-B256-F05-502
PROP-B256-F05-U503,B256,LP256,5,503,76.7,Residential,IND-AP-VSP-DVD-LP256-B256-F05-503
PROP-B256-F05-U504,B256,LP256,5,504,76.7,Residential,IND-AP-VSP-DVD-LP256-B256-F05-504
PROP-B257-F01-U101,B257,LP257,1,101,271.1,Shop,IND-AP-VSP-DVD-LP257-B257-F01-101
PROP-B257-F01-U102,B257,LP257,1,102,271.1,Shop,IND-AP-VSP-DVD-LP257-B257-F01-102
PROP-B257-F01-U103,B257,LP257,1,103,271.1,Shop,IND-AP-VSP-DVD-LP257-B257-F01-103
PROP-B257-F02-U201,B257,LP257,2,201,271.1,Office,IND-AP-VSP-DVD-LP257-B257-F02-201
PROP-B257-F02-U202,B257,LP257,2,202,271.1,Office,IND-AP-VSP-DVD-LP257-B257-F02-202
PROP-B257-F02-U203,B257,LP257,2,203,271.1,Office,IND-AP-VSP-DVD-LP257-B257-F02-203
PROP-B257-F03-U301,B257,LP257,3,301,271.1,Office,IND-AP-VSP-DVD-LP257-B257-F03-301
PROP-B257-F03-U302,B257,LP257,3,302,271.1,Office,IND-AP-VSP-DVD-LP257-B257-F03-302
PROP-B257-F03-U303,B257,LP257,3,303,271.1,Office,IND-AP-VSP-DVD-LP257-B257-F03-303
PROP-B257-F04-U401,B257,LP257,4,401,271.1,Office,IND-AP-VSP-DVD-LP257-B257-F04-401
PROP-B257-F04-U402,B257,LP257,4,402,271.1,Office,IND-AP-VSP-DVD-LP257-B257-F04-402
PROP-B257-F04-U403,B257,LP257,4,403,271.1,Office,IND-AP-VSP-DVD-LP257-B257-F04-403
PROP-B258-F01-U101,B258,LP258,1,101,54.3,Residential,IND-AP-VSP-DVD-LP258-B258-F01-101
PROP-B258-F01-U102,B258,LP258,1,102,54.3,Residential,IND-AP-VSP-DVD-LP258-B258-F01-102
PROP-B258-F01-U103,B258,LP258,1,103,54.3,Residential,IND-AP-VSP-DVD-LP258-B258-F01-103
PROP-B258-F01-U104,B258,LP258,1,104,54.3,Residential,IND-AP-VSP-DVD-LP258-B258-F01-104
PROP-B258-F02-U201,B258,LP258,2,201,54.3,Residential,IND-AP-VSP-DVD-LP258-B258-F02-201
PROP-B258-F02-U202,B258,LP258,2,202,54.3,Residential,IND-AP-VSP-DVD-LP258-B258-F02-202
PROP-B258-F02-U203,B258,LP258,2,203,54.3,Residential,IND-AP-VSP-DVD-LP258-B258-F02-203
PROP-B258-F02-U204,B258,LP258,2,204,54.3,Residential,IND-AP-VSP-DVD-LP258-B258-F02-204
PROP-B258-F03-U301,B258,LP258,3,301,54.3,Residential,IND-AP-VSP-DVD-LP258-B258-F03-301
PROP-B258-F03-U302,B258,LP258,3,302,54.3,Residential,IND-AP-VSP-DVD-LP258-B258-F03-302
PROP-B258-F03-U303,B258,LP258,3,303,54.3,Residential,IND-AP-VSP-DVD-LP258-B258-F03-303
PROP-B258-F03-U304,B258,LP258,3,304,54.3,Residential,IND-AP-VSP-DVD-LP258-B258-F03-304
PROP-B258-F04-U401,B258,LP258,4,401,54.3,Residential,IND-AP-VSP-DVD-LP258-B258-F04-401
PROP-B258-F04-U402,B258,LP258,4,402,54.3,Residential,IND-AP-VSP-DVD-LP258-B258-F04-402
PROP-B258-F04-U403,B258,LP258,4,403,54.3,Residential,IND-AP-VSP-DVD-LP258-B258-F04-403
PROP-B258-F04-U404,B258,LP258,4,404,54.3,Residential,IND-AP-VSP-DVD-LP258-B258-F04-404
PROP-B258-F05-U501,B258,LP258,5,501,54.3,Residential,IND-AP-VSP-DVD-LP258-B258-F05-501
PROP-B258-F05-U502,B258,LP258,5,502,54.3,Residential,IND-AP-VSP-DVD-LP258-B258-F05-502
PROP-B258-F05-U503,B258,LP258,5,503,54.3,Residential,IND-AP-VSP-DVD-LP258-B258-F05-503
PROP-B258-F05-U504,B258,LP258,5,504,54.3,Residential,IND-AP-VSP-DVD-LP258-B258-F05-504
PROP-B259-F01-U101,B259,LP259,1,101,51.9,Residential,IND-AP-VSP-DVD-LP259-B259-F01-101
PROP-B259-F01-U102,B259,LP259,1,102,51.9,Residential,IND-AP-VSP-DVD-LP259-B259-F01-102
PROP-B259-F01-U103,B259,LP259,1,103,51.9,Residential,IND-AP-VSP-DVD-LP259-B259-F01-103
PROP-B259-F01-U104,B259,LP259,1,104,51.9,Residential,IND-AP-VSP-DVD-LP259-B259-F01-104
PROP-B259-F02-U201,B259,LP259,2,201,51.9,Residential,IND-AP-VSP-DVD-LP259-B259-F02-201
PROP-B259-F02-U202,B259,LP259,2,202,51.9,Residential,IND-AP-VSP-DVD-LP259-B259-F02-202
PROP-B259-F02-U203,B259,LP259,2,203,51.9,Residential,IND-AP-VSP-DVD-LP259-B259-F02-203
PROP-B259-F02-U204,B259,LP259,2,204,51.9,Residential,IND-AP-VSP-DVD-LP259-B259-F02-204
PROP-B259-F03-U301,B259,LP259,3,301,51.9,Residential,IND-AP-VSP-DVD-LP259-B259-F03-301
PROP-B259-F03-U302,B259,LP259,3,302,51.9,Residential,IND-AP-VSP-DVD-LP259-B259-F03-302
PROP-B259-F03-U303,B259,LP259,3,303,51.9,Residential,IND-AP-VSP-DVD-LP259-B259-F03-303
PROP-B259-F03-U304,B259,LP259,3,304,51.9,Residential,IND-AP-VSP-DVD-LP259-B259-F03-304
PROP-B259-F04-U401,B259,LP259,4,401,51.9,Residential,IND-AP-VSP-DVD-LP259-B259-F04-401
PROP-B259-F04-U402,B259,LP259,4,402,51.9,Residential,IND-AP-VSP-DVD-LP259-B259-F04-402
PROP-B259-F04-U403,B259,LP259,4,403,51.9,Residential,IND-AP-VSP-DVD-LP259-B259-F04-403
PROP-B259-F04-U404,B259,LP259,4,404,51.9,Residential,IND-AP-VSP-DVD-LP259-B259-F04-404
PROP-B259-F05-U501,B259,LP259,5,501,51.9,Residential,IND-AP-VSP-DVD-LP259-B259-F05-501
PROP-B259-F05-U502,B259,LP259,5,502,51.9,Residential,IND-AP-VSP-DVD-LP259-B259-F05-502
PROP-B259-F05-U503,B259,LP259,5,503,51.9,Residential,IND-AP-VSP-DVD-LP259-B259-F05-503
PROP-B259-F05-U504,B259,LP259,5,504,51.9,Residential,IND-AP-VSP-DVD-LP259-B259-F05-504
PROP-B260-F01-U101,B260,LP260,1,101,232.4,Shop,IND-AP-VSP-DVD-LP260-B260-F01-101
PROP-B260-F01-U102,B260,LP260,1,102,232.4,Shop,IND-AP-VSP-DVD-LP260-B260-F01-102
PROP-B260-F01-U103,B260,LP260,1,103,232.4,Shop,IND-AP-VSP-DVD-LP260-B260-F01-103
PROP-B260-F02-U201,B260,LP260,2,201,232.4,Office,IND-AP-VSP-DVD-LP260-B260-F02-201
PROP-B260-F02-U202,B260,LP260,2,202,232.4,Office,IND-AP-VSP-DVD-LP260-B260-F02-202
PROP-B260-F02-U203,B260,LP260,2,203,232.4,Office,IND-AP-VSP-DVD-LP260-B260-F02-203
PROP-B260-F03-U301,B260,LP260,3,301,232.4,Office,IND-AP-VSP-DVD-LP260-B260-F03-301
PROP-B260-F03-U302,B260,LP260,3,302,232.4,Office,IND-AP-VSP-DVD-LP260-B260-F03-302
PROP-B260-F03-U303,B260,LP260,3,303,232.4,Office,IND-AP-VSP-DVD-LP260-B260-F03-303
PROP-B260-F04-U401,B260,LP260,4,401,232.4,Office,IND-AP-VSP-DVD-LP260-B260-F04-401
PROP-B260-F04-U402,B260,LP260,4,402,232.4,Office,IND-AP-VSP-DVD-LP260-B260-F04-402
PROP-B260-F04-U403,B260,LP260,4,403,232.4,Office,IND-AP-VSP-DVD-LP260-B260-F04-403
PROP-B261-F01-U101,B261,LP261,1,101,81.3,Residential,IND-AP-VSP-DVD-LP261-B261-F01-101
PROP-B261-F01-U102,B261,LP261,1,102,81.3,Residential,IND-AP-VSP-DVD-LP261-B261-F01-102
PROP-B261-F01-U103,B261,LP261,1,103,81.3,Residential,IND-AP-VSP-DVD-LP261-B261-F01-103
PROP-B261-F01-U104,B261,LP261,1,104,81.3,Residential,IND-AP-VSP-DVD-LP261-B261-F01-104
PROP-B261-F02-U201,B261,LP261,2,201,81.3,Residential,IND-AP-VSP-DVD-LP261-B261-F02-201
PROP-B261-F02-U202,B261,LP261,2,202,81.3,Residential,IND-AP-VSP-DVD-LP261-B261-F02-202
PROP-B261-F02-U203,B261,LP261,2,203,81.3,Residential,IND-AP-VSP-DVD-LP261-B261-F02-203
PROP-B261-F02-U204,B261,LP261,2,204,81.3,Residential,IND-AP-VSP-DVD-LP261-B261-F02-204
PROP-B261-F03-U301,B261,LP261,3,301,81.3,Residential,IND-AP-VSP-DVD-LP261-B261-F03-301
PROP-B261-F03-U302,B261,LP261,3,302,81.3,Residential,IND-AP-VSP-DVD-LP261-B261-F03-302
PROP-B261-F03-U303,B261,LP261,3,303,81.3,Residential,IND-AP-VSP-DVD-LP261-B261-F03-303
PROP-B261-F03-U304,B261,LP261,3,304,81.3,Residential,IND-AP-VSP-DVD-LP261-B261-F03-304
PROP-B261-F04-U401,B261,LP261,4,401,81.3,Residential,IND-AP-VSP-DVD-LP261-B261-F04-401
PROP-B261-F04-U402,B261,LP261,4,402,81.3,Residential,IND-AP-VSP-DVD-LP261-B261-F04-402
PROP-B261-F04-U403,B261,LP261,4,403,81.3,Residential,IND-AP-VSP-DVD-LP261-B261-F04-403
PROP-B261-F04-U404,B261,LP261,4,404,81.3,Residential,IND-AP-VSP-DVD-LP261-B261-F04-404
PROP-B261-F05-U501,B261,LP261,5,501,81.3,Residential,IND-AP-VSP-DVD-LP261-B261-F05-501
PROP-B261-F05-U502,B261,LP261,5,502,81.3,Residential,IND-AP-VSP-DVD-LP261-B261-F05-502
PROP-B261-F05-U503,B261,LP261,5,503,81.3,Residential,IND-AP-VSP-DVD-LP261-B261-F05-503
PROP-B261-F05-U504,B261,LP261,5,504,81.3,Residential,IND-AP-VSP-DVD-LP261-B261-F05-504
PROP-B262-F01-U101,B262,LP262,1,101,139.1,Residential,IND-AP-VSP-DVD-LP262-B262-F01-101
PROP-B262-F02-U201,B262,LP262,2,201,139.1,Residential,IND-AP-VSP-DVD-LP262-B262-F02-201
PROP-B263-F01-U101,B263,LP263,1,101,2392.5,Shop,IND-AP-VSP-DVD-LP263-B263-F01-101
PROP-B263-F01-U102,B263,LP263,1,102,2392.5,Shop,IND-AP-VSP-DVD-LP263-B263-F01-102
PROP-B263-F01-U103,B263,LP263,1,103,2392.5,Shop,IND-AP-VSP-DVD-LP263-B263-F01-103
PROP-B263-F02-U201,B263,LP263,2,201,2392.5,Office,IND-AP-VSP-DVD-LP263-B263-F02-201
PROP-B263-F02-U202,B263,LP263,2,202,2392.5,Office,IND-AP-VSP-DVD-LP263-B263-F02-202
PROP-B263-F02-U203,B263,LP263,2,203,2392.5,Office,IND-AP-VSP-DVD-LP263-B263-F02-203
PROP-B263-F03-U301,B263,LP263,3,301,2392.5,Office,IND-AP-VSP-DVD-LP263-B263-F03-301
PROP-B263-F03-U302,B263,LP263,3,302,2392.5,Office,IND-AP-VSP-DVD-LP263-B263-F03-302
PROP-B263-F03-U303,B263,LP263,3,303,2392.5,Office,IND-AP-VSP-DVD-LP263-B263-F03-303
PROP-B263-F04-U401,B263,LP263,4,401,2392.5,Office,IND-AP-VSP-DVD-LP263-B263-F04-401
PROP-B263-F04-U402,B263,LP263,4,402,2392.5,Office,IND-AP-VSP-DVD-LP263-B263-F04-402
PROP-B263-F04-U403,B263,LP263,4,403,2392.5,Office,IND-AP-VSP-DVD-LP263-B263-F04-403
PROP-B264-F01-U101,B264,LP264,1,101,50.2,Residential,IND-AP-VSP-DVD-LP264-B264-F01-101
PROP-B264-F01-U102,B264,LP264,1,102,50.2,Residential,IND-AP-VSP-DVD-LP264-B264-F01-102
PROP-B264-F01-U103,B264,LP264,1,103,50.2,Residential,IND-AP-VSP-DVD-LP264-B264-F01-103
PROP-B264-F01-U104,B264,LP264,1,104,50.2,Residential,IND-AP-VSP-DVD-LP264-B264-F01-104
PROP-B264-F02-U201,B264,LP264,2,201,50.2,Residential,IND-AP-VSP-DVD-LP264-B264-F02-201
PROP-B264-F02-U202,B264,LP264,2,202,50.2,Residential,IND-AP-VSP-DVD-LP264-B264-F02-202
PROP-B264-F02-U203,B264,LP264,2,203,50.2,Residential,IND-AP-VSP-DVD-LP264-B264-F02-203
PROP-B264-F02-U204,B264,LP264,2,204,50.2,Residential,IND-AP-VSP-DVD-LP264-B264-F02-204
PROP-B264-F03-U301,B264,LP264,3,301,50.2,Residential,IND-AP-VSP-DVD-LP264-B264-F03-301
PROP-B264-F03-U302,B264,LP264,3,302,50.2,Residential,IND-AP-VSP-DVD-LP264-B264-F03-302
PROP-B264-F03-U303,B264,LP264,3,303,50.2,Residential,IND-AP-VSP-DVD-LP264-B264-F03-303
PROP-B264-F03-U304,B264,LP264,3,304,50.2,Residential,IND-AP-VSP-DVD-LP264-B264-F03-304
PROP-B264-F04-U401,B264,LP264,4,401,50.2,Residential,IND-AP-VSP-DVD-LP264-B264-F04-401
PROP-B264-F04-U402,B264,LP264,4,402,50.2,Residential,IND-AP-VSP-DVD-LP264-B264-F04-402
PROP-B264-F04-U403,B264,LP264,4,403,50.2,Residential,IND-AP-VSP-DVD-LP264-B264-F04-403
PROP-B264-F04-U404,B264,LP264,4,404,50.2,Residential,IND-AP-VSP-DVD-LP264-B264-F04-404
PROP-B264-F05-U501,B264,LP264,5,501,50.2,Residential,IND-AP-VSP-DVD-LP264-B264-F05-501
PROP-B264-F05-U502,B264,LP264,5,502,50.2,Residential,IND-AP-VSP-DVD-LP264-B264-F05-502
PROP-B264-F05-U503,B264,LP264,5,503,50.2,Residential,IND-AP-VSP-DVD-LP264-B264-F05-503
PROP-B264-F05-U504,B264,LP264,5,504,50.2,Residential,IND-AP-VSP-DVD-LP264-B264-F05-504
PROP-B265-F01-U101,B265,LP265,1,101,76.2,Residential,IND-AP-VSP-DVD-LP265-B265-F01-101
PROP-B265-F01-U102,B265,LP265,1,102,76.2,Residential,IND-AP-VSP-DVD-LP265-B265-F01-102
PROP-B265-F01-U103,B265,LP265,1,103,76.2,Residential,IND-AP-VSP-DVD-LP265-B265-F01-103
PROP-B265-F01-U104,B265,LP265,1,104,76.2,Residential,IND-AP-VSP-DVD-LP265-B265-F01-104
PROP-B265-F02-U201,B265,LP265,2,201,76.2,Residential,IND-AP-VSP-DVD-LP265-B265-F02-201
PROP-B265-F02-U202,B265,LP265,2,202,76.2,Residential,IND-AP-VSP-DVD-LP265-B265-F02-202
PROP-B265-F02-U203,B265,LP265,2,203,76.2,Residential,IND-AP-VSP-DVD-LP265-B265-F02-203
PROP-B265-F02-U204,B265,LP265,2,204,76.2,Residential,IND-AP-VSP-DVD-LP265-B265-F02-204
PROP-B265-F03-U301,B265,LP265,3,301,76.2,Residential,IND-AP-VSP-DVD-LP265-B265-F03-301
PROP-B265-F03-U302,B265,LP265,3,302,76.2,Residential,IND-AP-VSP-DVD-LP265-B265-F03-302
PROP-B265-F03-U303,B265,LP265,3,303,76.2,Residential,IND-AP-VSP-DVD-LP265-B265-F03-303
PROP-B265-F03-U304,B265,LP265,3,304,76.2,Residential,IND-AP-VSP-DVD-LP265-B265-F03-304
PROP-B265-F04-U401,B265,LP265,4,401,76.2,Residential,IND-AP-VSP-DVD-LP265-B265-F04-401
PROP-B265-F04-U402,B265,LP265,4,402,76.2,Residential,IND-AP-VSP-DVD-LP265-B265-F04-402
PROP-B265-F04-U403,B265,LP265,4,403,76.2,Residential,IND-AP-VSP-DVD-LP265-B265-F04-403
PROP-B265-F04-U404,B265,LP265,4,404,76.2,Residential,IND-AP-VSP-DVD-LP265-B265-F04-404
PROP-B265-F05-U501,B265,LP265,5,501,76.2,Residential,IND-AP-VSP-DVD-LP265-B265-F05-501
PROP-B265-F05-U502,B265,LP265,5,502,76.2,Residential,IND-AP-VSP-DVD-LP265-B265-F05-502
PROP-B265-F05-U503,B265,LP265,5,503,76.2,Residential,IND-AP-VSP-DVD-LP265-B265-F05-503
PROP-B265-F05-U504,B265,LP265,5,504,76.2,Residential,IND-AP-VSP-DVD-LP265-B265-F05-504
PROP-B266-F01-U101,B266,LP266,1,101,72.6,Residential,IND-AP-VSP-DVD-LP266-B266-F01-101
PROP-B266-F01-U102,B266,LP266,1,102,72.6,Residential,IND-AP-VSP-DVD-LP266-B266-F01-102
PROP-B266-F01-U103,B266,LP266,1,103,72.6,Residential,IND-AP-VSP-DVD-LP266-B266-F01-103
PROP-B266-F01-U104,B266,LP266,1,104,72.6,Residential,IND-AP-VSP-DVD-LP266-B266-F01-104
PROP-B266-F02-U201,B266,LP266,2,201,72.6,Residential,IND-AP-VSP-DVD-LP266-B266-F02-201
PROP-B266-F02-U202,B266,LP266,2,202,72.6,Residential,IND-AP-VSP-DVD-LP266-B266-F02-202
PROP-B266-F02-U203,B266,LP266,2,203,72.6,Residential,IND-AP-VSP-DVD-LP266-B266-F02-203
PROP-B266-F02-U204,B266,LP266,2,204,72.6,Residential,IND-AP-VSP-DVD-LP266-B266-F02-204
PROP-B266-F03-U301,B266,LP266,3,301,72.6,Residential,IND-AP-VSP-DVD-LP266-B266-F03-301
PROP-B266-F03-U302,B266,LP266,3,302,72.6,Residential,IND-AP-VSP-DVD-LP266-B266-F03-302
PROP-B266-F03-U303,B266,LP266,3,303,72.6,Residential,IND-AP-VSP-DVD-LP266-B266-F03-303
PROP-B266-F03-U304,B266,LP266,3,304,72.6,Residential,IND-AP-VSP-DVD-LP266-B266-F03-304
PROP-B266-F04-U401,B266,LP266,4,401,72.6,Residential,IND-AP-VSP-DVD-LP266-B266-F04-401
PROP-B266-F04-U402,B266,LP266,4,402,72.6,Residential,IND-AP-VSP-DVD-LP266-B266-F04-402
PROP-B266-F04-U403,B266,LP266,4,403,72.6,Residential,IND-AP-VSP-DVD-LP266-B266-F04-403
PROP-B266-F04-U404,B266,LP266,4,404,72.6,Residential,IND-AP-VSP-DVD-LP266-B266-F04-404
PROP-B266-F05-U501,B266,LP266,5,501,72.6,Residential,IND-AP-VSP-DVD-LP266-B266-F05-501
PROP-B266-F05-U502,B266,LP266,5,502,72.6,Residential,IND-AP-VSP-DVD-LP266-B266-F05-502
PROP-B266-F05-U503,B266,LP266,5,503,72.6,Residential,IND-AP-VSP-DVD-LP266-B266-F05-503
PROP-B266-F05-U504,B266,LP266,5,504,72.6,Residential,IND-AP-VSP-DVD-LP266-B266-F05-504
PROP-B267-F01-U101,B267,LP267,1,101,69.2,Residential,IND-AP-VSP-DVD-LP267-B267-F01-101
PROP-B267-F01-U102,B267,LP267,1,102,69.2,Residential,IND-AP-VSP-DVD-LP267-B267-F01-102
PROP-B267-F01-U103,B267,LP267,1,103,69.2,Residential,IND-AP-VSP-DVD-LP267-B267-F01-103
PROP-B267-F01-U104,B267,LP267,1,104,69.2,Residential,IND-AP-VSP-DVD-LP267-B267-F01-104
PROP-B267-F02-U201,B267,LP267,2,201,69.2,Residential,IND-AP-VSP-DVD-LP267-B267-F02-201
PROP-B267-F02-U202,B267,LP267,2,202,69.2,Residential,IND-AP-VSP-DVD-LP267-B267-F02-202
PROP-B267-F02-U203,B267,LP267,2,203,69.2,Residential,IND-AP-VSP-DVD-LP267-B267-F02-203
PROP-B267-F02-U204,B267,LP267,2,204,69.2,Residential,IND-AP-VSP-DVD-LP267-B267-F02-204
PROP-B267-F03-U301,B267,LP267,3,301,69.2,Residential,IND-AP-VSP-DVD-LP267-B267-F03-301
PROP-B267-F03-U302,B267,LP267,3,302,69.2,Residential,IND-AP-VSP-DVD-LP267-B267-F03-302
PROP-B267-F03-U303,B267,LP267,3,303,69.2,Residential,IND-AP-VSP-DVD-LP267-B267-F03-303
PROP-B267-F03-U304,B267,LP267,3,304,69.2,Residential,IND-AP-VSP-DVD-LP267-B267-F03-304
PROP-B267-F04-U401,B267,LP267,4,401,69.2,Residential,IND-AP-VSP-DVD-LP267-B267-F04-401
PROP-B267-F04-U402,B267,LP267,4,402,69.2,Residential,IND-AP-VSP-DVD-LP267-B267-F04-402
PROP-B267-F04-U403,B267,LP267,4,403,69.2,Residential,IND-AP-VSP-DVD-LP267-B267-F04-403
PROP-B267-F04-U404,B267,LP267,4,404,69.2,Residential,IND-AP-VSP-DVD-LP267-B267-F04-404
PROP-B267-F05-U501,B267,LP267,5,501,69.2,Residential,IND-AP-VSP-DVD-LP267-B267-F05-501
PROP-B267-F05-U502,B267,LP267,5,502,69.2,Residential,IND-AP-VSP-DVD-LP267-B267-F05-502
PROP-B267-F05-U503,B267,LP267,5,503,69.2,Residential,IND-AP-VSP-DVD-LP267-B267-F05-503
PROP-B267-F05-U504,B267,LP267,5,504,69.2,Residential,IND-AP-VSP-DVD-LP267-B267-F05-504
PROP-B268-F01-U101,B268,LP268,1,101,76.8,Residential,IND-AP-VSP-DVD-LP268-B268-F01-101
PROP-B268-F01-U102,B268,LP268,1,102,76.8,Residential,IND-AP-VSP-DVD-LP268-B268-F01-102
PROP-B268-F01-U103,B268,LP268,1,103,76.8,Residential,IND-AP-VSP-DVD-LP268-B268-F01-103
PROP-B268-F01-U104,B268,LP268,1,104,76.8,Residential,IND-AP-VSP-DVD-LP268-B268-F01-104
PROP-B268-F02-U201,B268,LP268,2,201,76.8,Residential,IND-AP-VSP-DVD-LP268-B268-F02-201
PROP-B268-F02-U202,B268,LP268,2,202,76.8,Residential,IND-AP-VSP-DVD-LP268-B268-F02-202
PROP-B268-F02-U203,B268,LP268,2,203,76.8,Residential,IND-AP-VSP-DVD-LP268-B268-F02-203
PROP-B268-F02-U204,B268,LP268,2,204,76.8,Residential,IND-AP-VSP-DVD-LP268-B268-F02-204
PROP-B268-F03-U301,B268,LP268,3,301,76.8,Residential,IND-AP-VSP-DVD-LP268-B268-F03-301
PROP-B268-F03-U302,B268,LP268,3,302,76.8,Residential,IND-AP-VSP-DVD-LP268-B268-F03-302
PROP-B268-F03-U303,B268,LP268,3,303,76.8,Residential,IND-AP-VSP-DVD-LP268-B268-F03-303
PROP-B268-F03-U304,B268,LP268,3,304,76.8,Residential,IND-AP-VSP-DVD-LP268-B268-F03-304
PROP-B268-F04-U401,B268,LP268,4,401,76.8,Residential,IND-AP-VSP-DVD-LP268-B268-F04-401
PROP-B268-F04-U402,B268,LP268,4,402,76.8,Residential,IND-AP-VSP-DVD-LP268-B268-F04-402
PROP-B268-F04-U403,B268,LP268,4,403,76.8,Residential,IND-AP-VSP-DVD-LP268-B268-F04-403
PROP-B268-F04-U404,B268,LP268,4,404,76.8,Residential,IND-AP-VSP-DVD-LP268-B268-F04-404
PROP-B268-F05-U501,B268,LP268,5,501,76.8,Residential,IND-AP-VSP-DVD-LP268-B268-F05-501
PROP-B268-F05-U502,B268,LP268,5,502,76.8,Residential,IND-AP-VSP-DVD-LP268-B268-F05-502
PROP-B268-F05-U503,B268,LP268,5,503,76.8,Residential,IND-AP-VSP-DVD-LP268-B268-F05-503
PROP-B268-F05-U504,B268,LP268,5,504,76.8,Residential,IND-AP-VSP-DVD-LP268-B268-F05-504
PROP-B269-F01-U101,B269,LP269,1,101,116.4,Shop,IND-AP-VSP-DVD-LP269-B269-F01-101
PROP-B269-F01-U102,B269,LP269,1,102,116.4,Shop,IND-AP-VSP-DVD-LP269-B269-F01-102
PROP-B269-F01-U103,B269,LP269,1,103,116.4,Shop,IND-AP-VSP-DVD-LP269-B269-F01-103
PROP-B269-F02-U201,B269,LP269,2,201,116.4,Office,IND-AP-VSP-DVD-LP269-B269-F02-201
PROP-B269-F02-U202,B269,LP269,2,202,116.4,Office,IND-AP-VSP-DVD-LP269-B269-F02-202
PROP-B269-F02-U203,B269,LP269,2,203,116.4,Office,IND-AP-VSP-DVD-LP269-B269-F02-203
PROP-B269-F03-U301,B269,LP269,3,301,116.4,Office,IND-AP-VSP-DVD-LP269-B269-F03-301
PROP-B269-F03-U302,B269,LP269,3,302,116.4,Office,IND-AP-VSP-DVD-LP269-B269-F03-302
PROP-B269-F03-U303,B269,LP269,3,303,116.4,Office,IND-AP-VSP-DVD-LP269-B269-F03-303
PROP-B269-F04-U401,B269,LP269,4,401,116.4,Office,IND-AP-VSP-DVD-LP269-B269-F04-401
PROP-B269-F04-U402,B269,LP269,4,402,116.4,Office,IND-AP-VSP-DVD-LP269-B269-F04-402
PROP-B269-F04-U403,B269,LP269,4,403,116.4,Office,IND-AP-VSP-DVD-LP269-B269-F04-403
PROP-B270-F01-U101,B270,LP270,1,101,116.4,Shop,IND-AP-VSP-DVD-LP270-B270-F01-101
PROP-B270-F01-U102,B270,LP270,1,102,116.4,Shop,IND-AP-VSP-DVD-LP270-B270-F01-102
PROP-B270-F01-U103,B270,LP270,1,103,116.4,Shop,IND-AP-VSP-DVD-LP270-B270-F01-103
PROP-B270-F02-U201,B270,LP270,2,201,116.4,Office,IND-AP-VSP-DVD-LP270-B270-F02-201
PROP-B270-F02-U202,B270,LP270,2,202,116.4,Office,IND-AP-VSP-DVD-LP270-B270-F02-202
PROP-B270-F02-U203,B270,LP270,2,203,116.4,Office,IND-AP-VSP-DVD-LP270-B270-F02-203
PROP-B270-F03-U301,B270,LP270,3,301,116.4,Office,IND-AP-VSP-DVD-LP270-B270-F03-301
PROP-B270-F03-U302,B270,LP270,3,302,116.4,Office,IND-AP-VSP-DVD-LP270-B270-F03-302
PROP-B270-F03-U303,B270,LP270,3,303,116.4,Office,IND-AP-VSP-DVD-LP270-B270-F03-303
PROP-B270-F04-U401,B270,LP270,4,401,116.4,Office,IND-AP-VSP-DVD-LP270-B270-F04-401
PROP-B270-F04-U402,B270,LP270,4,402,116.4,Office,IND-AP-VSP-DVD-LP270-B270-F04-402
PROP-B270-F04-U403,B270,LP270,4,403,116.4,Office,IND-AP-VSP-DVD-LP270-B270-F04-403
PROP-B271-F01-U101,B271,LP271,1,101,69.2,Residential,IND-AP-VSP-DVD-LP271-B271-F01-101
PROP-B271-F01-U102,B271,LP271,1,102,69.2,Residential,IND-AP-VSP-DVD-LP271-B271-F01-102
PROP-B271-F01-U103,B271,LP271,1,103,69.2,Residential,IND-AP-VSP-DVD-LP271-B271-F01-103
PROP-B271-F01-U104,B271,LP271,1,104,69.2,Residential,IND-AP-VSP-DVD-LP271-B271-F01-104
PROP-B271-F02-U201,B271,LP271,2,201,69.2,Residential,IND-AP-VSP-DVD-LP271-B271-F02-201
PROP-B271-F02-U202,B271,LP271,2,202,69.2,Residential,IND-AP-VSP-DVD-LP271-B271-F02-202
PROP-B271-F02-U203,B271,LP271,2,203,69.2,Residential,IND-AP-VSP-DVD-LP271-B271-F02-203
PROP-B271-F02-U204,B271,LP271,2,204,69.2,Residential,IND-AP-VSP-DVD-LP271-B271-F02-204
PROP-B271-F03-U301,B271,LP271,3,301,69.2,Residential,IND-AP-VSP-DVD-LP271-B271-F03-301
PROP-B271-F03-U302,B271,LP271,3,302,69.2,Residential,IND-AP-VSP-DVD-LP271-B271-F03-302
PROP-B271-F03-U303,B271,LP271,3,303,69.2,Residential,IND-AP-VSP-DVD-LP271-B271-F03-303
PROP-B271-F03-U304,B271,LP271,3,304,69.2,Residential,IND-AP-VSP-DVD-LP271-B271-F03-304
PROP-B271-F04-U401,B271,LP271,4,401,69.2,Residential,IND-AP-VSP-DVD-LP271-B271-F04-401
PROP-B271-F04-U402,B271,LP271,4,402,69.2,Residential,IND-AP-VSP-DVD-LP271-B271-F04-402
PROP-B271-F04-U403,B271,LP271,4,403,69.2,Residential,IND-AP-VSP-DVD-LP271-B271-F04-403
PROP-B271-F04-U404,B271,LP271,4,404,69.2,Residential,IND-AP-VSP-DVD-LP271-B271-F04-404
PROP-B271-F05-U501,B271,LP271,5,501,69.2,Residential,IND-AP-VSP-DVD-LP271-B271-F05-501
PROP-B271-F05-U502,B271,LP271,5,502,69.2,Residential,IND-AP-VSP-DVD-LP271-B271-F05-502
PROP-B271-F05-U503,B271,LP271,5,503,69.2,Residential,IND-AP-VSP-DVD-LP271-B271-F05-503
PROP-B271-F05-U504,B271,LP271,5,504,69.2,Residential,IND-AP-VSP-DVD-LP271-B271-F05-504
PROP-B272-F01-U101,B272,LP272,1,101,47.2,Residential,IND-AP-VSP-DVD-LP272-B272-F01-101
PROP-B272-F01-U102,B272,LP272,1,102,47.2,Residential,IND-AP-VSP-DVD-LP272-B272-F01-102
PROP-B272-F01-U103,B272,LP272,1,103,47.2,Residential,IND-AP-VSP-DVD-LP272-B272-F01-103
PROP-B272-F01-U104,B272,LP272,1,104,47.2,Residential,IND-AP-VSP-DVD-LP272-B272-F01-104
PROP-B272-F02-U201,B272,LP272,2,201,47.2,Residential,IND-AP-VSP-DVD-LP272-B272-F02-201
PROP-B272-F02-U202,B272,LP272,2,202,47.2,Residential,IND-AP-VSP-DVD-LP272-B272-F02-202
PROP-B272-F02-U203,B272,LP272,2,203,47.2,Residential,IND-AP-VSP-DVD-LP272-B272-F02-203
PROP-B272-F02-U204,B272,LP272,2,204,47.2,Residential,IND-AP-VSP-DVD-LP272-B272-F02-204
PROP-B272-F03-U301,B272,LP272,3,301,47.2,Residential,IND-AP-VSP-DVD-LP272-B272-F03-301
PROP-B272-F03-U302,B272,LP272,3,302,47.2,Residential,IND-AP-VSP-DVD-LP272-B272-F03-302
PROP-B272-F03-U303,B272,LP272,3,303,47.2,Residential,IND-AP-VSP-DVD-LP272-B272-F03-303
PROP-B272-F03-U304,B272,LP272,3,304,47.2,Residential,IND-AP-VSP-DVD-LP272-B272-F03-304
PROP-B272-F04-U401,B272,LP272,4,401,47.2,Residential,IND-AP-VSP-DVD-LP272-B272-F04-401
PROP-B272-F04-U402,B272,LP272,4,402,47.2,Residential,IND-AP-VSP-DVD-LP272-B272-F04-402
PROP-B272-F04-U403,B272,LP272,4,403,47.2,Residential,IND-AP-VSP-DVD-LP272-B272-F04-403
PROP-B272-F04-U404,B272,LP272,4,404,47.2,Residential,IND-AP-VSP-DVD-LP272-B272-F04-404
PROP-B272-F05-U501,B272,LP272,5,501,47.2,Residential,IND-AP-VSP-DVD-LP272-B272-F05-501
PROP-B272-F05-U502,B272,LP272,5,502,47.2,Residential,IND-AP-VSP-DVD-LP272-B272-F05-502
PROP-B272-F05-U503,B272,LP272,5,503,47.2,Residential,IND-AP-VSP-DVD-LP272-B272-F05-503
PROP-B272-F05-U504,B272,LP272,5,504,47.2,Residential,IND-AP-VSP-DVD-LP272-B272-F05-504
PROP-B273-F01-U101,B273,LP273,1,101,50,Residential,IND-AP-VSP-DVD-LP273-B273-F01-101
PROP-B273-F01-U102,B273,LP273,1,102,50,Residential,IND-AP-VSP-DVD-LP273-B273-F01-102
PROP-B273-F01-U103,B273,LP273,1,103,50,Residential,IND-AP-VSP-DVD-LP273-B273-F01-103
PROP-B273-F01-U104,B273,LP273,1,104,50,Residential,IND-AP-VSP-DVD-LP273-B273-F01-104
PROP-B273-F02-U201,B273,LP273,2,201,50,Residential,IND-AP-VSP-DVD-LP273-B273-F02-201
PROP-B273-F02-U202,B273,LP273,2,202,50,Residential,IND-AP-VSP-DVD-LP273-B273-F02-202
PROP-B273-F02-U203,B273,LP273,2,203,50,Residential,IND-AP-VSP-DVD-LP273-B273-F02-203
PROP-B273-F02-U204,B273,LP273,2,204,50,Residential,IND-AP-VSP-DVD-LP273-B273-F02-204
PROP-B273-F03-U301,B273,LP273,3,301,50,Residential,IND-AP-VSP-DVD-LP273-B273-F03-301
PROP-B273-F03-U302,B273,LP273,3,302,50,Residential,IND-AP-VSP-DVD-LP273-B273-F03-302
PROP-B273-F03-U303,B273,LP273,3,303,50,Residential,IND-AP-VSP-DVD-LP273-B273-F03-303
PROP-B273-F03-U304,B273,LP273,3,304,50,Residential,IND-AP-VSP-DVD-LP273-B273-F03-304
PROP-B273-F04-U401,B273,LP273,4,401,50,Residential,IND-AP-VSP-DVD-LP273-B273-F04-401
PROP-B273-F04-U402,B273,LP273,4,402,50,Residential,IND-AP-VSP-DVD-LP273-B273-F04-402
PROP-B273-F04-U403,B273,LP273,4,403,50,Residential,IND-AP-VSP-DVD-LP273-B273-F04-403
PROP-B273-F04-U404,B273,LP273,4,404,50,Residential,IND-AP-VSP-DVD-LP273-B273-F04-404
PROP-B273-F05-U501,B273,LP273,5,501,50,Residential,IND-AP-VSP-DVD-LP273-B273-F05-501
PROP-B273-F05-U502,B273,LP273,5,502,50,Residential,IND-AP-VSP-DVD-LP273-B273-F05-502
PROP-B273-F05-U503,B273,LP273,5,503,50,Residential,IND-AP-VSP-DVD-LP273-B273-F05-503
PROP-B273-F05-U504,B273,LP273,5,504,50,Residential,IND-AP-VSP-DVD-LP273-B273-F05-504
PROP-B274-F01-U101,B274,LP274,1,101,115.6,Shop,IND-AP-VSP-DVD-LP274-B274-F01-101
PROP-B274-F01-U102,B274,LP274,1,102,115.6,Shop,IND-AP-VSP-DVD-LP274-B274-F01-102
PROP-B274-F01-U103,B274,LP274,1,103,115.6,Shop,IND-AP-VSP-DVD-LP274-B274-F01-103
PROP-B274-F02-U201,B274,LP274,2,201,115.6,Office,IND-AP-VSP-DVD-LP274-B274-F02-201
PROP-B274-F02-U202,B274,LP274,2,202,115.6,Office,IND-AP-VSP-DVD-LP274-B274-F02-202
PROP-B274-F02-U203,B274,LP274,2,203,115.6,Office,IND-AP-VSP-DVD-LP274-B274-F02-203
PROP-B274-F03-U301,B274,LP274,3,301,115.6,Office,IND-AP-VSP-DVD-LP274-B274-F03-301
PROP-B274-F03-U302,B274,LP274,3,302,115.6,Office,IND-AP-VSP-DVD-LP274-B274-F03-302
PROP-B274-F03-U303,B274,LP274,3,303,115.6,Office,IND-AP-VSP-DVD-LP274-B274-F03-303
PROP-B274-F04-U401,B274,LP274,4,401,115.6,Office,IND-AP-VSP-DVD-LP274-B274-F04-401
PROP-B274-F04-U402,B274,LP274,4,402,115.6,Office,IND-AP-VSP-DVD-LP274-B274-F04-402
PROP-B274-F04-U403,B274,LP274,4,403,115.6,Office,IND-AP-VSP-DVD-LP274-B274-F04-403
PROP-B275-F01-U101,B275,LP275,1,101,115.5,Shop,IND-AP-VSP-DVD-LP275-B275-F01-101
PROP-B275-F01-U102,B275,LP275,1,102,115.5,Shop,IND-AP-VSP-DVD-LP275-B275-F01-102
PROP-B275-F01-U103,B275,LP275,1,103,115.5,Shop,IND-AP-VSP-DVD-LP275-B275-F01-103
PROP-B275-F02-U201,B275,LP275,2,201,115.5,Office,IND-AP-VSP-DVD-LP275-B275-F02-201
PROP-B275-F02-U202,B275,LP275,2,202,115.5,Office,IND-AP-VSP-DVD-LP275-B275-F02-202
PROP-B275-F02-U203,B275,LP275,2,203,115.5,Office,IND-AP-VSP-DVD-LP275-B275-F02-203
PROP-B275-F03-U301,B275,LP275,3,301,115.5,Office,IND-AP-VSP-DVD-LP275-B275-F03-301
PROP-B275-F03-U302,B275,LP275,3,302,115.5,Office,IND-AP-VSP-DVD-LP275-B275-F03-302
PROP-B275-F03-U303,B275,LP275,3,303,115.5,Office,IND-AP-VSP-DVD-LP275-B275-F03-303
PROP-B275-F04-U401,B275,LP275,4,401,115.5,Office,IND-AP-VSP-DVD-LP275-B275-F04-401
PROP-B275-F04-U402,B275,LP275,4,402,115.5,Office,IND-AP-VSP-DVD-LP275-B275-F04-402
PROP-B275-F04-U403,B275,LP275,4,403,115.5,Office,IND-AP-VSP-DVD-LP275-B275-F04-403
PROP-B276-F01-U101,B276,LP276,1,101,141.2,Shop,IND-AP-VSP-DVD-LP276-B276-F01-101
PROP-B276-F01-U102,B276,LP276,1,102,141.2,Shop,IND-AP-VSP-DVD-LP276-B276-F01-102
PROP-B276-F01-U103,B276,LP276,1,103,141.2,Shop,IND-AP-VSP-DVD-LP276-B276-F01-103
PROP-B276-F02-U201,B276,LP276,2,201,141.2,Office,IND-AP-VSP-DVD-LP276-B276-F02-201
PROP-B276-F02-U202,B276,LP276,2,202,141.2,Office,IND-AP-VSP-DVD-LP276-B276-F02-202
PROP-B276-F02-U203,B276,LP276,2,203,141.2,Office,IND-AP-VSP-DVD-LP276-B276-F02-203
PROP-B276-F03-U301,B276,LP276,3,301,141.2,Office,IND-AP-VSP-DVD-LP276-B276-F03-301
PROP-B276-F03-U302,B276,LP276,3,302,141.2,Office,IND-AP-VSP-DVD-LP276-B276-F03-302
PROP-B276-F03-U303,B276,LP276,3,303,141.2,Office,IND-AP-VSP-DVD-LP276-B276-F03-303
PROP-B276-F04-U401,B276,LP276,4,401,141.2,Office,IND-AP-VSP-DVD-LP276-B276-F04-401
PROP-B276-F04-U402,B276,LP276,4,402,141.2,Office,IND-AP-VSP-DVD-LP276-B276-F04-402
PROP-B276-F04-U403,B276,LP276,4,403,141.2,Office,IND-AP-VSP-DVD-LP276-B276-F04-403
PROP-B277-F01-U101,B277,LP277,1,101,139.5,Residential,IND-AP-VSP-DVD-LP277-B277-F01-101
PROP-B277-F02-U201,B277,LP277,2,201,139.5,Residential,IND-AP-VSP-DVD-LP277-B277-F02-201
PROP-B278-F01-U101,B278,LP278,1,101,74,Residential,IND-AP-VSP-DVD-LP278-B278-F01-101
PROP-B278-F01-U102,B278,LP278,1,102,74,Residential,IND-AP-VSP-DVD-LP278-B278-F01-102
PROP-B278-F01-U103,B278,LP278,1,103,74,Residential,IND-AP-VSP-DVD-LP278-B278-F01-103
PROP-B278-F01-U104,B278,LP278,1,104,74,Residential,IND-AP-VSP-DVD-LP278-B278-F01-104
PROP-B278-F02-U201,B278,LP278,2,201,74,Residential,IND-AP-VSP-DVD-LP278-B278-F02-201
PROP-B278-F02-U202,B278,LP278,2,202,74,Residential,IND-AP-VSP-DVD-LP278-B278-F02-202
PROP-B278-F02-U203,B278,LP278,2,203,74,Residential,IND-AP-VSP-DVD-LP278-B278-F02-203
PROP-B278-F02-U204,B278,LP278,2,204,74,Residential,IND-AP-VSP-DVD-LP278-B278-F02-204
PROP-B278-F03-U301,B278,LP278,3,301,74,Residential,IND-AP-VSP-DVD-LP278-B278-F03-301
PROP-B278-F03-U302,B278,LP278,3,302,74,Residential,IND-AP-VSP-DVD-LP278-B278-F03-302
PROP-B278-F03-U303,B278,LP278,3,303,74,Residential,IND-AP-VSP-DVD-LP278-B278-F03-303
PROP-B278-F03-U304,B278,LP278,3,304,74,Residential,IND-AP-VSP-DVD-LP278-B278-F03-304
PROP-B278-F04-U401,B278,LP278,4,401,74,Residential,IND-AP-VSP-DVD-LP278-B278-F04-401
PROP-B278-F04-U402,B278,LP278,4,402,74,Residential,IND-AP-VSP-DVD-LP278-B278-F04-402
PROP-B278-F04-U403,B278,LP278,4,403,74,Residential,IND-AP-VSP-DVD-LP278-B278-F04-403
PROP-B278-F04-U404,B278,LP278,4,404,74,Residential,IND-AP-VSP-DVD-LP278-B278-F04-404
PROP-B278-F05-U501,B278,LP278,5,501,74,Residential,IND-AP-VSP-DVD-LP278-B278-F05-501
PROP-B278-F05-U502,B278,LP278,5,502,74,Residential,IND-AP-VSP-DVD-LP278-B278-F05-502
PROP-B278-F05-U503,B278,LP278,5,503,74,Residential,IND-AP-VSP-DVD-LP278-B278-F05-503
PROP-B278-F05-U504,B278,LP278,5,504,74,Residential,IND-AP-VSP-DVD-LP278-B278-F05-504
PROP-B279-F01-U101,B279,LP279,1,101,56.5,Residential,IND-AP-VSP-DVD-LP279-B279-F01-101
PROP-B279-F01-U102,B279,LP279,1,102,56.5,Residential,IND-AP-VSP-DVD-LP279-B279-F01-102
PROP-B279-F01-U103,B279,LP279,1,103,56.5,Residential,IND-AP-VSP-DVD-LP279-B279-F01-103
PROP-B279-F01-U104,B279,LP279,1,104,56.5,Residential,IND-AP-VSP-DVD-LP279-B279-F01-104
PROP-B279-F02-U201,B279,LP279,2,201,56.5,Residential,IND-AP-VSP-DVD-LP279-B279-F02-201
PROP-B279-F02-U202,B279,LP279,2,202,56.5,Residential,IND-AP-VSP-DVD-LP279-B279-F02-202
PROP-B279-F02-U203,B279,LP279,2,203,56.5,Residential,IND-AP-VSP-DVD-LP279-B279-F02-203
PROP-B279-F02-U204,B279,LP279,2,204,56.5,Residential,IND-AP-VSP-DVD-LP279-B279-F02-204
PROP-B279-F03-U301,B279,LP279,3,301,56.5,Residential,IND-AP-VSP-DVD-LP279-B279-F03-301
PROP-B279-F03-U302,B279,LP279,3,302,56.5,Residential,IND-AP-VSP-DVD-LP279-B279-F03-302
PROP-B279-F03-U303,B279,LP279,3,303,56.5,Residential,IND-AP-VSP-DVD-LP279-B279-F03-303
PROP-B279-F03-U304,B279,LP279,3,304,56.5,Residential,IND-AP-VSP-DVD-LP279-B279-F03-304
PROP-B279-F04-U401,B279,LP279,4,401,56.5,Residential,IND-AP-VSP-DVD-LP279-B279-F04-401
PROP-B279-F04-U402,B279,LP279,4,402,56.5,Residential,IND-AP-VSP-DVD-LP279-B279-F04-402
PROP-B279-F04-U403,B279,LP279,4,403,56.5,Residential,IND-AP-VSP-DVD-LP279-B279-F04-403
PROP-B279-F04-U404,B279,LP279,4,404,56.5,Residential,IND-AP-VSP-DVD-LP279-B279-F04-404
PROP-B279-F05-U501,B279,LP279,5,501,56.5,Residential,IND-AP-VSP-DVD-LP279-B279-F05-501
PROP-B279-F05-U502,B279,LP279,5,502,56.5,Residential,IND-AP-VSP-DVD-LP279-B279-F05-502
PROP-B279-F05-U503,B279,LP279,5,503,56.5,Residential,IND-AP-VSP-DVD-LP279-B279-F05-503
PROP-B279-F05-U504,B279,LP279,5,504,56.5,Residential,IND-AP-VSP-DVD-LP279-B279-F05-504
PROP-B280-F01-U101,B280,LP280,1,101,50.5,Residential,IND-AP-VSP-DVD-LP280-B280-F01-101
PROP-B280-F01-U102,B280,LP280,1,102,50.5,Residential,IND-AP-VSP-DVD-LP280-B280-F01-102
PROP-B280-F01-U103,B280,LP280,1,103,50.5,Residential,IND-AP-VSP-DVD-LP280-B280-F01-103
PROP-B280-F01-U104,B280,LP280,1,104,50.5,Residential,IND-AP-VSP-DVD-LP280-B280-F01-104
PROP-B280-F02-U201,B280,LP280,2,201,50.5,Residential,IND-AP-VSP-DVD-LP280-B280-F02-201
PROP-B280-F02-U202,B280,LP280,2,202,50.5,Residential,IND-AP-VSP-DVD-LP280-B280-F02-202
PROP-B280-F02-U203,B280,LP280,2,203,50.5,Residential,IND-AP-VSP-DVD-LP280-B280-F02-203
PROP-B280-F02-U204,B280,LP280,2,204,50.5,Residential,IND-AP-VSP-DVD-LP280-B280-F02-204
PROP-B280-F03-U301,B280,LP280,3,301,50.5,Residential,IND-AP-VSP-DVD-LP280-B280-F03-301
PROP-B280-F03-U302,B280,LP280,3,302,50.5,Residential,IND-AP-VSP-DVD-LP280-B280-F03-302
PROP-B280-F03-U303,B280,LP280,3,303,50.5,Residential,IND-AP-VSP-DVD-LP280-B280-F03-303
PROP-B280-F03-U304,B280,LP280,3,304,50.5,Residential,IND-AP-VSP-DVD-LP280-B280-F03-304
PROP-B280-F04-U401,B280,LP280,4,401,50.5,Residential,IND-AP-VSP-DVD-LP280-B280-F04-401
PROP-B280-F04-U402,B280,LP280,4,402,50.5,Residential,IND-AP-VSP-DVD-LP280-B280-F04-402
PROP-B280-F04-U403,B280,LP280,4,403,50.5,Residential,IND-AP-VSP-DVD-LP280-B280-F04-403
PROP-B280-F04-U404,B280,LP280,4,404,50.5,Residential,IND-AP-VSP-DVD-LP280-B280-F04-404
PROP-B280-F05-U501,B280,LP280,5,501,50.5,Residential,IND-AP-VSP-DVD-LP280-B280-F05-501
PROP-B280-F05-U502,B280,LP280,5,502,50.5,Residential,IND-AP-VSP-DVD-LP280-B280-F05-502
PROP-B280-F05-U503,B280,LP280,5,503,50.5,Residential,IND-AP-VSP-DVD-LP280-B280-F05-503
PROP-B280-F05-U504,B280,LP280,5,504,50.5,Residential,IND-AP-VSP-DVD-LP280-B280-F05-504
PROP-B281-F01-U101,B281,LP281,1,101,62.4,Residential,IND-AP-VSP-DVD-LP281-B281-F01-101
PROP-B281-F01-U102,B281,LP281,1,102,62.4,Residential,IND-AP-VSP-DVD-LP281-B281-F01-102
PROP-B281-F01-U103,B281,LP281,1,103,62.4,Residential,IND-AP-VSP-DVD-LP281-B281-F01-103
PROP-B281-F01-U104,B281,LP281,1,104,62.4,Residential,IND-AP-VSP-DVD-LP281-B281-F01-104
PROP-B281-F02-U201,B281,LP281,2,201,62.4,Residential,IND-AP-VSP-DVD-LP281-B281-F02-201
PROP-B281-F02-U202,B281,LP281,2,202,62.4,Residential,IND-AP-VSP-DVD-LP281-B281-F02-202
PROP-B281-F02-U203,B281,LP281,2,203,62.4,Residential,IND-AP-VSP-DVD-LP281-B281-F02-203
PROP-B281-F02-U204,B281,LP281,2,204,62.4,Residential,IND-AP-VSP-DVD-LP281-B281-F02-204
PROP-B281-F03-U301,B281,LP281,3,301,62.4,Residential,IND-AP-VSP-DVD-LP281-B281-F03-301
PROP-B281-F03-U302,B281,LP281,3,302,62.4,Residential,IND-AP-VSP-DVD-LP281-B281-F03-302
PROP-B281-F03-U303,B281,LP281,3,303,62.4,Residential,IND-AP-VSP-DVD-LP281-B281-F03-303
PROP-B281-F03-U304,B281,LP281,3,304,62.4,Residential,IND-AP-VSP-DVD-LP281-B281-F03-304
PROP-B281-F04-U401,B281,LP281,4,401,62.4,Residential,IND-AP-VSP-DVD-LP281-B281-F04-401
PROP-B281-F04-U402,B281,LP281,4,402,62.4,Residential,IND-AP-VSP-DVD-LP281-B281-F04-402
PROP-B281-F04-U403,B281,LP281,4,403,62.4,Residential,IND-AP-VSP-DVD-LP281-B281-F04-403
PROP-B281-F04-U404,B281,LP281,4,404,62.4,Residential,IND-AP-VSP-DVD-LP281-B281-F04-404
PROP-B281-F05-U501,B281,LP281,5,501,62.4,Residential,IND-AP-VSP-DVD-LP281-B281-F05-501
PROP-B281-F05-U502,B281,LP281,5,502,62.4,Residential,IND-AP-VSP-DVD-LP281-B281-F05-502
PROP-B281-F05-U503,B281,LP281,5,503,62.4,Residential,IND-AP-VSP-DVD-LP281-B281-F05-503
PROP-B281-F05-U504,B281,LP281,5,504,62.4,Residential,IND-AP-VSP-DVD-LP281-B281-F05-504
PROP-B282-F01-U101,B282,LP282,1,101,252.9,Shop,IND-AP-VSP-DVD-LP282-B282-F01-101
PROP-B282-F01-U102,B282,LP282,1,102,252.9,Shop,IND-AP-VSP-DVD-LP282-B282-F01-102
PROP-B282-F01-U103,B282,LP282,1,103,252.9,Shop,IND-AP-VSP-DVD-LP282-B282-F01-103
PROP-B282-F02-U201,B282,LP282,2,201,252.9,Office,IND-AP-VSP-DVD-LP282-B282-F02-201
PROP-B282-F02-U202,B282,LP282,2,202,252.9,Office,IND-AP-VSP-DVD-LP282-B282-F02-202
PROP-B282-F02-U203,B282,LP282,2,203,252.9,Office,IND-AP-VSP-DVD-LP282-B282-F02-203
PROP-B282-F03-U301,B282,LP282,3,301,252.9,Office,IND-AP-VSP-DVD-LP282-B282-F03-301
PROP-B282-F03-U302,B282,LP282,3,302,252.9,Office,IND-AP-VSP-DVD-LP282-B282-F03-302
PROP-B282-F03-U303,B282,LP282,3,303,252.9,Office,IND-AP-VSP-DVD-LP282-B282-F03-303
PROP-B282-F04-U401,B282,LP282,4,401,252.9,Office,IND-AP-VSP-DVD-LP282-B282-F04-401
PROP-B282-F04-U402,B282,LP282,4,402,252.9,Office,IND-AP-VSP-DVD-LP282-B282-F04-402
PROP-B282-F04-U403,B282,LP282,4,403,252.9,Office,IND-AP-VSP-DVD-LP282-B282-F04-403
PROP-B283-F01-U101,B283,LP283,1,101,118.9,Residential,IND-AP-VSP-DVD-LP283-B283-F01-101
PROP-B283-F02-U201,B283,LP283,2,201,118.9,Residential,IND-AP-VSP-DVD-LP283-B283-F02-201
PROP-B284-F01-U101,B284,LP284,1,101,48.5,Residential,IND-AP-VSP-DVD-LP284-B284-F01-101
PROP-B284-F01-U102,B284,LP284,1,102,48.5,Residential,IND-AP-VSP-DVD-LP284-B284-F01-102
PROP-B284-F01-U103,B284,LP284,1,103,48.5,Residential,IND-AP-VSP-DVD-LP284-B284-F01-103
PROP-B284-F01-U104,B284,LP284,1,104,48.5,Residential,IND-AP-VSP-DVD-LP284-B284-F01-104
PROP-B284-F02-U201,B284,LP284,2,201,48.5,Residential,IND-AP-VSP-DVD-LP284-B284-F02-201
PROP-B284-F02-U202,B284,LP284,2,202,48.5,Residential,IND-AP-VSP-DVD-LP284-B284-F02-202
PROP-B284-F02-U203,B284,LP284,2,203,48.5,Residential,IND-AP-VSP-DVD-LP284-B284-F02-203
PROP-B284-F02-U204,B284,LP284,2,204,48.5,Residential,IND-AP-VSP-DVD-LP284-B284-F02-204
PROP-B284-F03-U301,B284,LP284,3,301,48.5,Residential,IND-AP-VSP-DVD-LP284-B284-F03-301
PROP-B284-F03-U302,B284,LP284,3,302,48.5,Residential,IND-AP-VSP-DVD-LP284-B284-F03-302
PROP-B284-F03-U303,B284,LP284,3,303,48.5,Residential,IND-AP-VSP-DVD-LP284-B284-F03-303
PROP-B284-F03-U304,B284,LP284,3,304,48.5,Residential,IND-AP-VSP-DVD-LP284-B284-F03-304
PROP-B284-F04-U401,B284,LP284,4,401,48.5,Residential,IND-AP-VSP-DVD-LP284-B284-F04-401
PROP-B284-F04-U402,B284,LP284,4,402,48.5,Residential,IND-AP-VSP-DVD-LP284-B284-F04-402
PROP-B284-F04-U403,B284,LP284,4,403,48.5,Residential,IND-AP-VSP-DVD-LP284-B284-F04-403
PROP-B284-F04-U404,B284,LP284,4,404,48.5,Residential,IND-AP-VSP-DVD-LP284-B284-F04-404
PROP-B284-F05-U501,B284,LP284,5,501,48.5,Residential,IND-AP-VSP-DVD-LP284-B284-F05-501
PROP-B284-F05-U502,B284,LP284,5,502,48.5,Residential,IND-AP-VSP-DVD-LP284-B284-F05-502
PROP-B284-F05-U503,B284,LP284,5,503,48.5,Residential,IND-AP-VSP-DVD-LP284-B284-F05-503
PROP-B284-F05-U504,B284,LP284,5,504,48.5,Residential,IND-AP-VSP-DVD-LP284-B284-F05-504
PROP-B285-F01-U101,B285,LP285,1,101,38.3,Residential,IND-AP-VSP-DVD-LP285-B285-F01-101
PROP-B285-F01-U102,B285,LP285,1,102,38.3,Residential,IND-AP-VSP-DVD-LP285-B285-F01-102
PROP-B285-F01-U103,B285,LP285,1,103,38.3,Residential,IND-AP-VSP-DVD-LP285-B285-F01-103
PROP-B285-F01-U104,B285,LP285,1,104,38.3,Residential,IND-AP-VSP-DVD-LP285-B285-F01-104
PROP-B285-F02-U201,B285,LP285,2,201,38.3,Residential,IND-AP-VSP-DVD-LP285-B285-F02-201
PROP-B285-F02-U202,B285,LP285,2,202,38.3,Residential,IND-AP-VSP-DVD-LP285-B285-F02-202
PROP-B285-F02-U203,B285,LP285,2,203,38.3,Residential,IND-AP-VSP-DVD-LP285-B285-F02-203
PROP-B285-F02-U204,B285,LP285,2,204,38.3,Residential,IND-AP-VSP-DVD-LP285-B285-F02-204
PROP-B285-F03-U301,B285,LP285,3,301,38.3,Residential,IND-AP-VSP-DVD-LP285-B285-F03-301
PROP-B285-F03-U302,B285,LP285,3,302,38.3,Residential,IND-AP-VSP-DVD-LP285-B285-F03-302
PROP-B285-F03-U303,B285,LP285,3,303,38.3,Residential,IND-AP-VSP-DVD-LP285-B285-F03-303
PROP-B285-F03-U304,B285,LP285,3,304,38.3,Residential,IND-AP-VSP-DVD-LP285-B285-F03-304
PROP-B285-F04-U401,B285,LP285,4,401,38.3,Residential,IND-AP-VSP-DVD-LP285-B285-F04-401
PROP-B285-F04-U402,B285,LP285,4,402,38.3,Residential,IND-AP-VSP-DVD-LP285-B285-F04-402
PROP-B285-F04-U403,B285,LP285,4,403,38.3,Residential,IND-AP-VSP-DVD-LP285-B285-F04-403
PROP-B285-F04-U404,B285,LP285,4,404,38.3,Residential,IND-AP-VSP-DVD-LP285-B285-F04-404
PROP-B285-F05-U501,B285,LP285,5,501,38.3,Residential,IND-AP-VSP-DVD-LP285-B285-F05-501
PROP-B285-F05-U502,B285,LP285,5,502,38.3,Residential,IND-AP-VSP-DVD-LP285-B285-F05-502
PROP-B285-F05-U503,B285,LP285,5,503,38.3,Residential,IND-AP-VSP-DVD-LP285-B285-F05-503
PROP-B285-F05-U504,B285,LP285,5,504,38.3,Residential,IND-AP-VSP-DVD-LP285-B285-F05-504
PROP-B286-F01-U101,B286,LP286,1,101,54.2,Residential,IND-AP-VSP-DVD-LP286-B286-F01-101
PROP-B286-F01-U102,B286,LP286,1,102,54.2,Residential,IND-AP-VSP-DVD-LP286-B286-F01-102
PROP-B286-F01-U103,B286,LP286,1,103,54.2,Residential,IND-AP-VSP-DVD-LP286-B286-F01-103
PROP-B286-F01-U104,B286,LP286,1,104,54.2,Residential,IND-AP-VSP-DVD-LP286-B286-F01-104
PROP-B286-F02-U201,B286,LP286,2,201,54.2,Residential,IND-AP-VSP-DVD-LP286-B286-F02-201
PROP-B286-F02-U202,B286,LP286,2,202,54.2,Residential,IND-AP-VSP-DVD-LP286-B286-F02-202
PROP-B286-F02-U203,B286,LP286,2,203,54.2,Residential,IND-AP-VSP-DVD-LP286-B286-F02-203
PROP-B286-F02-U204,B286,LP286,2,204,54.2,Residential,IND-AP-VSP-DVD-LP286-B286-F02-204
PROP-B286-F03-U301,B286,LP286,3,301,54.2,Residential,IND-AP-VSP-DVD-LP286-B286-F03-301
PROP-B286-F03-U302,B286,LP286,3,302,54.2,Residential,IND-AP-VSP-DVD-LP286-B286-F03-302
PROP-B286-F03-U303,B286,LP286,3,303,54.2,Residential,IND-AP-VSP-DVD-LP286-B286-F03-303
PROP-B286-F03-U304,B286,LP286,3,304,54.2,Residential,IND-AP-VSP-DVD-LP286-B286-F03-304
PROP-B286-F04-U401,B286,LP286,4,401,54.2,Residential,IND-AP-VSP-DVD-LP286-B286-F04-401
PROP-B286-F04-U402,B286,LP286,4,402,54.2,Residential,IND-AP-VSP-DVD-LP286-B286-F04-402
PROP-B286-F04-U403,B286,LP286,4,403,54.2,Residential,IND-AP-VSP-DVD-LP286-B286-F04-403
PROP-B286-F04-U404,B286,LP286,4,404,54.2,Residential,IND-AP-VSP-DVD-LP286-B286-F04-404
PROP-B286-F05-U501,B286,LP286,5,501,54.2,Residential,IND-AP-VSP-DVD-LP286-B286-F05-501
PROP-B286-F05-U502,B286,LP286,5,502,54.2,Residential,IND-AP-VSP-DVD-LP286-B286-F05-502
PROP-B286-F05-U503,B286,LP286,5,503,54.2,Residential,IND-AP-VSP-DVD-LP286-B286-F05-503
PROP-B286-F05-U504,B286,LP286,5,504,54.2,Residential,IND-AP-VSP-DVD-LP286-B286-F05-504
PROP-B287-F01-U101,B287,LP287,1,101,79.8,Residential,IND-AP-VSP-DVD-LP287-B287-F01-101
PROP-B287-F01-U102,B287,LP287,1,102,79.8,Residential,IND-AP-VSP-DVD-LP287-B287-F01-102
PROP-B287-F01-U103,B287,LP287,1,103,79.8,Residential,IND-AP-VSP-DVD-LP287-B287-F01-103
PROP-B287-F01-U104,B287,LP287,1,104,79.8,Residential,IND-AP-VSP-DVD-LP287-B287-F01-104
PROP-B287-F02-U201,B287,LP287,2,201,79.8,Residential,IND-AP-VSP-DVD-LP287-B287-F02-201
PROP-B287-F02-U202,B287,LP287,2,202,79.8,Residential,IND-AP-VSP-DVD-LP287-B287-F02-202
PROP-B287-F02-U203,B287,LP287,2,203,79.8,Residential,IND-AP-VSP-DVD-LP287-B287-F02-203
PROP-B287-F02-U204,B287,LP287,2,204,79.8,Residential,IND-AP-VSP-DVD-LP287-B287-F02-204
PROP-B287-F03-U301,B287,LP287,3,301,79.8,Residential,IND-AP-VSP-DVD-LP287-B287-F03-301
PROP-B287-F03-U302,B287,LP287,3,302,79.8,Residential,IND-AP-VSP-DVD-LP287-B287-F03-302
PROP-B287-F03-U303,B287,LP287,3,303,79.8,Residential,IND-AP-VSP-DVD-LP287-B287-F03-303
PROP-B287-F03-U304,B287,LP287,3,304,79.8,Residential,IND-AP-VSP-DVD-LP287-B287-F03-304
PROP-B287-F04-U401,B287,LP287,4,401,79.8,Residential,IND-AP-VSP-DVD-LP287-B287-F04-401
PROP-B287-F04-U402,B287,LP287,4,402,79.8,Residential,IND-AP-VSP-DVD-LP287-B287-F04-402
PROP-B287-F04-U403,B287,LP287,4,403,79.8,Residential,IND-AP-VSP-DVD-LP287-B287-F04-403
PROP-B287-F04-U404,B287,LP287,4,404,79.8,Residential,IND-AP-VSP-DVD-LP287-B287-F04-404
PROP-B287-F05-U501,B287,LP287,5,501,79.8,Residential,IND-AP-VSP-DVD-LP287-B287-F05-501
PROP-B287-F05-U502,B287,LP287,5,502,79.8,Residential,IND-AP-VSP-DVD-LP287-B287-F05-502
PROP-B287-F05-U503,B287,LP287,5,503,79.8,Residential,IND-AP-VSP-DVD-LP287-B287-F05-503
PROP-B287-F05-U504,B287,LP287,5,504,79.8,Residential,IND-AP-VSP-DVD-LP287-B287-F05-504
PROP-B288-F01-U101,B288,LP288,1,101,47.9,Residential,IND-AP-VSP-DVD-LP288-B288-F01-101
PROP-B288-F01-U102,B288,LP288,1,102,47.9,Residential,IND-AP-VSP-DVD-LP288-B288-F01-102
PROP-B288-F01-U103,B288,LP288,1,103,47.9,Residential,IND-AP-VSP-DVD-LP288-B288-F01-103
PROP-B288-F01-U104,B288,LP288,1,104,47.9,Residential,IND-AP-VSP-DVD-LP288-B288-F01-104
PROP-B288-F02-U201,B288,LP288,2,201,47.9,Residential,IND-AP-VSP-DVD-LP288-B288-F02-201
PROP-B288-F02-U202,B288,LP288,2,202,47.9,Residential,IND-AP-VSP-DVD-LP288-B288-F02-202
PROP-B288-F02-U203,B288,LP288,2,203,47.9,Residential,IND-AP-VSP-DVD-LP288-B288-F02-203
PROP-B288-F02-U204,B288,LP288,2,204,47.9,Residential,IND-AP-VSP-DVD-LP288-B288-F02-204
PROP-B288-F03-U301,B288,LP288,3,301,47.9,Residential,IND-AP-VSP-DVD-LP288-B288-F03-301
PROP-B288-F03-U302,B288,LP288,3,302,47.9,Residential,IND-AP-VSP-DVD-LP288-B288-F03-302
PROP-B288-F03-U303,B288,LP288,3,303,47.9,Residential,IND-AP-VSP-DVD-LP288-B288-F03-303
PROP-B288-F03-U304,B288,LP288,3,304,47.9,Residential,IND-AP-VSP-DVD-LP288-B288-F03-304
PROP-B288-F04-U401,B288,LP288,4,401,47.9,Residential,IND-AP-VSP-DVD-LP288-B288-F04-401
PROP-B288-F04-U402,B288,LP288,4,402,47.9,Residential,IND-AP-VSP-DVD-LP288-B288-F04-402
PROP-B288-F04-U403,B288,LP288,4,403,47.9,Residential,IND-AP-VSP-DVD-LP288-B288-F04-403
PROP-B288-F04-U404,B288,LP288,4,404,47.9,Residential,IND-AP-VSP-DVD-LP288-B288-F04-404
PROP-B288-F05-U501,B288,LP288,5,501,47.9,Residential,IND-AP-VSP-DVD-LP288-B288-F05-501
PROP-B288-F05-U502,B288,LP288,5,502,47.9,Residential,IND-AP-VSP-DVD-LP288-B288-F05-502
PROP-B288-F05-U503,B288,LP288,5,503,47.9,Residential,IND-AP-VSP-DVD-LP288-B288-F05-503
PROP-B288-F05-U504,B288,LP288,5,504,47.9,Residential,IND-AP-VSP-DVD-LP288-B288-F05-504
PROP-B289-F01-U101,B289,LP289,1,101,177.8,Shop,IND-AP-VSP-DVD-LP289-B289-F01-101
PROP-B289-F01-U102,B289,LP289,1,102,177.8,Shop,IND-AP-VSP-DVD-LP289-B289-F01-102
PROP-B289-F01-U103,B289,LP289,1,103,177.8,Shop,IND-AP-VSP-DVD-LP289-B289-F01-103
PROP-B289-F02-U201,B289,LP289,2,201,177.8,Office,IND-AP-VSP-DVD-LP289-B289-F02-201
PROP-B289-F02-U202,B289,LP289,2,202,177.8,Office,IND-AP-VSP-DVD-LP289-B289-F02-202
PROP-B289-F02-U203,B289,LP289,2,203,177.8,Office,IND-AP-VSP-DVD-LP289-B289-F02-203
PROP-B289-F03-U301,B289,LP289,3,301,177.8,Office,IND-AP-VSP-DVD-LP289-B289-F03-301
PROP-B289-F03-U302,B289,LP289,3,302,177.8,Office,IND-AP-VSP-DVD-LP289-B289-F03-302
PROP-B289-F03-U303,B289,LP289,3,303,177.8,Office,IND-AP-VSP-DVD-LP289-B289-F03-303
PROP-B289-F04-U401,B289,LP289,4,401,177.8,Office,IND-AP-VSP-DVD-LP289-B289-F04-401
PROP-B289-F04-U402,B289,LP289,4,402,177.8,Office,IND-AP-VSP-DVD-LP289-B289-F04-402
PROP-B289-F04-U403,B289,LP289,4,403,177.8,Office,IND-AP-VSP-DVD-LP289-B289-F04-403
PROP-B290-F01-U101,B290,LP290,1,101,40.1,Residential,IND-AP-VSP-DVD-LP290-B290-F01-101
PROP-B290-F01-U102,B290,LP290,1,102,40.1,Residential,IND-AP-VSP-DVD-LP290-B290-F01-102
PROP-B290-F01-U103,B290,LP290,1,103,40.1,Residential,IND-AP-VSP-DVD-LP290-B290-F01-103
PROP-B290-F01-U104,B290,LP290,1,104,40.1,Residential,IND-AP-VSP-DVD-LP290-B290-F01-104
PROP-B290-F02-U201,B290,LP290,2,201,40.1,Residential,IND-AP-VSP-DVD-LP290-B290-F02-201
PROP-B290-F02-U202,B290,LP290,2,202,40.1,Residential,IND-AP-VSP-DVD-LP290-B290-F02-202
PROP-B290-F02-U203,B290,LP290,2,203,40.1,Residential,IND-AP-VSP-DVD-LP290-B290-F02-203
PROP-B290-F02-U204,B290,LP290,2,204,40.1,Residential,IND-AP-VSP-DVD-LP290-B290-F02-204
PROP-B290-F03-U301,B290,LP290,3,301,40.1,Residential,IND-AP-VSP-DVD-LP290-B290-F03-301
PROP-B290-F03-U302,B290,LP290,3,302,40.1,Residential,IND-AP-VSP-DVD-LP290-B290-F03-302
PROP-B290-F03-U303,B290,LP290,3,303,40.1,Residential,IND-AP-VSP-DVD-LP290-B290-F03-303
PROP-B290-F03-U304,B290,LP290,3,304,40.1,Residential,IND-AP-VSP-DVD-LP290-B290-F03-304
PROP-B290-F04-U401,B290,LP290,4,401,40.1,Residential,IND-AP-VSP-DVD-LP290-B290-F04-401
PROP-B290-F04-U402,B290,LP290,4,402,40.1,Residential,IND-AP-VSP-DVD-LP290-B290-F04-402
PROP-B290-F04-U403,B290,LP290,4,403,40.1,Residential,IND-AP-VSP-DVD-LP290-B290-F04-403
PROP-B290-F04-U404,B290,LP290,4,404,40.1,Residential,IND-AP-VSP-DVD-LP290-B290-F04-404
PROP-B290-F05-U501,B290,LP290,5,501,40.1,Residential,IND-AP-VSP-DVD-LP290-B290-F05-501
PROP-B290-F05-U502,B290,LP290,5,502,40.1,Residential,IND-AP-VSP-DVD-LP290-B290-F05-502
PROP-B290-F05-U503,B290,LP290,5,503,40.1,Residential,IND-AP-VSP-DVD-LP290-B290-F05-503
PROP-B290-F05-U504,B290,LP290,5,504,40.1,Residential,IND-AP-VSP-DVD-LP290-B290-F05-504
PROP-B291-F01-U101,B291,LP291,1,101,168.2,Shop,IND-AP-VSP-DVD-LP291-B291-F01-101
PROP-B291-F01-U102,B291,LP291,1,102,168.2,Shop,IND-AP-VSP-DVD-LP291-B291-F01-102
PROP-B291-F01-U103,B291,LP291,1,103,168.2,Shop,IND-AP-VSP-DVD-LP291-B291-F01-103
PROP-B291-F02-U201,B291,LP291,2,201,168.2,Office,IND-AP-VSP-DVD-LP291-B291-F02-201
PROP-B291-F02-U202,B291,LP291,2,202,168.2,Office,IND-AP-VSP-DVD-LP291-B291-F02-202
PROP-B291-F02-U203,B291,LP291,2,203,168.2,Office,IND-AP-VSP-DVD-LP291-B291-F02-203
PROP-B291-F03-U301,B291,LP291,3,301,168.2,Office,IND-AP-VSP-DVD-LP291-B291-F03-301
PROP-B291-F03-U302,B291,LP291,3,302,168.2,Office,IND-AP-VSP-DVD-LP291-B291-F03-302
PROP-B291-F03-U303,B291,LP291,3,303,168.2,Office,IND-AP-VSP-DVD-LP291-B291-F03-303
PROP-B291-F04-U401,B291,LP291,4,401,168.2,Office,IND-AP-VSP-DVD-LP291-B291-F04-401
PROP-B291-F04-U402,B291,LP291,4,402,168.2,Office,IND-AP-VSP-DVD-LP291-B291-F04-402
PROP-B291-F04-U403,B291,LP291,4,403,168.2,Office,IND-AP-VSP-DVD-LP291-B291-F04-403
PROP-B292-F01-U101,B292,LP292,1,101,48.4,Residential,IND-AP-VSP-DVD-LP292-B292-F01-101
PROP-B292-F01-U102,B292,LP292,1,102,48.4,Residential,IND-AP-VSP-DVD-LP292-B292-F01-102
PROP-B292-F01-U103,B292,LP292,1,103,48.4,Residential,IND-AP-VSP-DVD-LP292-B292-F01-103
PROP-B292-F01-U104,B292,LP292,1,104,48.4,Residential,IND-AP-VSP-DVD-LP292-B292-F01-104
PROP-B292-F02-U201,B292,LP292,2,201,48.4,Residential,IND-AP-VSP-DVD-LP292-B292-F02-201
PROP-B292-F02-U202,B292,LP292,2,202,48.4,Residential,IND-AP-VSP-DVD-LP292-B292-F02-202
PROP-B292-F02-U203,B292,LP292,2,203,48.4,Residential,IND-AP-VSP-DVD-LP292-B292-F02-203
PROP-B292-F02-U204,B292,LP292,2,204,48.4,Residential,IND-AP-VSP-DVD-LP292-B292-F02-204
PROP-B292-F03-U301,B292,LP292,3,301,48.4,Residential,IND-AP-VSP-DVD-LP292-B292-F03-301
PROP-B292-F03-U302,B292,LP292,3,302,48.4,Residential,IND-AP-VSP-DVD-LP292-B292-F03-302
PROP-B292-F03-U303,B292,LP292,3,303,48.4,Residential,IND-AP-VSP-DVD-LP292-B292-F03-303
PROP-B292-F03-U304,B292,LP292,3,304,48.4,Residential,IND-AP-VSP-DVD-LP292-B292-F03-304
PROP-B292-F04-U401,B292,LP292,4,401,48.4,Residential,IND-AP-VSP-DVD-LP292-B292-F04-401
PROP-B292-F04-U402,B292,LP292,4,402,48.4,Residential,IND-AP-VSP-DVD-LP292-B292-F04-402
PROP-B292-F04-U403,B292,LP292,4,403,48.4,Residential,IND-AP-VSP-DVD-LP292-B292-F04-403
PROP-B292-F04-U404,B292,LP292,4,404,48.4,Residential,IND-AP-VSP-DVD-LP292-B292-F04-404
PROP-B292-F05-U501,B292,LP292,5,501,48.4,Residential,IND-AP-VSP-DVD-LP292-B292-F05-501
PROP-B292-F05-U502,B292,LP292,5,502,48.4,Residential,IND-AP-VSP-DVD-LP292-B292-F05-502
PROP-B292-F05-U503,B292,LP292,5,503,48.4,Residential,IND-AP-VSP-DVD-LP292-B292-F05-503
PROP-B292-F05-U504,B292,LP292,5,504,48.4,Residential,IND-AP-VSP-DVD-LP292-B292-F05-504
PROP-B293-F01-U101,B293,LP293,1,101,72,Residential,IND-AP-VSP-DVD-LP293-B293-F01-101
PROP-B293-F01-U102,B293,LP293,1,102,72,Residential,IND-AP-VSP-DVD-LP293-B293-F01-102
PROP-B293-F01-U103,B293,LP293,1,103,72,Residential,IND-AP-VSP-DVD-LP293-B293-F01-103
PROP-B293-F01-U104,B293,LP293,1,104,72,Residential,IND-AP-VSP-DVD-LP293-B293-F01-104
PROP-B293-F02-U201,B293,LP293,2,201,72,Residential,IND-AP-VSP-DVD-LP293-B293-F02-201
PROP-B293-F02-U202,B293,LP293,2,202,72,Residential,IND-AP-VSP-DVD-LP293-B293-F02-202
PROP-B293-F02-U203,B293,LP293,2,203,72,Residential,IND-AP-VSP-DVD-LP293-B293-F02-203
PROP-B293-F02-U204,B293,LP293,2,204,72,Residential,IND-AP-VSP-DVD-LP293-B293-F02-204
PROP-B293-F03-U301,B293,LP293,3,301,72,Residential,IND-AP-VSP-DVD-LP293-B293-F03-301
PROP-B293-F03-U302,B293,LP293,3,302,72,Residential,IND-AP-VSP-DVD-LP293-B293-F03-302
PROP-B293-F03-U303,B293,LP293,3,303,72,Residential,IND-AP-VSP-DVD-LP293-B293-F03-303
PROP-B293-F03-U304,B293,LP293,3,304,72,Residential,IND-AP-VSP-DVD-LP293-B293-F03-304
PROP-B293-F04-U401,B293,LP293,4,401,72,Residential,IND-AP-VSP-DVD-LP293-B293-F04-401
PROP-B293-F04-U402,B293,LP293,4,402,72,Residential,IND-AP-VSP-DVD-LP293-B293-F04-402
PROP-B293-F04-U403,B293,LP293,4,403,72,Residential,IND-AP-VSP-DVD-LP293-B293-F04-403
PROP-B293-F04-U404,B293,LP293,4,404,72,Residential,IND-AP-VSP-DVD-LP293-B293-F04-404
PROP-B293-F05-U501,B293,LP293,5,501,72,Residential,IND-AP-VSP-DVD-LP293-B293-F05-501
PROP-B293-F05-U502,B293,LP293,5,502,72,Residential,IND-AP-VSP-DVD-LP293-B293-F05-502
PROP-B293-F05-U503,B293,LP293,5,503,72,Residential,IND-AP-VSP-DVD-LP293-B293-F05-503
PROP-B293-F05-U504,B293,LP293,5,504,72,Residential,IND-AP-VSP-DVD-LP293-B293-F05-504
PROP-B294-F01-U101,B294,LP294,1,101,49,Residential,IND-AP-VSP-DVD-LP294-B294-F01-101
PROP-B294-F01-U102,B294,LP294,1,102,49,Residential,IND-AP-VSP-DVD-LP294-B294-F01-102
PROP-B294-F01-U103,B294,LP294,1,103,49,Residential,IND-AP-VSP-DVD-LP294-B294-F01-103
PROP-B294-F01-U104,B294,LP294,1,104,49,Residential,IND-AP-VSP-DVD-LP294-B294-F01-104
PROP-B294-F02-U201,B294,LP294,2,201,49,Residential,IND-AP-VSP-DVD-LP294-B294-F02-201
PROP-B294-F02-U202,B294,LP294,2,202,49,Residential,IND-AP-VSP-DVD-LP294-B294-F02-202
PROP-B294-F02-U203,B294,LP294,2,203,49,Residential,IND-AP-VSP-DVD-LP294-B294-F02-203
PROP-B294-F02-U204,B294,LP294,2,204,49,Residential,IND-AP-VSP-DVD-LP294-B294-F02-204
PROP-B294-F03-U301,B294,LP294,3,301,49,Residential,IND-AP-VSP-DVD-LP294-B294-F03-301
PROP-B294-F03-U302,B294,LP294,3,302,49,Residential,IND-AP-VSP-DVD-LP294-B294-F03-302
PROP-B294-F03-U303,B294,LP294,3,303,49,Residential,IND-AP-VSP-DVD-LP294-B294-F03-303
PROP-B294-F03-U304,B294,LP294,3,304,49,Residential,IND-AP-VSP-DVD-LP294-B294-F03-304
PROP-B294-F04-U401,B294,LP294,4,401,49,Residential,IND-AP-VSP-DVD-LP294-B294-F04-401
PROP-B294-F04-U402,B294,LP294,4,402,49,Residential,IND-AP-VSP-DVD-LP294-B294-F04-402
PROP-B294-F04-U403,B294,LP294,4,403,49,Residential,IND-AP-VSP-DVD-LP294-B294-F04-403
PROP-B294-F04-U404,B294,LP294,4,404,49,Residential,IND-AP-VSP-DVD-LP294-B294-F04-404
PROP-B294-F05-U501,B294,LP294,5,501,49,Residential,IND-AP-VSP-DVD-LP294-B294-F05-501
PROP-B294-F05-U502,B294,LP294,5,502,49,Residential,IND-AP-VSP-DVD-LP294-B294-F05-502
PROP-B294-F05-U503,B294,LP294,5,503,49,Residential,IND-AP-VSP-DVD-LP294-B294-F05-503
PROP-B294-F05-U504,B294,LP294,5,504,49,Residential,IND-AP-VSP-DVD-LP294-B294-F05-504
PROP-B295-F01-U101,B295,LP295,1,101,45.5,Residential,IND-AP-VSP-DVD-LP295-B295-F01-101
PROP-B295-F01-U102,B295,LP295,1,102,45.5,Residential,IND-AP-VSP-DVD-LP295-B295-F01-102
PROP-B295-F01-U103,B295,LP295,1,103,45.5,Residential,IND-AP-VSP-DVD-LP295-B295-F01-103
PROP-B295-F01-U104,B295,LP295,1,104,45.5,Residential,IND-AP-VSP-DVD-LP295-B295-F01-104
PROP-B295-F02-U201,B295,LP295,2,201,45.5,Residential,IND-AP-VSP-DVD-LP295-B295-F02-201
PROP-B295-F02-U202,B295,LP295,2,202,45.5,Residential,IND-AP-VSP-DVD-LP295-B295-F02-202
PROP-B295-F02-U203,B295,LP295,2,203,45.5,Residential,IND-AP-VSP-DVD-LP295-B295-F02-203
PROP-B295-F02-U204,B295,LP295,2,204,45.5,Residential,IND-AP-VSP-DVD-LP295-B295-F02-204
PROP-B295-F03-U301,B295,LP295,3,301,45.5,Residential,IND-AP-VSP-DVD-LP295-B295-F03-301
PROP-B295-F03-U302,B295,LP295,3,302,45.5,Residential,IND-AP-VSP-DVD-LP295-B295-F03-302
PROP-B295-F03-U303,B295,LP295,3,303,45.5,Residential,IND-AP-VSP-DVD-LP295-B295-F03-303
PROP-B295-F03-U304,B295,LP295,3,304,45.5,Residential,IND-AP-VSP-DVD-LP295-B295-F03-304
PROP-B295-F04-U401,B295,LP295,4,401,45.5,Residential,IND-AP-VSP-DVD-LP295-B295-F04-401
PROP-B295-F04-U402,B295,LP295,4,402,45.5,Residential,IND-AP-VSP-DVD-LP295-B295-F04-402
PROP-B295-F04-U403,B295,LP295,4,403,45.5,Residential,IND-AP-VSP-DVD-LP295-B295-F04-403
PROP-B295-F04-U404,B295,LP295,4,404,45.5,Residential,IND-AP-VSP-DVD-LP295-B295-F04-404
PROP-B295-F05-U501,B295,LP295,5,501,45.5,Residential,IND-AP-VSP-DVD-LP295-B295-F05-501
PROP-B295-F05-U502,B295,LP295,5,502,45.5,Residential,IND-AP-VSP-DVD-LP295-B295-F05-502
PROP-B295-F05-U503,B295,LP295,5,503,45.5,Residential,IND-AP-VSP-DVD-LP295-B295-F05-503
PROP-B295-F05-U504,B295,LP295,5,504,45.5,Residential,IND-AP-VSP-DVD-LP295-B295-F05-504
PROP-B296-F01-U101,B296,LP296,1,101,77,Residential,IND-AP-VSP-DVD-LP296-B296-F01-101
PROP-B296-F01-U102,B296,LP296,1,102,77,Residential,IND-AP-VSP-DVD-LP296-B296-F01-102
PROP-B296-F01-U103,B296,LP296,1,103,77,Residential,IND-AP-VSP-DVD-LP296-B296-F01-103
PROP-B296-F01-U104,B296,LP296,1,104,77,Residential,IND-AP-VSP-DVD-LP296-B296-F01-104
PROP-B296-F02-U201,B296,LP296,2,201,77,Residential,IND-AP-VSP-DVD-LP296-B296-F02-201
PROP-B296-F02-U202,B296,LP296,2,202,77,Residential,IND-AP-VSP-DVD-LP296-B296-F02-202
PROP-B296-F02-U203,B296,LP296,2,203,77,Residential,IND-AP-VSP-DVD-LP296-B296-F02-203
PROP-B296-F02-U204,B296,LP296,2,204,77,Residential,IND-AP-VSP-DVD-LP296-B296-F02-204
PROP-B296-F03-U301,B296,LP296,3,301,77,Residential,IND-AP-VSP-DVD-LP296-B296-F03-301
PROP-B296-F03-U302,B296,LP296,3,302,77,Residential,IND-AP-VSP-DVD-LP296-B296-F03-302
PROP-B296-F03-U303,B296,LP296,3,303,77,Residential,IND-AP-VSP-DVD-LP296-B296-F03-303
PROP-B296-F03-U304,B296,LP296,3,304,77,Residential,IND-AP-VSP-DVD-LP296-B296-F03-304
PROP-B296-F04-U401,B296,LP296,4,401,77,Residential,IND-AP-VSP-DVD-LP296-B296-F04-401
PROP-B296-F04-U402,B296,LP296,4,402,77,Residential,IND-AP-VSP-DVD-LP296-B296-F04-402
PROP-B296-F04-U403,B296,LP296,4,403,77,Residential,IND-AP-VSP-DVD-LP296-B296-F04-403
PROP-B296-F04-U404,B296,LP296,4,404,77,Residential,IND-AP-VSP-DVD-LP296-B296-F04-404
PROP-B296-F05-U501,B296,LP296,5,501,77,Residential,IND-AP-VSP-DVD-LP296-B296-F05-501
PROP-B296-F05-U502,B296,LP296,5,502,77,Residential,IND-AP-VSP-DVD-LP296-B296-F05-502
PROP-B296-F05-U503,B296,LP296,5,503,77,Residential,IND-AP-VSP-DVD-LP296-B296-F05-503
PROP-B296-F05-U504,B296,LP296,5,504,77,Residential,IND-AP-VSP-DVD-LP296-B296-F05-504
PROP-B297-F01-U101,B297,LP297,1,101,84,Residential,IND-AP-VSP-DVD-LP297-B297-F01-101
PROP-B297-F01-U102,B297,LP297,1,102,84,Residential,IND-AP-VSP-DVD-LP297-B297-F01-102
PROP-B297-F01-U103,B297,LP297,1,103,84,Residential,IND-AP-VSP-DVD-LP297-B297-F01-103
PROP-B297-F01-U104,B297,LP297,1,104,84,Residential,IND-AP-VSP-DVD-LP297-B297-F01-104
PROP-B297-F02-U201,B297,LP297,2,201,84,Residential,IND-AP-VSP-DVD-LP297-B297-F02-201
PROP-B297-F02-U202,B297,LP297,2,202,84,Residential,IND-AP-VSP-DVD-LP297-B297-F02-202
PROP-B297-F02-U203,B297,LP297,2,203,84,Residential,IND-AP-VSP-DVD-LP297-B297-F02-203
PROP-B297-F02-U204,B297,LP297,2,204,84,Residential,IND-AP-VSP-DVD-LP297-B297-F02-204
PROP-B297-F03-U301,B297,LP297,3,301,84,Residential,IND-AP-VSP-DVD-LP297-B297-F03-301
PROP-B297-F03-U302,B297,LP297,3,302,84,Residential,IND-AP-VSP-DVD-LP297-B297-F03-302
PROP-B297-F03-U303,B297,LP297,3,303,84,Residential,IND-AP-VSP-DVD-LP297-B297-F03-303
PROP-B297-F03-U304,B297,LP297,3,304,84,Residential,IND-AP-VSP-DVD-LP297-B297-F03-304
PROP-B297-F04-U401,B297,LP297,4,401,84,Residential,IND-AP-VSP-DVD-LP297-B297-F04-401
PROP-B297-F04-U402,B297,LP297,4,402,84,Residential,IND-AP-VSP-DVD-LP297-B297-F04-402
PROP-B297-F04-U403,B297,LP297,4,403,84,Residential,IND-AP-VSP-DVD-LP297-B297-F04-403
PROP-B297-F04-U404,B297,LP297,4,404,84,Residential,IND-AP-VSP-DVD-LP297-B297-F04-404
PROP-B297-F05-U501,B297,LP297,5,501,84,Residential,IND-AP-VSP-DVD-LP297-B297-F05-501
PROP-B297-F05-U502,B297,LP297,5,502,84,Residential,IND-AP-VSP-DVD-LP297-B297-F05-502
PROP-B297-F05-U503,B297,LP297,5,503,84,Residential,IND-AP-VSP-DVD-LP297-B297-F05-503
PROP-B297-F05-U504,B297,LP297,5,504,84,Residential,IND-AP-VSP-DVD-LP297-B297-F05-504
PROP-B298-F01-U101,B298,LP298,1,101,136,Residential,IND-AP-VSP-DVD-LP298-B298-F01-101
PROP-B298-F02-U201,B298,LP298,2,201,136,Residential,IND-AP-VSP-DVD-LP298-B298-F02-201
PROP-B299-F01-U101,B299,LP299,1,101,150.4,Residential,IND-AP-VSP-DVD-LP299-B299-F01-101
PROP-B299-F02-U201,B299,LP299,2,201,150.4,Residential,IND-AP-VSP-DVD-LP299-B299-F02-201
PROP-B300-F01-U101,B300,LP300,1,101,150.2,Residential,IND-AP-VSP-DVD-LP300-B300-F01-101
PROP-B300-F02-U201,B300,LP300,2,201,150.2,Residential,IND-AP-VSP-DVD-LP300-B300-F02-201
PROP-B301-F01-U101,B301,LP301,1,101,123.8,Residential,IND-AP-VSP-DVD-LP301-B301-F01-101
PROP-B301-F02-U201,B301,LP301,2,201,123.8,Residential,IND-AP-VSP-DVD-LP301-B301-F02-201
PROP-B302-F01-U101,B302,LP302,1,101,49.9,Residential,IND-AP-VSP-DVD-LP302-B302-F01-101
PROP-B302-F01-U102,B302,LP302,1,102,49.9,Residential,IND-AP-VSP-DVD-LP302-B302-F01-102
PROP-B302-F01-U103,B302,LP302,1,103,49.9,Residential,IND-AP-VSP-DVD-LP302-B302-F01-103
PROP-B302-F01-U104,B302,LP302,1,104,49.9,Residential,IND-AP-VSP-DVD-LP302-B302-F01-104
PROP-B302-F02-U201,B302,LP302,2,201,49.9,Residential,IND-AP-VSP-DVD-LP302-B302-F02-201
PROP-B302-F02-U202,B302,LP302,2,202,49.9,Residential,IND-AP-VSP-DVD-LP302-B302-F02-202
PROP-B302-F02-U203,B302,LP302,2,203,49.9,Residential,IND-AP-VSP-DVD-LP302-B302-F02-203
PROP-B302-F02-U204,B302,LP302,2,204,49.9,Residential,IND-AP-VSP-DVD-LP302-B302-F02-204
PROP-B302-F03-U301,B302,LP302,3,301,49.9,Residential,IND-AP-VSP-DVD-LP302-B302-F03-301
PROP-B302-F03-U302,B302,LP302,3,302,49.9,Residential,IND-AP-VSP-DVD-LP302-B302-F03-302
PROP-B302-F03-U303,B302,LP302,3,303,49.9,Residential,IND-AP-VSP-DVD-LP302-B302-F03-303
PROP-B302-F03-U304,B302,LP302,3,304,49.9,Residential,IND-AP-VSP-DVD-LP302-B302-F03-304
PROP-B302-F04-U401,B302,LP302,4,401,49.9,Residential,IND-AP-VSP-DVD-LP302-B302-F04-401
PROP-B302-F04-U402,B302,LP302,4,402,49.9,Residential,IND-AP-VSP-DVD-LP302-B302-F04-402
PROP-B302-F04-U403,B302,LP302,4,403,49.9,Residential,IND-AP-VSP-DVD-LP302-B302-F04-403
PROP-B302-F04-U404,B302,LP302,4,404,49.9,Residential,IND-AP-VSP-DVD-LP302-B302-F04-404
PROP-B302-F05-U501,B302,LP302,5,501,49.9,Residential,IND-AP-VSP-DVD-LP302-B302-F05-501
PROP-B302-F05-U502,B302,LP302,5,502,49.9,Residential,IND-AP-VSP-DVD-LP302-B302-F05-502
PROP-B302-F05-U503,B302,LP302,5,503,49.9,Residential,IND-AP-VSP-DVD-LP302-B302-F05-503
PROP-B302-F05-U504,B302,LP302,5,504,49.9,Residential,IND-AP-VSP-DVD-LP302-B302-F05-504
PROP-B303-F01-U101,B303,LP303,1,101,114.8,Shop,IND-AP-VSP-DVD-LP303-B303-F01-101
PROP-B303-F01-U102,B303,LP303,1,102,114.8,Shop,IND-AP-VSP-DVD-LP303-B303-F01-102
PROP-B303-F01-U103,B303,LP303,1,103,114.8,Shop,IND-AP-VSP-DVD-LP303-B303-F01-103
PROP-B303-F02-U201,B303,LP303,2,201,114.8,Office,IND-AP-VSP-DVD-LP303-B303-F02-201
PROP-B303-F02-U202,B303,LP303,2,202,114.8,Office,IND-AP-VSP-DVD-LP303-B303-F02-202
PROP-B303-F02-U203,B303,LP303,2,203,114.8,Office,IND-AP-VSP-DVD-LP303-B303-F02-203
PROP-B303-F03-U301,B303,LP303,3,301,114.8,Office,IND-AP-VSP-DVD-LP303-B303-F03-301
PROP-B303-F03-U302,B303,LP303,3,302,114.8,Office,IND-AP-VSP-DVD-LP303-B303-F03-302
PROP-B303-F03-U303,B303,LP303,3,303,114.8,Office,IND-AP-VSP-DVD-LP303-B303-F03-303
PROP-B303-F04-U401,B303,LP303,4,401,114.8,Office,IND-AP-VSP-DVD-LP303-B303-F04-401
PROP-B303-F04-U402,B303,LP303,4,402,114.8,Office,IND-AP-VSP-DVD-LP303-B303-F04-402
PROP-B303-F04-U403,B303,LP303,4,403,114.8,Office,IND-AP-VSP-DVD-LP303-B303-F04-403
PROP-B304-F01-U101,B304,LP304,1,101,72.3,Residential,IND-AP-VSP-DVD-LP304-B304-F01-101
PROP-B304-F01-U102,B304,LP304,1,102,72.3,Residential,IND-AP-VSP-DVD-LP304-B304-F01-102
PROP-B304-F01-U103,B304,LP304,1,103,72.3,Residential,IND-AP-VSP-DVD-LP304-B304-F01-103
PROP-B304-F01-U104,B304,LP304,1,104,72.3,Residential,IND-AP-VSP-DVD-LP304-B304-F01-104
PROP-B304-F02-U201,B304,LP304,2,201,72.3,Residential,IND-AP-VSP-DVD-LP304-B304-F02-201
PROP-B304-F02-U202,B304,LP304,2,202,72.3,Residential,IND-AP-VSP-DVD-LP304-B304-F02-202
PROP-B304-F02-U203,B304,LP304,2,203,72.3,Residential,IND-AP-VSP-DVD-LP304-B304-F02-203
PROP-B304-F02-U204,B304,LP304,2,204,72.3,Residential,IND-AP-VSP-DVD-LP304-B304-F02-204
PROP-B304-F03-U301,B304,LP304,3,301,72.3,Residential,IND-AP-VSP-DVD-LP304-B304-F03-301
PROP-B304-F03-U302,B304,LP304,3,302,72.3,Residential,IND-AP-VSP-DVD-LP304-B304-F03-302
PROP-B304-F03-U303,B304,LP304,3,303,72.3,Residential,IND-AP-VSP-DVD-LP304-B304-F03-303
PROP-B304-F03-U304,B304,LP304,3,304,72.3,Residential,IND-AP-VSP-DVD-LP304-B304-F03-304
PROP-B304-F04-U401,B304,LP304,4,401,72.3,Residential,IND-AP-VSP-DVD-LP304-B304-F04-401
PROP-B304-F04-U402,B304,LP304,4,402,72.3,Residential,IND-AP-VSP-DVD-LP304-B304-F04-402
PROP-B304-F04-U403,B304,LP304,4,403,72.3,Residential,IND-AP-VSP-DVD-LP304-B304-F04-403
PROP-B304-F04-U404,B304,LP304,4,404,72.3,Residential,IND-AP-VSP-DVD-LP304-B304-F04-404
PROP-B304-F05-U501,B304,LP304,5,501,72.3,Residential,IND-AP-VSP-DVD-LP304-B304-F05-501
PROP-B304-F05-U502,B304,LP304,5,502,72.3,Residential,IND-AP-VSP-DVD-LP304-B304-F05-502
PROP-B304-F05-U503,B304,LP304,5,503,72.3,Residential,IND-AP-VSP-DVD-LP304-B304-F05-503
PROP-B304-F05-U504,B304,LP304,5,504,72.3,Residential,IND-AP-VSP-DVD-LP304-B304-F05-504
PROP-B305-F01-U101,B305,LP305,1,101,73.1,Residential,IND-AP-VSP-DVD-LP305-B305-F01-101
PROP-B305-F01-U102,B305,LP305,1,102,73.1,Residential,IND-AP-VSP-DVD-LP305-B305-F01-102
PROP-B305-F01-U103,B305,LP305,1,103,73.1,Residential,IND-AP-VSP-DVD-LP305-B305-F01-103
PROP-B305-F01-U104,B305,LP305,1,104,73.1,Residential,IND-AP-VSP-DVD-LP305-B305-F01-104
PROP-B305-F02-U201,B305,LP305,2,201,73.1,Residential,IND-AP-VSP-DVD-LP305-B305-F02-201
PROP-B305-F02-U202,B305,LP305,2,202,73.1,Residential,IND-AP-VSP-DVD-LP305-B305-F02-202
PROP-B305-F02-U203,B305,LP305,2,203,73.1,Residential,IND-AP-VSP-DVD-LP305-B305-F02-203
PROP-B305-F02-U204,B305,LP305,2,204,73.1,Residential,IND-AP-VSP-DVD-LP305-B305-F02-204
PROP-B305-F03-U301,B305,LP305,3,301,73.1,Residential,IND-AP-VSP-DVD-LP305-B305-F03-301
PROP-B305-F03-U302,B305,LP305,3,302,73.1,Residential,IND-AP-VSP-DVD-LP305-B305-F03-302
PROP-B305-F03-U303,B305,LP305,3,303,73.1,Residential,IND-AP-VSP-DVD-LP305-B305-F03-303
PROP-B305-F03-U304,B305,LP305,3,304,73.1,Residential,IND-AP-VSP-DVD-LP305-B305-F03-304
PROP-B305-F04-U401,B305,LP305,4,401,73.1,Residential,IND-AP-VSP-DVD-LP305-B305-F04-401
PROP-B305-F04-U402,B305,LP305,4,402,73.1,Residential,IND-AP-VSP-DVD-LP305-B305-F04-402
PROP-B305-F04-U403,B305,LP305,4,403,73.1,Residential,IND-AP-VSP-DVD-LP305-B305-F04-403
PROP-B305-F04-U404,B305,LP305,4,404,73.1,Residential,IND-AP-VSP-DVD-LP305-B305-F04-404
PROP-B305-F05-U501,B305,LP305,5,501,73.1,Residential,IND-AP-VSP-DVD-LP305-B305-F05-501
PROP-B305-F05-U502,B305,LP305,5,502,73.1,Residential,IND-AP-VSP-DVD-LP305-B305-F05-502
PROP-B305-F05-U503,B305,LP305,5,503,73.1,Residential,IND-AP-VSP-DVD-LP305-B305-F05-503
PROP-B305-F05-U504,B305,LP305,5,504,73.1,Residential,IND-AP-VSP-DVD-LP305-B305-F05-504
PROP-B306-F01-U101,B306,LP306,1,101,42,Residential,IND-AP-VSP-DVD-LP306-B306-F01-101
PROP-B306-F01-U102,B306,LP306,1,102,42,Residential,IND-AP-VSP-DVD-LP306-B306-F01-102
PROP-B306-F01-U103,B306,LP306,1,103,42,Residential,IND-AP-VSP-DVD-LP306-B306-F01-103
PROP-B306-F01-U104,B306,LP306,1,104,42,Residential,IND-AP-VSP-DVD-LP306-B306-F01-104
PROP-B306-F02-U201,B306,LP306,2,201,42,Residential,IND-AP-VSP-DVD-LP306-B306-F02-201
PROP-B306-F02-U202,B306,LP306,2,202,42,Residential,IND-AP-VSP-DVD-LP306-B306-F02-202
PROP-B306-F02-U203,B306,LP306,2,203,42,Residential,IND-AP-VSP-DVD-LP306-B306-F02-203
PROP-B306-F02-U204,B306,LP306,2,204,42,Residential,IND-AP-VSP-DVD-LP306-B306-F02-204
PROP-B306-F03-U301,B306,LP306,3,301,42,Residential,IND-AP-VSP-DVD-LP306-B306-F03-301
PROP-B306-F03-U302,B306,LP306,3,302,42,Residential,IND-AP-VSP-DVD-LP306-B306-F03-302
PROP-B306-F03-U303,B306,LP306,3,303,42,Residential,IND-AP-VSP-DVD-LP306-B306-F03-303
PROP-B306-F03-U304,B306,LP306,3,304,42,Residential,IND-AP-VSP-DVD-LP306-B306-F03-304
PROP-B306-F04-U401,B306,LP306,4,401,42,Residential,IND-AP-VSP-DVD-LP306-B306-F04-401
PROP-B306-F04-U402,B306,LP306,4,402,42,Residential,IND-AP-VSP-DVD-LP306-B306-F04-402
PROP-B306-F04-U403,B306,LP306,4,403,42,Residential,IND-AP-VSP-DVD-LP306-B306-F04-403
PROP-B306-F04-U404,B306,LP306,4,404,42,Residential,IND-AP-VSP-DVD-LP306-B306-F04-404
PROP-B306-F05-U501,B306,LP306,5,501,42,Residential,IND-AP-VSP-DVD-LP306-B306-F05-501
PROP-B306-F05-U502,B306,LP306,5,502,42,Residential,IND-AP-VSP-DVD-LP306-B306-F05-502
PROP-B306-F05-U503,B306,LP306,5,503,42,Residential,IND-AP-VSP-DVD-LP306-B306-F05-503
PROP-B306-F05-U504,B306,LP306,5,504,42,Residential,IND-AP-VSP-DVD-LP306-B306-F05-504
PROP-B307-F01-U101,B307,LP307,1,101,148.2,Residential,IND-AP-VSP-DVD-LP307-B307-F01-101
PROP-B307-F02-U201,B307,LP307,2,201,148.2,Residential,IND-AP-VSP-DVD-LP307-B307-F02-201
PROP-B308-F01-U101,B308,LP308,1,101,120,Shop,IND-AP-VSP-DVD-LP308-B308-F01-101
PROP-B308-F01-U102,B308,LP308,1,102,120,Shop,IND-AP-VSP-DVD-LP308-B308-F01-102
PROP-B308-F01-U103,B308,LP308,1,103,120,Shop,IND-AP-VSP-DVD-LP308-B308-F01-103
PROP-B308-F02-U201,B308,LP308,2,201,120,Office,IND-AP-VSP-DVD-LP308-B308-F02-201
PROP-B308-F02-U202,B308,LP308,2,202,120,Office,IND-AP-VSP-DVD-LP308-B308-F02-202
PROP-B308-F02-U203,B308,LP308,2,203,120,Office,IND-AP-VSP-DVD-LP308-B308-F02-203
PROP-B308-F03-U301,B308,LP308,3,301,120,Office,IND-AP-VSP-DVD-LP308-B308-F03-301
PROP-B308-F03-U302,B308,LP308,3,302,120,Office,IND-AP-VSP-DVD-LP308-B308-F03-302
PROP-B308-F03-U303,B308,LP308,3,303,120,Office,IND-AP-VSP-DVD-LP308-B308-F03-303
PROP-B308-F04-U401,B308,LP308,4,401,120,Office,IND-AP-VSP-DVD-LP308-B308-F04-401
PROP-B308-F04-U402,B308,LP308,4,402,120,Office,IND-AP-VSP-DVD-LP308-B308-F04-402
PROP-B308-F04-U403,B308,LP308,4,403,120,Office,IND-AP-VSP-DVD-LP308-B308-F04-403
PROP-B309-F01-U101,B309,LP309,1,101,58.1,Residential,IND-AP-VSP-DVD-LP309-B309-F01-101
PROP-B309-F01-U102,B309,LP309,1,102,58.1,Residential,IND-AP-VSP-DVD-LP309-B309-F01-102
PROP-B309-F01-U103,B309,LP309,1,103,58.1,Residential,IND-AP-VSP-DVD-LP309-B309-F01-103
PROP-B309-F01-U104,B309,LP309,1,104,58.1,Residential,IND-AP-VSP-DVD-LP309-B309-F01-104
PROP-B309-F02-U201,B309,LP309,2,201,58.1,Residential,IND-AP-VSP-DVD-LP309-B309-F02-201
PROP-B309-F02-U202,B309,LP309,2,202,58.1,Residential,IND-AP-VSP-DVD-LP309-B309-F02-202
PROP-B309-F02-U203,B309,LP309,2,203,58.1,Residential,IND-AP-VSP-DVD-LP309-B309-F02-203
PROP-B309-F02-U204,B309,LP309,2,204,58.1,Residential,IND-AP-VSP-DVD-LP309-B309-F02-204
PROP-B309-F03-U301,B309,LP309,3,301,58.1,Residential,IND-AP-VSP-DVD-LP309-B309-F03-301
PROP-B309-F03-U302,B309,LP309,3,302,58.1,Residential,IND-AP-VSP-DVD-LP309-B309-F03-302
PROP-B309-F03-U303,B309,LP309,3,303,58.1,Residential,IND-AP-VSP-DVD-LP309-B309-F03-303
PROP-B309-F03-U304,B309,LP309,3,304,58.1,Residential,IND-AP-VSP-DVD-LP309-B309-F03-304
PROP-B309-F04-U401,B309,LP309,4,401,58.1,Residential,IND-AP-VSP-DVD-LP309-B309-F04-401
PROP-B309-F04-U402,B309,LP309,4,402,58.1,Residential,IND-AP-VSP-DVD-LP309-B309-F04-402
PROP-B309-F04-U403,B309,LP309,4,403,58.1,Residential,IND-AP-VSP-DVD-LP309-B309-F04-403
PROP-B309-F04-U404,B309,LP309,4,404,58.1,Residential,IND-AP-VSP-DVD-LP309-B309-F04-404
PROP-B309-F05-U501,B309,LP309,5,501,58.1,Residential,IND-AP-VSP-DVD-LP309-B309-F05-501
PROP-B309-F05-U502,B309,LP309,5,502,58.1,Residential,IND-AP-VSP-DVD-LP309-B309-F05-502
PROP-B309-F05-U503,B309,LP309,5,503,58.1,Residential,IND-AP-VSP-DVD-LP309-B309-F05-503
PROP-B309-F05-U504,B309,LP309,5,504,58.1,Residential,IND-AP-VSP-DVD-LP309-B309-F05-504
PROP-B310-F01-U101,B310,LP310,1,101,55.6,Residential,IND-AP-VSP-DVD-LP310-B310-F01-101
PROP-B310-F01-U102,B310,LP310,1,102,55.6,Residential,IND-AP-VSP-DVD-LP310-B310-F01-102
PROP-B310-F01-U103,B310,LP310,1,103,55.6,Residential,IND-AP-VSP-DVD-LP310-B310-F01-103
PROP-B310-F01-U104,B310,LP310,1,104,55.6,Residential,IND-AP-VSP-DVD-LP310-B310-F01-104
PROP-B310-F02-U201,B310,LP310,2,201,55.6,Residential,IND-AP-VSP-DVD-LP310-B310-F02-201
PROP-B310-F02-U202,B310,LP310,2,202,55.6,Residential,IND-AP-VSP-DVD-LP310-B310-F02-202
PROP-B310-F02-U203,B310,LP310,2,203,55.6,Residential,IND-AP-VSP-DVD-LP310-B310-F02-203
PROP-B310-F02-U204,B310,LP310,2,204,55.6,Residential,IND-AP-VSP-DVD-LP310-B310-F02-204
PROP-B310-F03-U301,B310,LP310,3,301,55.6,Residential,IND-AP-VSP-DVD-LP310-B310-F03-301
PROP-B310-F03-U302,B310,LP310,3,302,55.6,Residential,IND-AP-VSP-DVD-LP310-B310-F03-302
PROP-B310-F03-U303,B310,LP310,3,303,55.6,Residential,IND-AP-VSP-DVD-LP310-B310-F03-303
PROP-B310-F03-U304,B310,LP310,3,304,55.6,Residential,IND-AP-VSP-DVD-LP310-B310-F03-304
PROP-B310-F04-U401,B310,LP310,4,401,55.6,Residential,IND-AP-VSP-DVD-LP310-B310-F04-401
PROP-B310-F04-U402,B310,LP310,4,402,55.6,Residential,IND-AP-VSP-DVD-LP310-B310-F04-402
PROP-B310-F04-U403,B310,LP310,4,403,55.6,Residential,IND-AP-VSP-DVD-LP310-B310-F04-403
PROP-B310-F04-U404,B310,LP310,4,404,55.6,Residential,IND-AP-VSP-DVD-LP310-B310-F04-404
PROP-B310-F05-U501,B310,LP310,5,501,55.6,Residential,IND-AP-VSP-DVD-LP310-B310-F05-501
PROP-B310-F05-U502,B310,LP310,5,502,55.6,Residential,IND-AP-VSP-DVD-LP310-B310-F05-502
PROP-B310-F05-U503,B310,LP310,5,503,55.6,Residential,IND-AP-VSP-DVD-LP310-B310-F05-503
PROP-B310-F05-U504,B310,LP310,5,504,55.6,Residential,IND-AP-VSP-DVD-LP310-B310-F05-504
PROP-B311-F01-U101,B311,LP311,1,101,128.9,Shop,IND-AP-VSP-DVD-LP311-B311-F01-101
PROP-B311-F01-U102,B311,LP311,1,102,128.9,Shop,IND-AP-VSP-DVD-LP311-B311-F01-102
PROP-B311-F01-U103,B311,LP311,1,103,128.9,Shop,IND-AP-VSP-DVD-LP311-B311-F01-103
PROP-B311-F02-U201,B311,LP311,2,201,128.9,Office,IND-AP-VSP-DVD-LP311-B311-F02-201
PROP-B311-F02-U202,B311,LP311,2,202,128.9,Office,IND-AP-VSP-DVD-LP311-B311-F02-202
PROP-B311-F02-U203,B311,LP311,2,203,128.9,Office,IND-AP-VSP-DVD-LP311-B311-F02-203
PROP-B311-F03-U301,B311,LP311,3,301,128.9,Office,IND-AP-VSP-DVD-LP311-B311-F03-301
PROP-B311-F03-U302,B311,LP311,3,302,128.9,Office,IND-AP-VSP-DVD-LP311-B311-F03-302
PROP-B311-F03-U303,B311,LP311,3,303,128.9,Office,IND-AP-VSP-DVD-LP311-B311-F03-303
PROP-B311-F04-U401,B311,LP311,4,401,128.9,Office,IND-AP-VSP-DVD-LP311-B311-F04-401
PROP-B311-F04-U402,B311,LP311,4,402,128.9,Office,IND-AP-VSP-DVD-LP311-B311-F04-402
PROP-B311-F04-U403,B311,LP311,4,403,128.9,Office,IND-AP-VSP-DVD-LP311-B311-F04-403
PROP-B312-F01-U101,B312,LP312,1,101,42.2,Residential,IND-AP-VSP-DVD-LP312-B312-F01-101
PROP-B312-F01-U102,B312,LP312,1,102,42.2,Residential,IND-AP-VSP-DVD-LP312-B312-F01-102
PROP-B312-F01-U103,B312,LP312,1,103,42.2,Residential,IND-AP-VSP-DVD-LP312-B312-F01-103
PROP-B312-F01-U104,B312,LP312,1,104,42.2,Residential,IND-AP-VSP-DVD-LP312-B312-F01-104
PROP-B312-F02-U201,B312,LP312,2,201,42.2,Residential,IND-AP-VSP-DVD-LP312-B312-F02-201
PROP-B312-F02-U202,B312,LP312,2,202,42.2,Residential,IND-AP-VSP-DVD-LP312-B312-F02-202
PROP-B312-F02-U203,B312,LP312,2,203,42.2,Residential,IND-AP-VSP-DVD-LP312-B312-F02-203
PROP-B312-F02-U204,B312,LP312,2,204,42.2,Residential,IND-AP-VSP-DVD-LP312-B312-F02-204
PROP-B312-F03-U301,B312,LP312,3,301,42.2,Residential,IND-AP-VSP-DVD-LP312-B312-F03-301
PROP-B312-F03-U302,B312,LP312,3,302,42.2,Residential,IND-AP-VSP-DVD-LP312-B312-F03-302
PROP-B312-F03-U303,B312,LP312,3,303,42.2,Residential,IND-AP-VSP-DVD-LP312-B312-F03-303
PROP-B312-F03-U304,B312,LP312,3,304,42.2,Residential,IND-AP-VSP-DVD-LP312-B312-F03-304
PROP-B312-F04-U401,B312,LP312,4,401,42.2,Residential,IND-AP-VSP-DVD-LP312-B312-F04-401
PROP-B312-F04-U402,B312,LP312,4,402,42.2,Residential,IND-AP-VSP-DVD-LP312-B312-F04-402
PROP-B312-F04-U403,B312,LP312,4,403,42.2,Residential,IND-AP-VSP-DVD-LP312-B312-F04-403
PROP-B312-F04-U404,B312,LP312,4,404,42.2,Residential,IND-AP-VSP-DVD-LP312-B312-F04-404
PROP-B312-F05-U501,B312,LP312,5,501,42.2,Residential,IND-AP-VSP-DVD-LP312-B312-F05-501
PROP-B312-F05-U502,B312,LP312,5,502,42.2,Residential,IND-AP-VSP-DVD-LP312-B312-F05-502
PROP-B312-F05-U503,B312,LP312,5,503,42.2,Residential,IND-AP-VSP-DVD-LP312-B312-F05-503
PROP-B312-F05-U504,B312,LP312,5,504,42.2,Residential,IND-AP-VSP-DVD-LP312-B312-F05-504
PROP-B313-F01-U101,B313,LP313,1,101,42.2,Residential,IND-AP-VSP-DVD-LP313-B313-F01-101
PROP-B313-F01-U102,B313,LP313,1,102,42.2,Residential,IND-AP-VSP-DVD-LP313-B313-F01-102
PROP-B313-F01-U103,B313,LP313,1,103,42.2,Residential,IND-AP-VSP-DVD-LP313-B313-F01-103
PROP-B313-F01-U104,B313,LP313,1,104,42.2,Residential,IND-AP-VSP-DVD-LP313-B313-F01-104
PROP-B313-F02-U201,B313,LP313,2,201,42.2,Residential,IND-AP-VSP-DVD-LP313-B313-F02-201
PROP-B313-F02-U202,B313,LP313,2,202,42.2,Residential,IND-AP-VSP-DVD-LP313-B313-F02-202
PROP-B313-F02-U203,B313,LP313,2,203,42.2,Residential,IND-AP-VSP-DVD-LP313-B313-F02-203
PROP-B313-F02-U204,B313,LP313,2,204,42.2,Residential,IND-AP-VSP-DVD-LP313-B313-F02-204
PROP-B313-F03-U301,B313,LP313,3,301,42.2,Residential,IND-AP-VSP-DVD-LP313-B313-F03-301
PROP-B313-F03-U302,B313,LP313,3,302,42.2,Residential,IND-AP-VSP-DVD-LP313-B313-F03-302
PROP-B313-F03-U303,B313,LP313,3,303,42.2,Residential,IND-AP-VSP-DVD-LP313-B313-F03-303
PROP-B313-F03-U304,B313,LP313,3,304,42.2,Residential,IND-AP-VSP-DVD-LP313-B313-F03-304
PROP-B313-F04-U401,B313,LP313,4,401,42.2,Residential,IND-AP-VSP-DVD-LP313-B313-F04-401
PROP-B313-F04-U402,B313,LP313,4,402,42.2,Residential,IND-AP-VSP-DVD-LP313-B313-F04-402
PROP-B313-F04-U403,B313,LP313,4,403,42.2,Residential,IND-AP-VSP-DVD-LP313-B313-F04-403
PROP-B313-F04-U404,B313,LP313,4,404,42.2,Residential,IND-AP-VSP-DVD-LP313-B313-F04-404
PROP-B313-F05-U501,B313,LP313,5,501,42.2,Residential,IND-AP-VSP-DVD-LP313-B313-F05-501
PROP-B313-F05-U502,B313,LP313,5,502,42.2,Residential,IND-AP-VSP-DVD-LP313-B313-F05-502
PROP-B313-F05-U503,B313,LP313,5,503,42.2,Residential,IND-AP-VSP-DVD-LP313-B313-F05-503
PROP-B313-F05-U504,B313,LP313,5,504,42.2,Residential,IND-AP-VSP-DVD-LP313-B313-F05-504
PROP-B314-F01-U101,B314,LP314,1,101,75.2,Residential,IND-AP-VSP-DVD-LP314-B314-F01-101
PROP-B314-F01-U102,B314,LP314,1,102,75.2,Residential,IND-AP-VSP-DVD-LP314-B314-F01-102
PROP-B314-F01-U103,B314,LP314,1,103,75.2,Residential,IND-AP-VSP-DVD-LP314-B314-F01-103
PROP-B314-F01-U104,B314,LP314,1,104,75.2,Residential,IND-AP-VSP-DVD-LP314-B314-F01-104
PROP-B314-F02-U201,B314,LP314,2,201,75.2,Residential,IND-AP-VSP-DVD-LP314-B314-F02-201
PROP-B314-F02-U202,B314,LP314,2,202,75.2,Residential,IND-AP-VSP-DVD-LP314-B314-F02-202
PROP-B314-F02-U203,B314,LP314,2,203,75.2,Residential,IND-AP-VSP-DVD-LP314-B314-F02-203
PROP-B314-F02-U204,B314,LP314,2,204,75.2,Residential,IND-AP-VSP-DVD-LP314-B314-F02-204
PROP-B314-F03-U301,B314,LP314,3,301,75.2,Residential,IND-AP-VSP-DVD-LP314-B314-F03-301
PROP-B314-F03-U302,B314,LP314,3,302,75.2,Residential,IND-AP-VSP-DVD-LP314-B314-F03-302
PROP-B314-F03-U303,B314,LP314,3,303,75.2,Residential,IND-AP-VSP-DVD-LP314-B314-F03-303
PROP-B314-F03-U304,B314,LP314,3,304,75.2,Residential,IND-AP-VSP-DVD-LP314-B314-F03-304
PROP-B314-F04-U401,B314,LP314,4,401,75.2,Residential,IND-AP-VSP-DVD-LP314-B314-F04-401
PROP-B314-F04-U402,B314,LP314,4,402,75.2,Residential,IND-AP-VSP-DVD-LP314-B314-F04-402
PROP-B314-F04-U403,B314,LP314,4,403,75.2,Residential,IND-AP-VSP-DVD-LP314-B314-F04-403
PROP-B314-F04-U404,B314,LP314,4,404,75.2,Residential,IND-AP-VSP-DVD-LP314-B314-F04-404
PROP-B314-F05-U501,B314,LP314,5,501,75.2,Residential,IND-AP-VSP-DVD-LP314-B314-F05-501
PROP-B314-F05-U502,B314,LP314,5,502,75.2,Residential,IND-AP-VSP-DVD-LP314-B314-F05-502
PROP-B314-F05-U503,B314,LP314,5,503,75.2,Residential,IND-AP-VSP-DVD-LP314-B314-F05-503
PROP-B314-F05-U504,B314,LP314,5,504,75.2,Residential,IND-AP-VSP-DVD-LP314-B314-F05-504
PROP-B315-F01-U101,B315,LP315,1,101,80.2,Residential,IND-AP-VSP-DVD-LP315-B315-F01-101
PROP-B315-F01-U102,B315,LP315,1,102,80.2,Residential,IND-AP-VSP-DVD-LP315-B315-F01-102
PROP-B315-F01-U103,B315,LP315,1,103,80.2,Residential,IND-AP-VSP-DVD-LP315-B315-F01-103
PROP-B315-F01-U104,B315,LP315,1,104,80.2,Residential,IND-AP-VSP-DVD-LP315-B315-F01-104
PROP-B315-F02-U201,B315,LP315,2,201,80.2,Residential,IND-AP-VSP-DVD-LP315-B315-F02-201
PROP-B315-F02-U202,B315,LP315,2,202,80.2,Residential,IND-AP-VSP-DVD-LP315-B315-F02-202
PROP-B315-F02-U203,B315,LP315,2,203,80.2,Residential,IND-AP-VSP-DVD-LP315-B315-F02-203
PROP-B315-F02-U204,B315,LP315,2,204,80.2,Residential,IND-AP-VSP-DVD-LP315-B315-F02-204
PROP-B315-F03-U301,B315,LP315,3,301,80.2,Residential,IND-AP-VSP-DVD-LP315-B315-F03-301
PROP-B315-F03-U302,B315,LP315,3,302,80.2,Residential,IND-AP-VSP-DVD-LP315-B315-F03-302
PROP-B315-F03-U303,B315,LP315,3,303,80.2,Residential,IND-AP-VSP-DVD-LP315-B315-F03-303
PROP-B315-F03-U304,B315,LP315,3,304,80.2,Residential,IND-AP-VSP-DVD-LP315-B315-F03-304
PROP-B315-F04-U401,B315,LP315,4,401,80.2,Residential,IND-AP-VSP-DVD-LP315-B315-F04-401
PROP-B315-F04-U402,B315,LP315,4,402,80.2,Residential,IND-AP-VSP-DVD-LP315-B315-F04-402
PROP-B315-F04-U403,B315,LP315,4,403,80.2,Residential,IND-AP-VSP-DVD-LP315-B315-F04-403
PROP-B315-F04-U404,B315,LP315,4,404,80.2,Residential,IND-AP-VSP-DVD-LP315-B315-F04-404
PROP-B315-F05-U501,B315,LP315,5,501,80.2,Residential,IND-AP-VSP-DVD-LP315-B315-F05-501
PROP-B315-F05-U502,B315,LP315,5,502,80.2,Residential,IND-AP-VSP-DVD-LP315-B315-F05-502
PROP-B315-F05-U503,B315,LP315,5,503,80.2,Residential,IND-AP-VSP-DVD-LP315-B315-F05-503
PROP-B315-F05-U504,B315,LP315,5,504,80.2,Residential,IND-AP-VSP-DVD-LP315-B315-F05-504
PROP-B316-F01-U101,B316,LP316,1,101,352.6,Shop,IND-AP-VSP-DVD-LP316-B316-F01-101
PROP-B316-F01-U102,B316,LP316,1,102,352.6,Shop,IND-AP-VSP-DVD-LP316-B316-F01-102
PROP-B316-F01-U103,B316,LP316,1,103,352.6,Shop,IND-AP-VSP-DVD-LP316-B316-F01-103
PROP-B316-F02-U201,B316,LP316,2,201,352.6,Office,IND-AP-VSP-DVD-LP316-B316-F02-201
PROP-B316-F02-U202,B316,LP316,2,202,352.6,Office,IND-AP-VSP-DVD-LP316-B316-F02-202
PROP-B316-F02-U203,B316,LP316,2,203,352.6,Office,IND-AP-VSP-DVD-LP316-B316-F02-203
PROP-B316-F03-U301,B316,LP316,3,301,352.6,Office,IND-AP-VSP-DVD-LP316-B316-F03-301
PROP-B316-F03-U302,B316,LP316,3,302,352.6,Office,IND-AP-VSP-DVD-LP316-B316-F03-302
PROP-B316-F03-U303,B316,LP316,3,303,352.6,Office,IND-AP-VSP-DVD-LP316-B316-F03-303
PROP-B316-F04-U401,B316,LP316,4,401,352.6,Office,IND-AP-VSP-DVD-LP316-B316-F04-401
PROP-B316-F04-U402,B316,LP316,4,402,352.6,Office,IND-AP-VSP-DVD-LP316-B316-F04-402
PROP-B316-F04-U403,B316,LP316,4,403,352.6,Office,IND-AP-VSP-DVD-LP316-B316-F04-403
PROP-B317-F01-U101,B317,LP317,1,101,75.9,Residential,IND-AP-VSP-DVD-LP317-B317-F01-101
PROP-B317-F01-U102,B317,LP317,1,102,75.9,Residential,IND-AP-VSP-DVD-LP317-B317-F01-102
PROP-B317-F01-U103,B317,LP317,1,103,75.9,Residential,IND-AP-VSP-DVD-LP317-B317-F01-103
PROP-B317-F01-U104,B317,LP317,1,104,75.9,Residential,IND-AP-VSP-DVD-LP317-B317-F01-104
PROP-B317-F02-U201,B317,LP317,2,201,75.9,Residential,IND-AP-VSP-DVD-LP317-B317-F02-201
PROP-B317-F02-U202,B317,LP317,2,202,75.9,Residential,IND-AP-VSP-DVD-LP317-B317-F02-202
PROP-B317-F02-U203,B317,LP317,2,203,75.9,Residential,IND-AP-VSP-DVD-LP317-B317-F02-203
PROP-B317-F02-U204,B317,LP317,2,204,75.9,Residential,IND-AP-VSP-DVD-LP317-B317-F02-204
PROP-B317-F03-U301,B317,LP317,3,301,75.9,Residential,IND-AP-VSP-DVD-LP317-B317-F03-301
PROP-B317-F03-U302,B317,LP317,3,302,75.9,Residential,IND-AP-VSP-DVD-LP317-B317-F03-302
PROP-B317-F03-U303,B317,LP317,3,303,75.9,Residential,IND-AP-VSP-DVD-LP317-B317-F03-303
PROP-B317-F03-U304,B317,LP317,3,304,75.9,Residential,IND-AP-VSP-DVD-LP317-B317-F03-304
PROP-B317-F04-U401,B317,LP317,4,401,75.9,Residential,IND-AP-VSP-DVD-LP317-B317-F04-401
PROP-B317-F04-U402,B317,LP317,4,402,75.9,Residential,IND-AP-VSP-DVD-LP317-B317-F04-402
PROP-B317-F04-U403,B317,LP317,4,403,75.9,Residential,IND-AP-VSP-DVD-LP317-B317-F04-403
PROP-B317-F04-U404,B317,LP317,4,404,75.9,Residential,IND-AP-VSP-DVD-LP317-B317-F04-404
PROP-B317-F05-U501,B317,LP317,5,501,75.9,Residential,IND-AP-VSP-DVD-LP317-B317-F05-501
PROP-B317-F05-U502,B317,LP317,5,502,75.9,Residential,IND-AP-VSP-DVD-LP317-B317-F05-502
PROP-B317-F05-U503,B317,LP317,5,503,75.9,Residential,IND-AP-VSP-DVD-LP317-B317-F05-503
PROP-B317-F05-U504,B317,LP317,5,504,75.9,Residential,IND-AP-VSP-DVD-LP317-B317-F05-504
PROP-B318-F01-U101,B318,LP318,1,101,43.7,Residential,IND-AP-VSP-DVD-LP318-B318-F01-101
PROP-B318-F01-U102,B318,LP318,1,102,43.7,Residential,IND-AP-VSP-DVD-LP318-B318-F01-102
PROP-B318-F01-U103,B318,LP318,1,103,43.7,Residential,IND-AP-VSP-DVD-LP318-B318-F01-103
PROP-B318-F01-U104,B318,LP318,1,104,43.7,Residential,IND-AP-VSP-DVD-LP318-B318-F01-104
PROP-B318-F02-U201,B318,LP318,2,201,43.7,Residential,IND-AP-VSP-DVD-LP318-B318-F02-201
PROP-B318-F02-U202,B318,LP318,2,202,43.7,Residential,IND-AP-VSP-DVD-LP318-B318-F02-202
PROP-B318-F02-U203,B318,LP318,2,203,43.7,Residential,IND-AP-VSP-DVD-LP318-B318-F02-203
PROP-B318-F02-U204,B318,LP318,2,204,43.7,Residential,IND-AP-VSP-DVD-LP318-B318-F02-204
PROP-B318-F03-U301,B318,LP318,3,301,43.7,Residential,IND-AP-VSP-DVD-LP318-B318-F03-301
PROP-B318-F03-U302,B318,LP318,3,302,43.7,Residential,IND-AP-VSP-DVD-LP318-B318-F03-302
PROP-B318-F03-U303,B318,LP318,3,303,43.7,Residential,IND-AP-VSP-DVD-LP318-B318-F03-303
PROP-B318-F03-U304,B318,LP318,3,304,43.7,Residential,IND-AP-VSP-DVD-LP318-B318-F03-304
PROP-B318-F04-U401,B318,LP318,4,401,43.7,Residential,IND-AP-VSP-DVD-LP318-B318-F04-401
PROP-B318-F04-U402,B318,LP318,4,402,43.7,Residential,IND-AP-VSP-DVD-LP318-B318-F04-402
PROP-B318-F04-U403,B318,LP318,4,403,43.7,Residential,IND-AP-VSP-DVD-LP318-B318-F04-403
PROP-B318-F04-U404,B318,LP318,4,404,43.7,Residential,IND-AP-VSP-DVD-LP318-B318-F04-404
PROP-B318-F05-U501,B318,LP318,5,501,43.7,Residential,IND-AP-VSP-DVD-LP318-B318-F05-501
PROP-B318-F05-U502,B318,LP318,5,502,43.7,Residential,IND-AP-VSP-DVD-LP318-B318-F05-502
PROP-B318-F05-U503,B318,LP318,5,503,43.7,Residential,IND-AP-VSP-DVD-LP318-B318-F05-503
PROP-B318-F05-U504,B318,LP318,5,504,43.7,Residential,IND-AP-VSP-DVD-LP318-B318-F05-504
PROP-B319-F01-U101,B319,LP319,1,101,51.5,Residential,IND-AP-VSP-DVD-LP319-B319-F01-101
PROP-B319-F01-U102,B319,LP319,1,102,51.5,Residential,IND-AP-VSP-DVD-LP319-B319-F01-102
PROP-B319-F01-U103,B319,LP319,1,103,51.5,Residential,IND-AP-VSP-DVD-LP319-B319-F01-103
PROP-B319-F01-U104,B319,LP319,1,104,51.5,Residential,IND-AP-VSP-DVD-LP319-B319-F01-104
PROP-B319-F02-U201,B319,LP319,2,201,51.5,Residential,IND-AP-VSP-DVD-LP319-B319-F02-201
PROP-B319-F02-U202,B319,LP319,2,202,51.5,Residential,IND-AP-VSP-DVD-LP319-B319-F02-202
PROP-B319-F02-U203,B319,LP319,2,203,51.5,Residential,IND-AP-VSP-DVD-LP319-B319-F02-203
PROP-B319-F02-U204,B319,LP319,2,204,51.5,Residential,IND-AP-VSP-DVD-LP319-B319-F02-204
PROP-B319-F03-U301,B319,LP319,3,301,51.5,Residential,IND-AP-VSP-DVD-LP319-B319-F03-301
PROP-B319-F03-U302,B319,LP319,3,302,51.5,Residential,IND-AP-VSP-DVD-LP319-B319-F03-302
PROP-B319-F03-U303,B319,LP319,3,303,51.5,Residential,IND-AP-VSP-DVD-LP319-B319-F03-303
PROP-B319-F03-U304,B319,LP319,3,304,51.5,Residential,IND-AP-VSP-DVD-LP319-B319-F03-304
PROP-B319-F04-U401,B319,LP319,4,401,51.5,Residential,IND-AP-VSP-DVD-LP319-B319-F04-401
PROP-B319-F04-U402,B319,LP319,4,402,51.5,Residential,IND-AP-VSP-DVD-LP319-B319-F04-402
PROP-B319-F04-U403,B319,LP319,4,403,51.5,Residential,IND-AP-VSP-DVD-LP319-B319-F04-403
PROP-B319-F04-U404,B319,LP319,4,404,51.5,Residential,IND-AP-VSP-DVD-LP319-B319-F04-404
PROP-B319-F05-U501,B319,LP319,5,501,51.5,Residential,IND-AP-VSP-DVD-LP319-B319-F05-501
PROP-B319-F05-U502,B319,LP319,5,502,51.5,Residential,IND-AP-VSP-DVD-LP319-B319-F05-502
PROP-B319-F05-U503,B319,LP319,5,503,51.5,Residential,IND-AP-VSP-DVD-LP319-B319-F05-503
PROP-B319-F05-U504,B319,LP319,5,504,51.5,Residential,IND-AP-VSP-DVD-LP319-B319-F05-504
PROP-B320-F01-U101,B320,LP320,1,101,84.8,Residential,IND-AP-VSP-DVD-LP320-B320-F01-101
PROP-B320-F01-U102,B320,LP320,1,102,84.8,Residential,IND-AP-VSP-DVD-LP320-B320-F01-102
PROP-B320-F01-U103,B320,LP320,1,103,84.8,Residential,IND-AP-VSP-DVD-LP320-B320-F01-103
PROP-B320-F01-U104,B320,LP320,1,104,84.8,Residential,IND-AP-VSP-DVD-LP320-B320-F01-104
PROP-B320-F02-U201,B320,LP320,2,201,84.8,Residential,IND-AP-VSP-DVD-LP320-B320-F02-201
PROP-B320-F02-U202,B320,LP320,2,202,84.8,Residential,IND-AP-VSP-DVD-LP320-B320-F02-202
PROP-B320-F02-U203,B320,LP320,2,203,84.8,Residential,IND-AP-VSP-DVD-LP320-B320-F02-203
PROP-B320-F02-U204,B320,LP320,2,204,84.8,Residential,IND-AP-VSP-DVD-LP320-B320-F02-204
PROP-B320-F03-U301,B320,LP320,3,301,84.8,Residential,IND-AP-VSP-DVD-LP320-B320-F03-301
PROP-B320-F03-U302,B320,LP320,3,302,84.8,Residential,IND-AP-VSP-DVD-LP320-B320-F03-302
PROP-B320-F03-U303,B320,LP320,3,303,84.8,Residential,IND-AP-VSP-DVD-LP320-B320-F03-303
PROP-B320-F03-U304,B320,LP320,3,304,84.8,Residential,IND-AP-VSP-DVD-LP320-B320-F03-304
PROP-B320-F04-U401,B320,LP320,4,401,84.8,Residential,IND-AP-VSP-DVD-LP320-B320-F04-401
PROP-B320-F04-U402,B320,LP320,4,402,84.8,Residential,IND-AP-VSP-DVD-LP320-B320-F04-402
PROP-B320-F04-U403,B320,LP320,4,403,84.8,Residential,IND-AP-VSP-DVD-LP320-B320-F04-403
PROP-B320-F04-U404,B320,LP320,4,404,84.8,Residential,IND-AP-VSP-DVD-LP320-B320-F04-404
PROP-B320-F05-U501,B320,LP320,5,501,84.8,Residential,IND-AP-VSP-DVD-LP320-B320-F05-501
PROP-B320-F05-U502,B320,LP320,5,502,84.8,Residential,IND-AP-VSP-DVD-LP320-B320-F05-502
PROP-B320-F05-U503,B320,LP320,5,503,84.8,Residential,IND-AP-VSP-DVD-LP320-B320-F05-503
PROP-B320-F05-U504,B320,LP320,5,504,84.8,Residential,IND-AP-VSP-DVD-LP320-B320-F05-504
PROP-B321-F01-U101,B321,LP321,1,101,265.3,Shop,IND-AP-VSP-DVD-LP321-B321-F01-101
PROP-B321-F01-U102,B321,LP321,1,102,265.3,Shop,IND-AP-VSP-DVD-LP321-B321-F01-102
PROP-B321-F01-U103,B321,LP321,1,103,265.3,Shop,IND-AP-VSP-DVD-LP321-B321-F01-103
PROP-B321-F02-U201,B321,LP321,2,201,265.3,Office,IND-AP-VSP-DVD-LP321-B321-F02-201
PROP-B321-F02-U202,B321,LP321,2,202,265.3,Office,IND-AP-VSP-DVD-LP321-B321-F02-202
PROP-B321-F02-U203,B321,LP321,2,203,265.3,Office,IND-AP-VSP-DVD-LP321-B321-F02-203
PROP-B321-F03-U301,B321,LP321,3,301,265.3,Office,IND-AP-VSP-DVD-LP321-B321-F03-301
PROP-B321-F03-U302,B321,LP321,3,302,265.3,Office,IND-AP-VSP-DVD-LP321-B321-F03-302
PROP-B321-F03-U303,B321,LP321,3,303,265.3,Office,IND-AP-VSP-DVD-LP321-B321-F03-303
PROP-B321-F04-U401,B321,LP321,4,401,265.3,Office,IND-AP-VSP-DVD-LP321-B321-F04-401
PROP-B321-F04-U402,B321,LP321,4,402,265.3,Office,IND-AP-VSP-DVD-LP321-B321-F04-402
PROP-B321-F04-U403,B321,LP321,4,403,265.3,Office,IND-AP-VSP-DVD-LP321-B321-F04-403
PROP-B322-F01-U101,B322,LP322,1,101,1004.4,Shop,IND-AP-VSP-DVD-LP322-B322-F01-101
PROP-B322-F01-U102,B322,LP322,1,102,1004.4,Shop,IND-AP-VSP-DVD-LP322-B322-F01-102
PROP-B322-F01-U103,B322,LP322,1,103,1004.4,Shop,IND-AP-VSP-DVD-LP322-B322-F01-103
PROP-B322-F02-U201,B322,LP322,2,201,1004.4,Office,IND-AP-VSP-DVD-LP322-B322-F02-201
PROP-B322-F02-U202,B322,LP322,2,202,1004.4,Office,IND-AP-VSP-DVD-LP322-B322-F02-202
PROP-B322-F02-U203,B322,LP322,2,203,1004.4,Office,IND-AP-VSP-DVD-LP322-B322-F02-203
PROP-B322-F03-U301,B322,LP322,3,301,1004.4,Office,IND-AP-VSP-DVD-LP322-B322-F03-301
PROP-B322-F03-U302,B322,LP322,3,302,1004.4,Office,IND-AP-VSP-DVD-LP322-B322-F03-302
PROP-B322-F03-U303,B322,LP322,3,303,1004.4,Office,IND-AP-VSP-DVD-LP322-B322-F03-303
PROP-B322-F04-U401,B322,LP322,4,401,1004.4,Office,IND-AP-VSP-DVD-LP322-B322-F04-401
PROP-B322-F04-U402,B322,LP322,4,402,1004.4,Office,IND-AP-VSP-DVD-LP322-B322-F04-402
PROP-B322-F04-U403,B322,LP322,4,403,1004.4,Office,IND-AP-VSP-DVD-LP322-B322-F04-403
PROP-B323-F01-U101,B323,LP323,1,101,3112,Shop,IND-AP-VSP-DVD-LP323-B323-F01-101
PROP-B323-F01-U102,B323,LP323,1,102,3112,Shop,IND-AP-VSP-DVD-LP323-B323-F01-102
PROP-B323-F01-U103,B323,LP323,1,103,3112,Shop,IND-AP-VSP-DVD-LP323-B323-F01-103
PROP-B323-F02-U201,B323,LP323,2,201,3112,Office,IND-AP-VSP-DVD-LP323-B323-F02-201
PROP-B323-F02-U202,B323,LP323,2,202,3112,Office,IND-AP-VSP-DVD-LP323-B323-F02-202
PROP-B323-F02-U203,B323,LP323,2,203,3112,Office,IND-AP-VSP-DVD-LP323-B323-F02-203
PROP-B323-F03-U301,B323,LP323,3,301,3112,Office,IND-AP-VSP-DVD-LP323-B323-F03-301
PROP-B323-F03-U302,B323,LP323,3,302,3112,Office,IND-AP-VSP-DVD-LP323-B323-F03-302
PROP-B323-F03-U303,B323,LP323,3,303,3112,Office,IND-AP-VSP-DVD-LP323-B323-F03-303
PROP-B323-F04-U401,B323,LP323,4,401,3112,Office,IND-AP-VSP-DVD-LP323-B323-F04-401
PROP-B323-F04-U402,B323,LP323,4,402,3112,Office,IND-AP-VSP-DVD-LP323-B323-F04-402
PROP-B323-F04-U403,B323,LP323,4,403,3112,Office,IND-AP-VSP-DVD-LP323-B323-F04-403
PROP-B324-F01-U101,B324,LP324,1,101,515.4,Shop,IND-AP-VSP-DVD-LP324-B324-F01-101
PROP-B324-F01-U102,B324,LP324,1,102,515.4,Shop,IND-AP-VSP-DVD-LP324-B324-F01-102
PROP-B324-F01-U103,B324,LP324,1,103,515.4,Shop,IND-AP-VSP-DVD-LP324-B324-F01-103
PROP-B324-F02-U201,B324,LP324,2,201,515.4,Office,IND-AP-VSP-DVD-LP324-B324-F02-201
PROP-B324-F02-U202,B324,LP324,2,202,515.4,Office,IND-AP-VSP-DVD-LP324-B324-F02-202
PROP-B324-F02-U203,B324,LP324,2,203,515.4,Office,IND-AP-VSP-DVD-LP324-B324-F02-203
PROP-B324-F03-U301,B324,LP324,3,301,515.4,Office,IND-AP-VSP-DVD-LP324-B324-F03-301
PROP-B324-F03-U302,B324,LP324,3,302,515.4,Office,IND-AP-VSP-DVD-LP324-B324-F03-302
PROP-B324-F03-U303,B324,LP324,3,303,515.4,Office,IND-AP-VSP-DVD-LP324-B324-F03-303
PROP-B324-F04-U401,B324,LP324,4,401,515.4,Office,IND-AP-VSP-DVD-LP324-B324-F04-401
PROP-B324-F04-U402,B324,LP324,4,402,515.4,Office,IND-AP-VSP-DVD-LP324-B324-F04-402
PROP-B324-F04-U403,B324,LP324,4,403,515.4,Office,IND-AP-VSP-DVD-LP324-B324-F04-403
PROP-B325-F01-U101,B325,LP325,1,101,334.9,Shop,IND-AP-VSP-DVD-LP325-B325-F01-101
PROP-B325-F01-U102,B325,LP325,1,102,334.9,Shop,IND-AP-VSP-DVD-LP325-B325-F01-102
PROP-B325-F01-U103,B325,LP325,1,103,334.9,Shop,IND-AP-VSP-DVD-LP325-B325-F01-103
PROP-B325-F02-U201,B325,LP325,2,201,334.9,Office,IND-AP-VSP-DVD-LP325-B325-F02-201
PROP-B325-F02-U202,B325,LP325,2,202,334.9,Office,IND-AP-VSP-DVD-LP325-B325-F02-202
PROP-B325-F02-U203,B325,LP325,2,203,334.9,Office,IND-AP-VSP-DVD-LP325-B325-F02-203
PROP-B325-F03-U301,B325,LP325,3,301,334.9,Office,IND-AP-VSP-DVD-LP325-B325-F03-301
PROP-B325-F03-U302,B325,LP325,3,302,334.9,Office,IND-AP-VSP-DVD-LP325-B325-F03-302
PROP-B325-F03-U303,B325,LP325,3,303,334.9,Office,IND-AP-VSP-DVD-LP325-B325-F03-303
PROP-B325-F04-U401,B325,LP325,4,401,334.9,Office,IND-AP-VSP-DVD-LP325-B325-F04-401
PROP-B325-F04-U402,B325,LP325,4,402,334.9,Office,IND-AP-VSP-DVD-LP325-B325-F04-402
PROP-B325-F04-U403,B325,LP325,4,403,334.9,Office,IND-AP-VSP-DVD-LP325-B325-F04-403
PROP-B326-F01-U101,B326,LP326,1,101,1569.6,Shop,IND-AP-VSP-DVD-LP326-B326-F01-101
PROP-B326-F01-U102,B326,LP326,1,102,1569.6,Shop,IND-AP-VSP-DVD-LP326-B326-F01-102
PROP-B326-F01-U103,B326,LP326,1,103,1569.6,Shop,IND-AP-VSP-DVD-LP326-B326-F01-103
PROP-B326-F02-U201,B326,LP326,2,201,1569.6,Office,IND-AP-VSP-DVD-LP326-B326-F02-201
PROP-B326-F02-U202,B326,LP326,2,202,1569.6,Office,IND-AP-VSP-DVD-LP326-B326-F02-202
PROP-B326-F02-U203,B326,LP326,2,203,1569.6,Office,IND-AP-VSP-DVD-LP326-B326-F02-203
PROP-B326-F03-U301,B326,LP326,3,301,1569.6,Office,IND-AP-VSP-DVD-LP326-B326-F03-301
PROP-B326-F03-U302,B326,LP326,3,302,1569.6,Office,IND-AP-VSP-DVD-LP326-B326-F03-302
PROP-B326-F03-U303,B326,LP326,3,303,1569.6,Office,IND-AP-VSP-DVD-LP326-B326-F03-303
PROP-B326-F04-U401,B326,LP326,4,401,1569.6,Office,IND-AP-VSP-DVD-LP326-B326-F04-401
PROP-B326-F04-U402,B326,LP326,4,402,1569.6,Office,IND-AP-VSP-DVD-LP326-B326-F04-402
PROP-B326-F04-U403,B326,LP326,4,403,1569.6,Office,IND-AP-VSP-DVD-LP326-B326-F04-403
PROP-B327-F01-U101,B327,LP327,1,101,1570.3,Shop,IND-AP-VSP-DVD-LP327-B327-F01-101
PROP-B327-F01-U102,B327,LP327,1,102,1570.3,Shop,IND-AP-VSP-DVD-LP327-B327-F01-102
PROP-B327-F01-U103,B327,LP327,1,103,1570.3,Shop,IND-AP-VSP-DVD-LP327-B327-F01-103
PROP-B327-F02-U201,B327,LP327,2,201,1570.3,Office,IND-AP-VSP-DVD-LP327-B327-F02-201
PROP-B327-F02-U202,B327,LP327,2,202,1570.3,Office,IND-AP-VSP-DVD-LP327-B327-F02-202
PROP-B327-F02-U203,B327,LP327,2,203,1570.3,Office,IND-AP-VSP-DVD-LP327-B327-F02-203
PROP-B327-F03-U301,B327,LP327,3,301,1570.3,Office,IND-AP-VSP-DVD-LP327-B327-F03-301
PROP-B327-F03-U302,B327,LP327,3,302,1570.3,Office,IND-AP-VSP-DVD-LP327-B327-F03-302
PROP-B327-F03-U303,B327,LP327,3,303,1570.3,Office,IND-AP-VSP-DVD-LP327-B327-F03-303
PROP-B327-F04-U401,B327,LP327,4,401,1570.3,Office,IND-AP-VSP-DVD-LP327-B327-F04-401
PROP-B327-F04-U402,B327,LP327,4,402,1570.3,Office,IND-AP-VSP-DVD-LP327-B327-F04-402
PROP-B327-F04-U403,B327,LP327,4,403,1570.3,Office,IND-AP-VSP-DVD-LP327-B327-F04-403
PROP-B328-F01-U101,B328,LP328,1,101,250.4,Shop,IND-AP-VSP-DVD-LP328-B328-F01-101
PROP-B328-F01-U102,B328,LP328,1,102,250.4,Shop,IND-AP-VSP-DVD-LP328-B328-F01-102
PROP-B328-F01-U103,B328,LP328,1,103,250.4,Shop,IND-AP-VSP-DVD-LP328-B328-F01-103
PROP-B328-F02-U201,B328,LP328,2,201,250.4,Office,IND-AP-VSP-DVD-LP328-B328-F02-201
PROP-B328-F02-U202,B328,LP328,2,202,250.4,Office,IND-AP-VSP-DVD-LP328-B328-F02-202
PROP-B328-F02-U203,B328,LP328,2,203,250.4,Office,IND-AP-VSP-DVD-LP328-B328-F02-203
PROP-B328-F03-U301,B328,LP328,3,301,250.4,Office,IND-AP-VSP-DVD-LP328-B328-F03-301
PROP-B328-F03-U302,B328,LP328,3,302,250.4,Office,IND-AP-VSP-DVD-LP328-B328-F03-302
PROP-B328-F03-U303,B328,LP328,3,303,250.4,Office,IND-AP-VSP-DVD-LP328-B328-F03-303
PROP-B328-F04-U401,B328,LP328,4,401,250.4,Office,IND-AP-VSP-DVD-LP328-B328-F04-401
PROP-B328-F04-U402,B328,LP328,4,402,250.4,Office,IND-AP-VSP-DVD-LP328-B328-F04-402
PROP-B328-F04-U403,B328,LP328,4,403,250.4,Office,IND-AP-VSP-DVD-LP328-B328-F04-403
PROP-B329-F01-U101,B329,LP329,1,101,271.4,Shop,IND-AP-VSP-DVD-LP329-B329-F01-101
PROP-B329-F01-U102,B329,LP329,1,102,271.4,Shop,IND-AP-VSP-DVD-LP329-B329-F01-102
PROP-B329-F01-U103,B329,LP329,1,103,271.4,Shop,IND-AP-VSP-DVD-LP329-B329-F01-103
PROP-B329-F02-U201,B329,LP329,2,201,271.4,Office,IND-AP-VSP-DVD-LP329-B329-F02-201
PROP-B329-F02-U202,B329,LP329,2,202,271.4,Office,IND-AP-VSP-DVD-LP329-B329-F02-202
PROP-B329-F02-U203,B329,LP329,2,203,271.4,Office,IND-AP-VSP-DVD-LP329-B329-F02-203
PROP-B329-F03-U301,B329,LP329,3,301,271.4,Office,IND-AP-VSP-DVD-LP329-B329-F03-301
PROP-B329-F03-U302,B329,LP329,3,302,271.4,Office,IND-AP-VSP-DVD-LP329-B329-F03-302
PROP-B329-F03-U303,B329,LP329,3,303,271.4,Office,IND-AP-VSP-DVD-LP329-B329-F03-303
PROP-B329-F04-U401,B329,LP329,4,401,271.4,Office,IND-AP-VSP-DVD-LP329-B329-F04-401
PROP-B329-F04-U402,B329,LP329,4,402,271.4,Office,IND-AP-VSP-DVD-LP329-B329-F04-402
PROP-B329-F04-U403,B329,LP329,4,403,271.4,Office,IND-AP-VSP-DVD-LP329-B329-F04-403
PROP-B330-F01-U101,B330,LP330,1,101,1015,Shop,IND-AP-VSP-DVD-LP330-B330-F01-101
PROP-B330-F01-U102,B330,LP330,1,102,1015,Shop,IND-AP-VSP-DVD-LP330-B330-F01-102
PROP-B330-F01-U103,B330,LP330,1,103,1015,Shop,IND-AP-VSP-DVD-LP330-B330-F01-103
PROP-B330-F02-U201,B330,LP330,2,201,1015,Office,IND-AP-VSP-DVD-LP330-B330-F02-201
PROP-B330-F02-U202,B330,LP330,2,202,1015,Office,IND-AP-VSP-DVD-LP330-B330-F02-202
PROP-B330-F02-U203,B330,LP330,2,203,1015,Office,IND-AP-VSP-DVD-LP330-B330-F02-203
PROP-B330-F03-U301,B330,LP330,3,301,1015,Office,IND-AP-VSP-DVD-LP330-B330-F03-301
PROP-B330-F03-U302,B330,LP330,3,302,1015,Office,IND-AP-VSP-DVD-LP330-B330-F03-302
PROP-B330-F03-U303,B330,LP330,3,303,1015,Office,IND-AP-VSP-DVD-LP330-B330-F03-303
PROP-B330-F04-U401,B330,LP330,4,401,1015,Office,IND-AP-VSP-DVD-LP330-B330-F04-401
PROP-B330-F04-U402,B330,LP330,4,402,1015,Office,IND-AP-VSP-DVD-LP330-B330-F04-402
PROP-B330-F04-U403,B330,LP330,4,403,1015,Office,IND-AP-VSP-DVD-LP330-B330-F04-403
PROP-B331-F01-U101,B331,LP331,1,101,366.7,Shop,IND-AP-VSP-DVD-LP331-B331-F01-101
PROP-B331-F01-U102,B331,LP331,1,102,366.7,Shop,IND-AP-VSP-DVD-LP331-B331-F01-102
PROP-B331-F01-U103,B331,LP331,1,103,366.7,Shop,IND-AP-VSP-DVD-LP331-B331-F01-103
PROP-B331-F02-U201,B331,LP331,2,201,366.7,Office,IND-AP-VSP-DVD-LP331-B331-F02-201
PROP-B331-F02-U202,B331,LP331,2,202,366.7,Office,IND-AP-VSP-DVD-LP331-B331-F02-202
PROP-B331-F02-U203,B331,LP331,2,203,366.7,Office,IND-AP-VSP-DVD-LP331-B331-F02-203
PROP-B331-F03-U301,B331,LP331,3,301,366.7,Office,IND-AP-VSP-DVD-LP331-B331-F03-301
PROP-B331-F03-U302,B331,LP331,3,302,366.7,Office,IND-AP-VSP-DVD-LP331-B331-F03-302
PROP-B331-F03-U303,B331,LP331,3,303,366.7,Office,IND-AP-VSP-DVD-LP331-B331-F03-303
PROP-B331-F04-U401,B331,LP331,4,401,366.7,Office,IND-AP-VSP-DVD-LP331-B331-F04-401
PROP-B331-F04-U402,B331,LP331,4,402,366.7,Office,IND-AP-VSP-DVD-LP331-B331-F04-402
PROP-B331-F04-U403,B331,LP331,4,403,366.7,Office,IND-AP-VSP-DVD-LP331-B331-F04-403
PROP-B332-F01-U101,B332,LP332,1,101,422.5,Shop,IND-AP-VSP-DVD-LP332-B332-F01-101
PROP-B332-F01-U102,B332,LP332,1,102,422.5,Shop,IND-AP-VSP-DVD-LP332-B332-F01-102
PROP-B332-F01-U103,B332,LP332,1,103,422.5,Shop,IND-AP-VSP-DVD-LP332-B332-F01-103
PROP-B332-F02-U201,B332,LP332,2,201,422.5,Office,IND-AP-VSP-DVD-LP332-B332-F02-201
PROP-B332-F02-U202,B332,LP332,2,202,422.5,Office,IND-AP-VSP-DVD-LP332-B332-F02-202
PROP-B332-F02-U203,B332,LP332,2,203,422.5,Office,IND-AP-VSP-DVD-LP332-B332-F02-203
PROP-B332-F03-U301,B332,LP332,3,301,422.5,Office,IND-AP-VSP-DVD-LP332-B332-F03-301
PROP-B332-F03-U302,B332,LP332,3,302,422.5,Office,IND-AP-VSP-DVD-LP332-B332-F03-302
PROP-B332-F03-U303,B332,LP332,3,303,422.5,Office,IND-AP-VSP-DVD-LP332-B332-F03-303
PROP-B332-F04-U401,B332,LP332,4,401,422.5,Office,IND-AP-VSP-DVD-LP332-B332-F04-401
PROP-B332-F04-U402,B332,LP332,4,402,422.5,Office,IND-AP-VSP-DVD-LP332-B332-F04-402
PROP-B332-F04-U403,B332,LP332,4,403,422.5,Office,IND-AP-VSP-DVD-LP332-B332-F04-403
PROP-B333-F01-U101,B333,LP333,1,101,120.3,Shop,IND-AP-VSP-DVD-LP333-B333-F01-101
PROP-B333-F01-U102,B333,LP333,1,102,120.3,Shop,IND-AP-VSP-DVD-LP333-B333-F01-102
PROP-B333-F01-U103,B333,LP333,1,103,120.3,Shop,IND-AP-VSP-DVD-LP333-B333-F01-103
PROP-B333-F02-U201,B333,LP333,2,201,120.3,Office,IND-AP-VSP-DVD-LP333-B333-F02-201
PROP-B333-F02-U202,B333,LP333,2,202,120.3,Office,IND-AP-VSP-DVD-LP333-B333-F02-202
PROP-B333-F02-U203,B333,LP333,2,203,120.3,Office,IND-AP-VSP-DVD-LP333-B333-F02-203
PROP-B333-F03-U301,B333,LP333,3,301,120.3,Office,IND-AP-VSP-DVD-LP333-B333-F03-301
PROP-B333-F03-U302,B333,LP333,3,302,120.3,Office,IND-AP-VSP-DVD-LP333-B333-F03-302
PROP-B333-F03-U303,B333,LP333,3,303,120.3,Office,IND-AP-VSP-DVD-LP333-B333-F03-303
PROP-B333-F04-U401,B333,LP333,4,401,120.3,Office,IND-AP-VSP-DVD-LP333-B333-F04-401
PROP-B333-F04-U402,B333,LP333,4,402,120.3,Office,IND-AP-VSP-DVD-LP333-B333-F04-402
PROP-B333-F04-U403,B333,LP333,4,403,120.3,Office,IND-AP-VSP-DVD-LP333-B333-F04-403
PROP-B334-F01-U101,B334,LP334,1,101,120.3,Shop,IND-AP-VSP-DVD-LP334-B334-F01-101
PROP-B334-F01-U102,B334,LP334,1,102,120.3,Shop,IND-AP-VSP-DVD-LP334-B334-F01-102
PROP-B334-F01-U103,B334,LP334,1,103,120.3,Shop,IND-AP-VSP-DVD-LP334-B334-F01-103
PROP-B334-F02-U201,B334,LP334,2,201,120.3,Office,IND-AP-VSP-DVD-LP334-B334-F02-201
PROP-B334-F02-U202,B334,LP334,2,202,120.3,Office,IND-AP-VSP-DVD-LP334-B334-F02-202
PROP-B334-F02-U203,B334,LP334,2,203,120.3,Office,IND-AP-VSP-DVD-LP334-B334-F02-203
PROP-B334-F03-U301,B334,LP334,3,301,120.3,Office,IND-AP-VSP-DVD-LP334-B334-F03-301
PROP-B334-F03-U302,B334,LP334,3,302,120.3,Office,IND-AP-VSP-DVD-LP334-B334-F03-302
PROP-B334-F03-U303,B334,LP334,3,303,120.3,Office,IND-AP-VSP-DVD-LP334-B334-F03-303
PROP-B334-F04-U401,B334,LP334,4,401,120.3,Office,IND-AP-VSP-DVD-LP334-B334-F04-401
PROP-B334-F04-U402,B334,LP334,4,402,120.3,Office,IND-AP-VSP-DVD-LP334-B334-F04-402
PROP-B334-F04-U403,B334,LP334,4,403,120.3,Office,IND-AP-VSP-DVD-LP334-B334-F04-403
PROP-B335-F01-U101,B335,LP335,1,101,120.3,Shop,IND-AP-VSP-DVD-LP335-B335-F01-101
PROP-B335-F01-U102,B335,LP335,1,102,120.3,Shop,IND-AP-VSP-DVD-LP335-B335-F01-102
PROP-B335-F01-U103,B335,LP335,1,103,120.3,Shop,IND-AP-VSP-DVD-LP335-B335-F01-103
PROP-B335-F02-U201,B335,LP335,2,201,120.3,Office,IND-AP-VSP-DVD-LP335-B335-F02-201
PROP-B335-F02-U202,B335,LP335,2,202,120.3,Office,IND-AP-VSP-DVD-LP335-B335-F02-202
PROP-B335-F02-U203,B335,LP335,2,203,120.3,Office,IND-AP-VSP-DVD-LP335-B335-F02-203
PROP-B335-F03-U301,B335,LP335,3,301,120.3,Office,IND-AP-VSP-DVD-LP335-B335-F03-301
PROP-B335-F03-U302,B335,LP335,3,302,120.3,Office,IND-AP-VSP-DVD-LP335-B335-F03-302
PROP-B335-F03-U303,B335,LP335,3,303,120.3,Office,IND-AP-VSP-DVD-LP335-B335-F03-303
PROP-B335-F04-U401,B335,LP335,4,401,120.3,Office,IND-AP-VSP-DVD-LP335-B335-F04-401
PROP-B335-F04-U402,B335,LP335,4,402,120.3,Office,IND-AP-VSP-DVD-LP335-B335-F04-402
PROP-B335-F04-U403,B335,LP335,4,403,120.3,Office,IND-AP-VSP-DVD-LP335-B335-F04-403
PROP-B336-F01-U101,B336,LP336,1,101,120.3,Shop,IND-AP-VSP-DVD-LP336-B336-F01-101
PROP-B336-F01-U102,B336,LP336,1,102,120.3,Shop,IND-AP-VSP-DVD-LP336-B336-F01-102
PROP-B336-F01-U103,B336,LP336,1,103,120.3,Shop,IND-AP-VSP-DVD-LP336-B336-F01-103
PROP-B336-F02-U201,B336,LP336,2,201,120.3,Office,IND-AP-VSP-DVD-LP336-B336-F02-201
PROP-B336-F02-U202,B336,LP336,2,202,120.3,Office,IND-AP-VSP-DVD-LP336-B336-F02-202
PROP-B336-F02-U203,B336,LP336,2,203,120.3,Office,IND-AP-VSP-DVD-LP336-B336-F02-203
PROP-B336-F03-U301,B336,LP336,3,301,120.3,Office,IND-AP-VSP-DVD-LP336-B336-F03-301
PROP-B336-F03-U302,B336,LP336,3,302,120.3,Office,IND-AP-VSP-DVD-LP336-B336-F03-302
PROP-B336-F03-U303,B336,LP336,3,303,120.3,Office,IND-AP-VSP-DVD-LP336-B336-F03-303
PROP-B336-F04-U401,B336,LP336,4,401,120.3,Office,IND-AP-VSP-DVD-LP336-B336-F04-401
PROP-B336-F04-U402,B336,LP336,4,402,120.3,Office,IND-AP-VSP-DVD-LP336-B336-F04-402
PROP-B336-F04-U403,B336,LP336,4,403,120.3,Office,IND-AP-VSP-DVD-LP336-B336-F04-403
PROP-B337-F01-U101,B337,LP337,1,101,120.2,Shop,IND-AP-VSP-DVD-LP337-B337-F01-101
PROP-B337-F01-U102,B337,LP337,1,102,120.2,Shop,IND-AP-VSP-DVD-LP337-B337-F01-102
PROP-B337-F01-U103,B337,LP337,1,103,120.2,Shop,IND-AP-VSP-DVD-LP337-B337-F01-103
PROP-B337-F02-U201,B337,LP337,2,201,120.2,Office,IND-AP-VSP-DVD-LP337-B337-F02-201
PROP-B337-F02-U202,B337,LP337,2,202,120.2,Office,IND-AP-VSP-DVD-LP337-B337-F02-202
PROP-B337-F02-U203,B337,LP337,2,203,120.2,Office,IND-AP-VSP-DVD-LP337-B337-F02-203
PROP-B337-F03-U301,B337,LP337,3,301,120.2,Office,IND-AP-VSP-DVD-LP337-B337-F03-301
PROP-B337-F03-U302,B337,LP337,3,302,120.2,Office,IND-AP-VSP-DVD-LP337-B337-F03-302
PROP-B337-F03-U303,B337,LP337,3,303,120.2,Office,IND-AP-VSP-DVD-LP337-B337-F03-303
PROP-B337-F04-U401,B337,LP337,4,401,120.2,Office,IND-AP-VSP-DVD-LP337-B337-F04-401
PROP-B337-F04-U402,B337,LP337,4,402,120.2,Office,IND-AP-VSP-DVD-LP337-B337-F04-402
PROP-B337-F04-U403,B337,LP337,4,403,120.2,Office,IND-AP-VSP-DVD-LP337-B337-F04-403
PROP-B338-F01-U101,B338,LP338,1,101,120.3,Shop,IND-AP-VSP-DVD-LP338-B338-F01-101
PROP-B338-F01-U102,B338,LP338,1,102,120.3,Shop,IND-AP-VSP-DVD-LP338-B338-F01-102
PROP-B338-F01-U103,B338,LP338,1,103,120.3,Shop,IND-AP-VSP-DVD-LP338-B338-F01-103
PROP-B338-F02-U201,B338,LP338,2,201,120.3,Office,IND-AP-VSP-DVD-LP338-B338-F02-201
PROP-B338-F02-U202,B338,LP338,2,202,120.3,Office,IND-AP-VSP-DVD-LP338-B338-F02-202
PROP-B338-F02-U203,B338,LP338,2,203,120.3,Office,IND-AP-VSP-DVD-LP338-B338-F02-203
PROP-B338-F03-U301,B338,LP338,3,301,120.3,Office,IND-AP-VSP-DVD-LP338-B338-F03-301
PROP-B338-F03-U302,B338,LP338,3,302,120.3,Office,IND-AP-VSP-DVD-LP338-B338-F03-302
PROP-B338-F03-U303,B338,LP338,3,303,120.3,Office,IND-AP-VSP-DVD-LP338-B338-F03-303
PROP-B338-F04-U401,B338,LP338,4,401,120.3,Office,IND-AP-VSP-DVD-LP338-B338-F04-401
PROP-B338-F04-U402,B338,LP338,4,402,120.3,Office,IND-AP-VSP-DVD-LP338-B338-F04-402
PROP-B338-F04-U403,B338,LP338,4,403,120.3,Office,IND-AP-VSP-DVD-LP338-B338-F04-403
PROP-B339-F01-U101,B339,LP339,1,101,70.6,Residential,IND-AP-VSP-DVD-LP339-B339-F01-101
PROP-B339-F01-U102,B339,LP339,1,102,70.6,Residential,IND-AP-VSP-DVD-LP339-B339-F01-102
PROP-B339-F01-U103,B339,LP339,1,103,70.6,Residential,IND-AP-VSP-DVD-LP339-B339-F01-103
PROP-B339-F01-U104,B339,LP339,1,104,70.6,Residential,IND-AP-VSP-DVD-LP339-B339-F01-104
PROP-B339-F02-U201,B339,LP339,2,201,70.6,Residential,IND-AP-VSP-DVD-LP339-B339-F02-201
PROP-B339-F02-U202,B339,LP339,2,202,70.6,Residential,IND-AP-VSP-DVD-LP339-B339-F02-202
PROP-B339-F02-U203,B339,LP339,2,203,70.6,Residential,IND-AP-VSP-DVD-LP339-B339-F02-203
PROP-B339-F02-U204,B339,LP339,2,204,70.6,Residential,IND-AP-VSP-DVD-LP339-B339-F02-204
PROP-B339-F03-U301,B339,LP339,3,301,70.6,Residential,IND-AP-VSP-DVD-LP339-B339-F03-301
PROP-B339-F03-U302,B339,LP339,3,302,70.6,Residential,IND-AP-VSP-DVD-LP339-B339-F03-302
PROP-B339-F03-U303,B339,LP339,3,303,70.6,Residential,IND-AP-VSP-DVD-LP339-B339-F03-303
PROP-B339-F03-U304,B339,LP339,3,304,70.6,Residential,IND-AP-VSP-DVD-LP339-B339-F03-304
PROP-B339-F04-U401,B339,LP339,4,401,70.6,Residential,IND-AP-VSP-DVD-LP339-B339-F04-401
PROP-B339-F04-U402,B339,LP339,4,402,70.6,Residential,IND-AP-VSP-DVD-LP339-B339-F04-402
PROP-B339-F04-U403,B339,LP339,4,403,70.6,Residential,IND-AP-VSP-DVD-LP339-B339-F04-403
PROP-B339-F04-U404,B339,LP339,4,404,70.6,Residential,IND-AP-VSP-DVD-LP339-B339-F04-404
PROP-B339-F05-U501,B339,LP339,5,501,70.6,Residential,IND-AP-VSP-DVD-LP339-B339-F05-501
PROP-B339-F05-U502,B339,LP339,5,502,70.6,Residential,IND-AP-VSP-DVD-LP339-B339-F05-502
PROP-B339-F05-U503,B339,LP339,5,503,70.6,Residential,IND-AP-VSP-DVD-LP339-B339-F05-503
PROP-B339-F05-U504,B339,LP339,5,504,70.6,Residential,IND-AP-VSP-DVD-LP339-B339-F05-504
PROP-B340-F01-U101,B340,LP340,1,101,70.6,Residential,IND-AP-VSP-DVD-LP340-B340-F01-101
PROP-B340-F01-U102,B340,LP340,1,102,70.6,Residential,IND-AP-VSP-DVD-LP340-B340-F01-102
PROP-B340-F01-U103,B340,LP340,1,103,70.6,Residential,IND-AP-VSP-DVD-LP340-B340-F01-103
PROP-B340-F01-U104,B340,LP340,1,104,70.6,Residential,IND-AP-VSP-DVD-LP340-B340-F01-104
PROP-B340-F02-U201,B340,LP340,2,201,70.6,Residential,IND-AP-VSP-DVD-LP340-B340-F02-201
PROP-B340-F02-U202,B340,LP340,2,202,70.6,Residential,IND-AP-VSP-DVD-LP340-B340-F02-202
PROP-B340-F02-U203,B340,LP340,2,203,70.6,Residential,IND-AP-VSP-DVD-LP340-B340-F02-203
PROP-B340-F02-U204,B340,LP340,2,204,70.6,Residential,IND-AP-VSP-DVD-LP340-B340-F02-204
PROP-B340-F03-U301,B340,LP340,3,301,70.6,Residential,IND-AP-VSP-DVD-LP340-B340-F03-301
PROP-B340-F03-U302,B340,LP340,3,302,70.6,Residential,IND-AP-VSP-DVD-LP340-B340-F03-302
PROP-B340-F03-U303,B340,LP340,3,303,70.6,Residential,IND-AP-VSP-DVD-LP340-B340-F03-303
PROP-B340-F03-U304,B340,LP340,3,304,70.6,Residential,IND-AP-VSP-DVD-LP340-B340-F03-304
PROP-B340-F04-U401,B340,LP340,4,401,70.6,Residential,IND-AP-VSP-DVD-LP340-B340-F04-401
PROP-B340-F04-U402,B340,LP340,4,402,70.6,Residential,IND-AP-VSP-DVD-LP340-B340-F04-402
PROP-B340-F04-U403,B340,LP340,4,403,70.6,Residential,IND-AP-VSP-DVD-LP340-B340-F04-403
PROP-B340-F04-U404,B340,LP340,4,404,70.6,Residential,IND-AP-VSP-DVD-LP340-B340-F04-404
PROP-B340-F05-U501,B340,LP340,5,501,70.6,Residential,IND-AP-VSP-DVD-LP340-B340-F05-501
PROP-B340-F05-U502,B340,LP340,5,502,70.6,Residential,IND-AP-VSP-DVD-LP340-B340-F05-502
PROP-B340-F05-U503,B340,LP340,5,503,70.6,Residential,IND-AP-VSP-DVD-LP340-B340-F05-503
PROP-B340-F05-U504,B340,LP340,5,504,70.6,Residential,IND-AP-VSP-DVD-LP340-B340-F05-504
PROP-B341-F01-U101,B341,LP341,1,101,70.6,Residential,IND-AP-VSP-DVD-LP341-B341-F01-101
PROP-B341-F01-U102,B341,LP341,1,102,70.6,Residential,IND-AP-VSP-DVD-LP341-B341-F01-102
PROP-B341-F01-U103,B341,LP341,1,103,70.6,Residential,IND-AP-VSP-DVD-LP341-B341-F01-103
PROP-B341-F01-U104,B341,LP341,1,104,70.6,Residential,IND-AP-VSP-DVD-LP341-B341-F01-104
PROP-B341-F02-U201,B341,LP341,2,201,70.6,Residential,IND-AP-VSP-DVD-LP341-B341-F02-201
PROP-B341-F02-U202,B341,LP341,2,202,70.6,Residential,IND-AP-VSP-DVD-LP341-B341-F02-202
PROP-B341-F02-U203,B341,LP341,2,203,70.6,Residential,IND-AP-VSP-DVD-LP341-B341-F02-203
PROP-B341-F02-U204,B341,LP341,2,204,70.6,Residential,IND-AP-VSP-DVD-LP341-B341-F02-204
PROP-B341-F03-U301,B341,LP341,3,301,70.6,Residential,IND-AP-VSP-DVD-LP341-B341-F03-301
PROP-B341-F03-U302,B341,LP341,3,302,70.6,Residential,IND-AP-VSP-DVD-LP341-B341-F03-302
PROP-B341-F03-U303,B341,LP341,3,303,70.6,Residential,IND-AP-VSP-DVD-LP341-B341-F03-303
PROP-B341-F03-U304,B341,LP341,3,304,70.6,Residential,IND-AP-VSP-DVD-LP341-B341-F03-304
PROP-B341-F04-U401,B341,LP341,4,401,70.6,Residential,IND-AP-VSP-DVD-LP341-B341-F04-401
PROP-B341-F04-U402,B341,LP341,4,402,70.6,Residential,IND-AP-VSP-DVD-LP341-B341-F04-402
PROP-B341-F04-U403,B341,LP341,4,403,70.6,Residential,IND-AP-VSP-DVD-LP341-B341-F04-403
PROP-B341-F04-U404,B341,LP341,4,404,70.6,Residential,IND-AP-VSP-DVD-LP341-B341-F04-404
PROP-B341-F05-U501,B341,LP341,5,501,70.6,Residential,IND-AP-VSP-DVD-LP341-B341-F05-501
PROP-B341-F05-U502,B341,LP341,5,502,70.6,Residential,IND-AP-VSP-DVD-LP341-B341-F05-502
PROP-B341-F05-U503,B341,LP341,5,503,70.6,Residential,IND-AP-VSP-DVD-LP341-B341-F05-503
PROP-B341-F05-U504,B341,LP341,5,504,70.6,Residential,IND-AP-VSP-DVD-LP341-B341-F05-504
PROP-B342-F01-U101,B342,LP342,1,101,143.6,Shop,IND-AP-VSP-DVD-LP342-B342-F01-101
PROP-B342-F01-U102,B342,LP342,1,102,143.6,Shop,IND-AP-VSP-DVD-LP342-B342-F01-102
PROP-B342-F01-U103,B342,LP342,1,103,143.6,Shop,IND-AP-VSP-DVD-LP342-B342-F01-103
PROP-B342-F02-U201,B342,LP342,2,201,143.6,Office,IND-AP-VSP-DVD-LP342-B342-F02-201
PROP-B342-F02-U202,B342,LP342,2,202,143.6,Office,IND-AP-VSP-DVD-LP342-B342-F02-202
PROP-B342-F02-U203,B342,LP342,2,203,143.6,Office,IND-AP-VSP-DVD-LP342-B342-F02-203
PROP-B342-F03-U301,B342,LP342,3,301,143.6,Office,IND-AP-VSP-DVD-LP342-B342-F03-301
PROP-B342-F03-U302,B342,LP342,3,302,143.6,Office,IND-AP-VSP-DVD-LP342-B342-F03-302
PROP-B342-F03-U303,B342,LP342,3,303,143.6,Office,IND-AP-VSP-DVD-LP342-B342-F03-303
PROP-B342-F04-U401,B342,LP342,4,401,143.6,Office,IND-AP-VSP-DVD-LP342-B342-F04-401
PROP-B342-F04-U402,B342,LP342,4,402,143.6,Office,IND-AP-VSP-DVD-LP342-B342-F04-402
PROP-B342-F04-U403,B342,LP342,4,403,143.6,Office,IND-AP-VSP-DVD-LP342-B342-F04-403
PROP-B343-F01-U101,B343,LP343,1,101,143.5,Shop,IND-AP-VSP-DVD-LP343-B343-F01-101
PROP-B343-F01-U102,B343,LP343,1,102,143.5,Shop,IND-AP-VSP-DVD-LP343-B343-F01-102
PROP-B343-F01-U103,B343,LP343,1,103,143.5,Shop,IND-AP-VSP-DVD-LP343-B343-F01-103
PROP-B343-F02-U201,B343,LP343,2,201,143.5,Office,IND-AP-VSP-DVD-LP343-B343-F02-201
PROP-B343-F02-U202,B343,LP343,2,202,143.5,Office,IND-AP-VSP-DVD-LP343-B343-F02-202
PROP-B343-F02-U203,B343,LP343,2,203,143.5,Office,IND-AP-VSP-DVD-LP343-B343-F02-203
PROP-B343-F03-U301,B343,LP343,3,301,143.5,Office,IND-AP-VSP-DVD-LP343-B343-F03-301
PROP-B343-F03-U302,B343,LP343,3,302,143.5,Office,IND-AP-VSP-DVD-LP343-B343-F03-302
PROP-B343-F03-U303,B343,LP343,3,303,143.5,Office,IND-AP-VSP-DVD-LP343-B343-F03-303
PROP-B343-F04-U401,B343,LP343,4,401,143.5,Office,IND-AP-VSP-DVD-LP343-B343-F04-401
PROP-B343-F04-U402,B343,LP343,4,402,143.5,Office,IND-AP-VSP-DVD-LP343-B343-F04-402
PROP-B343-F04-U403,B343,LP343,4,403,143.5,Office,IND-AP-VSP-DVD-LP343-B343-F04-403
PROP-B344-F01-U101,B344,LP344,1,101,143.6,Shop,IND-AP-VSP-DVD-LP344-B344-F01-101
PROP-B344-F01-U102,B344,LP344,1,102,143.6,Shop,IND-AP-VSP-DVD-LP344-B344-F01-102
PROP-B344-F01-U103,B344,LP344,1,103,143.6,Shop,IND-AP-VSP-DVD-LP344-B344-F01-103
PROP-B344-F02-U201,B344,LP344,2,201,143.6,Office,IND-AP-VSP-DVD-LP344-B344-F02-201
PROP-B344-F02-U202,B344,LP344,2,202,143.6,Office,IND-AP-VSP-DVD-LP344-B344-F02-202
PROP-B344-F02-U203,B344,LP344,2,203,143.6,Office,IND-AP-VSP-DVD-LP344-B344-F02-203
PROP-B344-F03-U301,B344,LP344,3,301,143.6,Office,IND-AP-VSP-DVD-LP344-B344-F03-301
PROP-B344-F03-U302,B344,LP344,3,302,143.6,Office,IND-AP-VSP-DVD-LP344-B344-F03-302
PROP-B344-F03-U303,B344,LP344,3,303,143.6,Office,IND-AP-VSP-DVD-LP344-B344-F03-303
PROP-B344-F04-U401,B344,LP344,4,401,143.6,Office,IND-AP-VSP-DVD-LP344-B344-F04-401
PROP-B344-F04-U402,B344,LP344,4,402,143.6,Office,IND-AP-VSP-DVD-LP344-B344-F04-402
PROP-B344-F04-U403,B344,LP344,4,403,143.6,Office,IND-AP-VSP-DVD-LP344-B344-F04-403
PROP-B345-F01-U101,B345,LP345,1,101,143.6,Shop,IND-AP-VSP-DVD-LP345-B345-F01-101
PROP-B345-F01-U102,B345,LP345,1,102,143.6,Shop,IND-AP-VSP-DVD-LP345-B345-F01-102
PROP-B345-F01-U103,B345,LP345,1,103,143.6,Shop,IND-AP-VSP-DVD-LP345-B345-F01-103
PROP-B345-F02-U201,B345,LP345,2,201,143.6,Office,IND-AP-VSP-DVD-LP345-B345-F02-201
PROP-B345-F02-U202,B345,LP345,2,202,143.6,Office,IND-AP-VSP-DVD-LP345-B345-F02-202
PROP-B345-F02-U203,B345,LP345,2,203,143.6,Office,IND-AP-VSP-DVD-LP345-B345-F02-203
PROP-B345-F03-U301,B345,LP345,3,301,143.6,Office,IND-AP-VSP-DVD-LP345-B345-F03-301
PROP-B345-F03-U302,B345,LP345,3,302,143.6,Office,IND-AP-VSP-DVD-LP345-B345-F03-302
PROP-B345-F03-U303,B345,LP345,3,303,143.6,Office,IND-AP-VSP-DVD-LP345-B345-F03-303
PROP-B345-F04-U401,B345,LP345,4,401,143.6,Office,IND-AP-VSP-DVD-LP345-B345-F04-401
PROP-B345-F04-U402,B345,LP345,4,402,143.6,Office,IND-AP-VSP-DVD-LP345-B345-F04-402
PROP-B345-F04-U403,B345,LP345,4,403,143.6,Office,IND-AP-VSP-DVD-LP345-B345-F04-403
PROP-B346-F01-U101,B346,LP346,1,101,143.5,Shop,IND-AP-VSP-DVD-LP346-B346-F01-101
PROP-B346-F01-U102,B346,LP346,1,102,143.5,Shop,IND-AP-VSP-DVD-LP346-B346-F01-102
PROP-B346-F01-U103,B346,LP346,1,103,143.5,Shop,IND-AP-VSP-DVD-LP346-B346-F01-103
PROP-B346-F02-U201,B346,LP346,2,201,143.5,Office,IND-AP-VSP-DVD-LP346-B346-F02-201
PROP-B346-F02-U202,B346,LP346,2,202,143.5,Office,IND-AP-VSP-DVD-LP346-B346-F02-202
PROP-B346-F02-U203,B346,LP346,2,203,143.5,Office,IND-AP-VSP-DVD-LP346-B346-F02-203
PROP-B346-F03-U301,B346,LP346,3,301,143.5,Office,IND-AP-VSP-DVD-LP346-B346-F03-301
PROP-B346-F03-U302,B346,LP346,3,302,143.5,Office,IND-AP-VSP-DVD-LP346-B346-F03-302
PROP-B346-F03-U303,B346,LP346,3,303,143.5,Office,IND-AP-VSP-DVD-LP346-B346-F03-303
PROP-B346-F04-U401,B346,LP346,4,401,143.5,Office,IND-AP-VSP-DVD-LP346-B346-F04-401
PROP-B346-F04-U402,B346,LP346,4,402,143.5,Office,IND-AP-VSP-DVD-LP346-B346-F04-402
PROP-B346-F04-U403,B346,LP346,4,403,143.5,Office,IND-AP-VSP-DVD-LP346-B346-F04-403
PROP-B347-F01-U101,B347,LP347,1,101,143.5,Shop,IND-AP-VSP-DVD-LP347-B347-F01-101
PROP-B347-F01-U102,B347,LP347,1,102,143.5,Shop,IND-AP-VSP-DVD-LP347-B347-F01-102
PROP-B347-F01-U103,B347,LP347,1,103,143.5,Shop,IND-AP-VSP-DVD-LP347-B347-F01-103
PROP-B347-F02-U201,B347,LP347,2,201,143.5,Office,IND-AP-VSP-DVD-LP347-B347-F02-201
PROP-B347-F02-U202,B347,LP347,2,202,143.5,Office,IND-AP-VSP-DVD-LP347-B347-F02-202
PROP-B347-F02-U203,B347,LP347,2,203,143.5,Office,IND-AP-VSP-DVD-LP347-B347-F02-203
PROP-B347-F03-U301,B347,LP347,3,301,143.5,Office,IND-AP-VSP-DVD-LP347-B347-F03-301
PROP-B347-F03-U302,B347,LP347,3,302,143.5,Office,IND-AP-VSP-DVD-LP347-B347-F03-302
PROP-B347-F03-U303,B347,LP347,3,303,143.5,Office,IND-AP-VSP-DVD-LP347-B347-F03-303
PROP-B347-F04-U401,B347,LP347,4,401,143.5,Office,IND-AP-VSP-DVD-LP347-B347-F04-401
PROP-B347-F04-U402,B347,LP347,4,402,143.5,Office,IND-AP-VSP-DVD-LP347-B347-F04-402
PROP-B347-F04-U403,B347,LP347,4,403,143.5,Office,IND-AP-VSP-DVD-LP347-B347-F04-403
PROP-B348-F01-U101,B348,LP348,1,101,143.5,Shop,IND-AP-VSP-DVD-LP348-B348-F01-101
PROP-B348-F01-U102,B348,LP348,1,102,143.5,Shop,IND-AP-VSP-DVD-LP348-B348-F01-102
PROP-B348-F01-U103,B348,LP348,1,103,143.5,Shop,IND-AP-VSP-DVD-LP348-B348-F01-103
PROP-B348-F02-U201,B348,LP348,2,201,143.5,Office,IND-AP-VSP-DVD-LP348-B348-F02-201
PROP-B348-F02-U202,B348,LP348,2,202,143.5,Office,IND-AP-VSP-DVD-LP348-B348-F02-202
PROP-B348-F02-U203,B348,LP348,2,203,143.5,Office,IND-AP-VSP-DVD-LP348-B348-F02-203
PROP-B348-F03-U301,B348,LP348,3,301,143.5,Office,IND-AP-VSP-DVD-LP348-B348-F03-301
PROP-B348-F03-U302,B348,LP348,3,302,143.5,Office,IND-AP-VSP-DVD-LP348-B348-F03-302
PROP-B348-F03-U303,B348,LP348,3,303,143.5,Office,IND-AP-VSP-DVD-LP348-B348-F03-303
PROP-B348-F04-U401,B348,LP348,4,401,143.5,Office,IND-AP-VSP-DVD-LP348-B348-F04-401
PROP-B348-F04-U402,B348,LP348,4,402,143.5,Office,IND-AP-VSP-DVD-LP348-B348-F04-402
PROP-B348-F04-U403,B348,LP348,4,403,143.5,Office,IND-AP-VSP-DVD-LP348-B348-F04-403
PROP-B349-F01-U101,B349,LP349,1,101,143.5,Shop,IND-AP-VSP-DVD-LP349-B349-F01-101
PROP-B349-F01-U102,B349,LP349,1,102,143.5,Shop,IND-AP-VSP-DVD-LP349-B349-F01-102
PROP-B349-F01-U103,B349,LP349,1,103,143.5,Shop,IND-AP-VSP-DVD-LP349-B349-F01-103
PROP-B349-F02-U201,B349,LP349,2,201,143.5,Office,IND-AP-VSP-DVD-LP349-B349-F02-201
PROP-B349-F02-U202,B349,LP349,2,202,143.5,Office,IND-AP-VSP-DVD-LP349-B349-F02-202
PROP-B349-F02-U203,B349,LP349,2,203,143.5,Office,IND-AP-VSP-DVD-LP349-B349-F02-203
PROP-B349-F03-U301,B349,LP349,3,301,143.5,Office,IND-AP-VSP-DVD-LP349-B349-F03-301
PROP-B349-F03-U302,B349,LP349,3,302,143.5,Office,IND-AP-VSP-DVD-LP349-B349-F03-302
PROP-B349-F03-U303,B349,LP349,3,303,143.5,Office,IND-AP-VSP-DVD-LP349-B349-F03-303
PROP-B349-F04-U401,B349,LP349,4,401,143.5,Office,IND-AP-VSP-DVD-LP349-B349-F04-401
PROP-B349-F04-U402,B349,LP349,4,402,143.5,Office,IND-AP-VSP-DVD-LP349-B349-F04-402
PROP-B349-F04-U403,B349,LP349,4,403,143.5,Office,IND-AP-VSP-DVD-LP349-B349-F04-403
PROP-B350-F01-U101,B350,LP350,1,101,143.5,Shop,IND-AP-VSP-DVD-LP350-B350-F01-101
PROP-B350-F01-U102,B350,LP350,1,102,143.5,Shop,IND-AP-VSP-DVD-LP350-B350-F01-102
PROP-B350-F01-U103,B350,LP350,1,103,143.5,Shop,IND-AP-VSP-DVD-LP350-B350-F01-103
PROP-B350-F02-U201,B350,LP350,2,201,143.5,Office,IND-AP-VSP-DVD-LP350-B350-F02-201
PROP-B350-F02-U202,B350,LP350,2,202,143.5,Office,IND-AP-VSP-DVD-LP350-B350-F02-202
PROP-B350-F02-U203,B350,LP350,2,203,143.5,Office,IND-AP-VSP-DVD-LP350-B350-F02-203
PROP-B350-F03-U301,B350,LP350,3,301,143.5,Office,IND-AP-VSP-DVD-LP350-B350-F03-301
PROP-B350-F03-U302,B350,LP350,3,302,143.5,Office,IND-AP-VSP-DVD-LP350-B350-F03-302
PROP-B350-F03-U303,B350,LP350,3,303,143.5,Office,IND-AP-VSP-DVD-LP350-B350-F03-303
PROP-B350-F04-U401,B350,LP350,4,401,143.5,Office,IND-AP-VSP-DVD-LP350-B350-F04-401
PROP-B350-F04-U402,B350,LP350,4,402,143.5,Office,IND-AP-VSP-DVD-LP350-B350-F04-402
PROP-B350-F04-U403,B350,LP350,4,403,143.5,Office,IND-AP-VSP-DVD-LP350-B350-F04-403
PROP-B351-F01-U101,B351,LP351,1,101,143.5,Shop,IND-AP-VSP-DVD-LP351-B351-F01-101
PROP-B351-F01-U102,B351,LP351,1,102,143.5,Shop,IND-AP-VSP-DVD-LP351-B351-F01-102
PROP-B351-F01-U103,B351,LP351,1,103,143.5,Shop,IND-AP-VSP-DVD-LP351-B351-F01-103
PROP-B351-F02-U201,B351,LP351,2,201,143.5,Office,IND-AP-VSP-DVD-LP351-B351-F02-201
PROP-B351-F02-U202,B351,LP351,2,202,143.5,Office,IND-AP-VSP-DVD-LP351-B351-F02-202
PROP-B351-F02-U203,B351,LP351,2,203,143.5,Office,IND-AP-VSP-DVD-LP351-B351-F02-203
PROP-B351-F03-U301,B351,LP351,3,301,143.5,Office,IND-AP-VSP-DVD-LP351-B351-F03-301
PROP-B351-F03-U302,B351,LP351,3,302,143.5,Office,IND-AP-VSP-DVD-LP351-B351-F03-302
PROP-B351-F03-U303,B351,LP351,3,303,143.5,Office,IND-AP-VSP-DVD-LP351-B351-F03-303
PROP-B351-F04-U401,B351,LP351,4,401,143.5,Office,IND-AP-VSP-DVD-LP351-B351-F04-401
PROP-B351-F04-U402,B351,LP351,4,402,143.5,Office,IND-AP-VSP-DVD-LP351-B351-F04-402
PROP-B351-F04-U403,B351,LP351,4,403,143.5,Office,IND-AP-VSP-DVD-LP351-B351-F04-403
PROP-B352-F01-U101,B352,LP352,1,101,143.6,Shop,IND-AP-VSP-DVD-LP352-B352-F01-101
PROP-B352-F01-U102,B352,LP352,1,102,143.6,Shop,IND-AP-VSP-DVD-LP352-B352-F01-102
PROP-B352-F01-U103,B352,LP352,1,103,143.6,Shop,IND-AP-VSP-DVD-LP352-B352-F01-103
PROP-B352-F02-U201,B352,LP352,2,201,143.6,Office,IND-AP-VSP-DVD-LP352-B352-F02-201
PROP-B352-F02-U202,B352,LP352,2,202,143.6,Office,IND-AP-VSP-DVD-LP352-B352-F02-202
PROP-B352-F02-U203,B352,LP352,2,203,143.6,Office,IND-AP-VSP-DVD-LP352-B352-F02-203
PROP-B352-F03-U301,B352,LP352,3,301,143.6,Office,IND-AP-VSP-DVD-LP352-B352-F03-301
PROP-B352-F03-U302,B352,LP352,3,302,143.6,Office,IND-AP-VSP-DVD-LP352-B352-F03-302
PROP-B352-F03-U303,B352,LP352,3,303,143.6,Office,IND-AP-VSP-DVD-LP352-B352-F03-303
PROP-B352-F04-U401,B352,LP352,4,401,143.6,Office,IND-AP-VSP-DVD-LP352-B352-F04-401
PROP-B352-F04-U402,B352,LP352,4,402,143.6,Office,IND-AP-VSP-DVD-LP352-B352-F04-402
PROP-B352-F04-U403,B352,LP352,4,403,143.6,Office,IND-AP-VSP-DVD-LP352-B352-F04-403
PROP-B353-F01-U101,B353,LP353,1,101,143.5,Shop,IND-AP-VSP-DVD-LP353-B353-F01-101
PROP-B353-F01-U102,B353,LP353,1,102,143.5,Shop,IND-AP-VSP-DVD-LP353-B353-F01-102
PROP-B353-F01-U103,B353,LP353,1,103,143.5,Shop,IND-AP-VSP-DVD-LP353-B353-F01-103
PROP-B353-F02-U201,B353,LP353,2,201,143.5,Office,IND-AP-VSP-DVD-LP353-B353-F02-201
PROP-B353-F02-U202,B353,LP353,2,202,143.5,Office,IND-AP-VSP-DVD-LP353-B353-F02-202
PROP-B353-F02-U203,B353,LP353,2,203,143.5,Office,IND-AP-VSP-DVD-LP353-B353-F02-203
PROP-B353-F03-U301,B353,LP353,3,301,143.5,Office,IND-AP-VSP-DVD-LP353-B353-F03-301
PROP-B353-F03-U302,B353,LP353,3,302,143.5,Office,IND-AP-VSP-DVD-LP353-B353-F03-302
PROP-B353-F03-U303,B353,LP353,3,303,143.5,Office,IND-AP-VSP-DVD-LP353-B353-F03-303
PROP-B353-F04-U401,B353,LP353,4,401,143.5,Office,IND-AP-VSP-DVD-LP353-B353-F04-401
PROP-B353-F04-U402,B353,LP353,4,402,143.5,Office,IND-AP-VSP-DVD-LP353-B353-F04-402
PROP-B353-F04-U403,B353,LP353,4,403,143.5,Office,IND-AP-VSP-DVD-LP353-B353-F04-403
PROP-B354-F01-U101,B354,LP354,1,101,143.5,Shop,IND-AP-VSP-DVD-LP354-B354-F01-101
PROP-B354-F01-U102,B354,LP354,1,102,143.5,Shop,IND-AP-VSP-DVD-LP354-B354-F01-102
PROP-B354-F01-U103,B354,LP354,1,103,143.5,Shop,IND-AP-VSP-DVD-LP354-B354-F01-103
PROP-B354-F02-U201,B354,LP354,2,201,143.5,Office,IND-AP-VSP-DVD-LP354-B354-F02-201
PROP-B354-F02-U202,B354,LP354,2,202,143.5,Office,IND-AP-VSP-DVD-LP354-B354-F02-202
PROP-B354-F02-U203,B354,LP354,2,203,143.5,Office,IND-AP-VSP-DVD-LP354-B354-F02-203
PROP-B354-F03-U301,B354,LP354,3,301,143.5,Office,IND-AP-VSP-DVD-LP354-B354-F03-301
PROP-B354-F03-U302,B354,LP354,3,302,143.5,Office,IND-AP-VSP-DVD-LP354-B354-F03-302
PROP-B354-F03-U303,B354,LP354,3,303,143.5,Office,IND-AP-VSP-DVD-LP354-B354-F03-303
PROP-B354-F04-U401,B354,LP354,4,401,143.5,Office,IND-AP-VSP-DVD-LP354-B354-F04-401
PROP-B354-F04-U402,B354,LP354,4,402,143.5,Office,IND-AP-VSP-DVD-LP354-B354-F04-402
PROP-B354-F04-U403,B354,LP354,4,403,143.5,Office,IND-AP-VSP-DVD-LP354-B354-F04-403
PROP-B355-F01-U101,B355,LP355,1,101,143.5,Shop,IND-AP-VSP-DVD-LP355-B355-F01-101
PROP-B355-F01-U102,B355,LP355,1,102,143.5,Shop,IND-AP-VSP-DVD-LP355-B355-F01-102
PROP-B355-F01-U103,B355,LP355,1,103,143.5,Shop,IND-AP-VSP-DVD-LP355-B355-F01-103
PROP-B355-F02-U201,B355,LP355,2,201,143.5,Office,IND-AP-VSP-DVD-LP355-B355-F02-201
PROP-B355-F02-U202,B355,LP355,2,202,143.5,Office,IND-AP-VSP-DVD-LP355-B355-F02-202
PROP-B355-F02-U203,B355,LP355,2,203,143.5,Office,IND-AP-VSP-DVD-LP355-B355-F02-203
PROP-B355-F03-U301,B355,LP355,3,301,143.5,Office,IND-AP-VSP-DVD-LP355-B355-F03-301
PROP-B355-F03-U302,B355,LP355,3,302,143.5,Office,IND-AP-VSP-DVD-LP355-B355-F03-302
PROP-B355-F03-U303,B355,LP355,3,303,143.5,Office,IND-AP-VSP-DVD-LP355-B355-F03-303
PROP-B355-F04-U401,B355,LP355,4,401,143.5,Office,IND-AP-VSP-DVD-LP355-B355-F04-401
PROP-B355-F04-U402,B355,LP355,4,402,143.5,Office,IND-AP-VSP-DVD-LP355-B355-F04-402
PROP-B355-F04-U403,B355,LP355,4,403,143.5,Office,IND-AP-VSP-DVD-LP355-B355-F04-403
PROP-B356-F01-U101,B356,LP356,1,101,143.5,Shop,IND-AP-VSP-DVD-LP356-B356-F01-101
PROP-B356-F01-U102,B356,LP356,1,102,143.5,Shop,IND-AP-VSP-DVD-LP356-B356-F01-102
PROP-B356-F01-U103,B356,LP356,1,103,143.5,Shop,IND-AP-VSP-DVD-LP356-B356-F01-103
PROP-B356-F02-U201,B356,LP356,2,201,143.5,Office,IND-AP-VSP-DVD-LP356-B356-F02-201
PROP-B356-F02-U202,B356,LP356,2,202,143.5,Office,IND-AP-VSP-DVD-LP356-B356-F02-202
PROP-B356-F02-U203,B356,LP356,2,203,143.5,Office,IND-AP-VSP-DVD-LP356-B356-F02-203
PROP-B356-F03-U301,B356,LP356,3,301,143.5,Office,IND-AP-VSP-DVD-LP356-B356-F03-301
PROP-B356-F03-U302,B356,LP356,3,302,143.5,Office,IND-AP-VSP-DVD-LP356-B356-F03-302
PROP-B356-F03-U303,B356,LP356,3,303,143.5,Office,IND-AP-VSP-DVD-LP356-B356-F03-303
PROP-B356-F04-U401,B356,LP356,4,401,143.5,Office,IND-AP-VSP-DVD-LP356-B356-F04-401
PROP-B356-F04-U402,B356,LP356,4,402,143.5,Office,IND-AP-VSP-DVD-LP356-B356-F04-402
PROP-B356-F04-U403,B356,LP356,4,403,143.5,Office,IND-AP-VSP-DVD-LP356-B356-F04-403
PROP-B357-F01-U101,B357,LP357,1,101,143.5,Shop,IND-AP-VSP-DVD-LP357-B357-F01-101
PROP-B357-F01-U102,B357,LP357,1,102,143.5,Shop,IND-AP-VSP-DVD-LP357-B357-F01-102
PROP-B357-F01-U103,B357,LP357,1,103,143.5,Shop,IND-AP-VSP-DVD-LP357-B357-F01-103
PROP-B357-F02-U201,B357,LP357,2,201,143.5,Office,IND-AP-VSP-DVD-LP357-B357-F02-201
PROP-B357-F02-U202,B357,LP357,2,202,143.5,Office,IND-AP-VSP-DVD-LP357-B357-F02-202
PROP-B357-F02-U203,B357,LP357,2,203,143.5,Office,IND-AP-VSP-DVD-LP357-B357-F02-203
PROP-B357-F03-U301,B357,LP357,3,301,143.5,Office,IND-AP-VSP-DVD-LP357-B357-F03-301
PROP-B357-F03-U302,B357,LP357,3,302,143.5,Office,IND-AP-VSP-DVD-LP357-B357-F03-302
PROP-B357-F03-U303,B357,LP357,3,303,143.5,Office,IND-AP-VSP-DVD-LP357-B357-F03-303
PROP-B357-F04-U401,B357,LP357,4,401,143.5,Office,IND-AP-VSP-DVD-LP357-B357-F04-401
PROP-B357-F04-U402,B357,LP357,4,402,143.5,Office,IND-AP-VSP-DVD-LP357-B357-F04-402
PROP-B357-F04-U403,B357,LP357,4,403,143.5,Office,IND-AP-VSP-DVD-LP357-B357-F04-403
PROP-B358-F01-U101,B358,LP358,1,101,143.6,Shop,IND-AP-VSP-DVD-LP358-B358-F01-101
PROP-B358-F01-U102,B358,LP358,1,102,143.6,Shop,IND-AP-VSP-DVD-LP358-B358-F01-102
PROP-B358-F01-U103,B358,LP358,1,103,143.6,Shop,IND-AP-VSP-DVD-LP358-B358-F01-103
PROP-B358-F02-U201,B358,LP358,2,201,143.6,Office,IND-AP-VSP-DVD-LP358-B358-F02-201
PROP-B358-F02-U202,B358,LP358,2,202,143.6,Office,IND-AP-VSP-DVD-LP358-B358-F02-202
PROP-B358-F02-U203,B358,LP358,2,203,143.6,Office,IND-AP-VSP-DVD-LP358-B358-F02-203
PROP-B358-F03-U301,B358,LP358,3,301,143.6,Office,IND-AP-VSP-DVD-LP358-B358-F03-301
PROP-B358-F03-U302,B358,LP358,3,302,143.6,Office,IND-AP-VSP-DVD-LP358-B358-F03-302
PROP-B358-F03-U303,B358,LP358,3,303,143.6,Office,IND-AP-VSP-DVD-LP358-B358-F03-303
PROP-B358-F04-U401,B358,LP358,4,401,143.6,Office,IND-AP-VSP-DVD-LP358-B358-F04-401
PROP-B358-F04-U402,B358,LP358,4,402,143.6,Office,IND-AP-VSP-DVD-LP358-B358-F04-402
PROP-B358-F04-U403,B358,LP358,4,403,143.6,Office,IND-AP-VSP-DVD-LP358-B358-F04-403
PROP-B359-F01-U101,B359,LP359,1,101,143.5,Shop,IND-AP-VSP-DVD-LP359-B359-F01-101
PROP-B359-F01-U102,B359,LP359,1,102,143.5,Shop,IND-AP-VSP-DVD-LP359-B359-F01-102
PROP-B359-F01-U103,B359,LP359,1,103,143.5,Shop,IND-AP-VSP-DVD-LP359-B359-F01-103
PROP-B359-F02-U201,B359,LP359,2,201,143.5,Office,IND-AP-VSP-DVD-LP359-B359-F02-201
PROP-B359-F02-U202,B359,LP359,2,202,143.5,Office,IND-AP-VSP-DVD-LP359-B359-F02-202
PROP-B359-F02-U203,B359,LP359,2,203,143.5,Office,IND-AP-VSP-DVD-LP359-B359-F02-203
PROP-B359-F03-U301,B359,LP359,3,301,143.5,Office,IND-AP-VSP-DVD-LP359-B359-F03-301
PROP-B359-F03-U302,B359,LP359,3,302,143.5,Office,IND-AP-VSP-DVD-LP359-B359-F03-302
PROP-B359-F03-U303,B359,LP359,3,303,143.5,Office,IND-AP-VSP-DVD-LP359-B359-F03-303
PROP-B359-F04-U401,B359,LP359,4,401,143.5,Office,IND-AP-VSP-DVD-LP359-B359-F04-401
PROP-B359-F04-U402,B359,LP359,4,402,143.5,Office,IND-AP-VSP-DVD-LP359-B359-F04-402
PROP-B359-F04-U403,B359,LP359,4,403,143.5,Office,IND-AP-VSP-DVD-LP359-B359-F04-403
PROP-B360-F01-U101,B360,LP360,1,101,143.5,Shop,IND-AP-VSP-DVD-LP360-B360-F01-101
PROP-B360-F01-U102,B360,LP360,1,102,143.5,Shop,IND-AP-VSP-DVD-LP360-B360-F01-102
PROP-B360-F01-U103,B360,LP360,1,103,143.5,Shop,IND-AP-VSP-DVD-LP360-B360-F01-103
PROP-B360-F02-U201,B360,LP360,2,201,143.5,Office,IND-AP-VSP-DVD-LP360-B360-F02-201
PROP-B360-F02-U202,B360,LP360,2,202,143.5,Office,IND-AP-VSP-DVD-LP360-B360-F02-202
PROP-B360-F02-U203,B360,LP360,2,203,143.5,Office,IND-AP-VSP-DVD-LP360-B360-F02-203
PROP-B360-F03-U301,B360,LP360,3,301,143.5,Office,IND-AP-VSP-DVD-LP360-B360-F03-301
PROP-B360-F03-U302,B360,LP360,3,302,143.5,Office,IND-AP-VSP-DVD-LP360-B360-F03-302
PROP-B360-F03-U303,B360,LP360,3,303,143.5,Office,IND-AP-VSP-DVD-LP360-B360-F03-303
PROP-B360-F04-U401,B360,LP360,4,401,143.5,Office,IND-AP-VSP-DVD-LP360-B360-F04-401
PROP-B360-F04-U402,B360,LP360,4,402,143.5,Office,IND-AP-VSP-DVD-LP360-B360-F04-402
PROP-B360-F04-U403,B360,LP360,4,403,143.5,Office,IND-AP-VSP-DVD-LP360-B360-F04-403
PROP-B361-F01-U101,B361,LP361,1,101,143.6,Shop,IND-AP-VSP-DVD-LP361-B361-F01-101
PROP-B361-F01-U102,B361,LP361,1,102,143.6,Shop,IND-AP-VSP-DVD-LP361-B361-F01-102
PROP-B361-F01-U103,B361,LP361,1,103,143.6,Shop,IND-AP-VSP-DVD-LP361-B361-F01-103
PROP-B361-F02-U201,B361,LP361,2,201,143.6,Office,IND-AP-VSP-DVD-LP361-B361-F02-201
PROP-B361-F02-U202,B361,LP361,2,202,143.6,Office,IND-AP-VSP-DVD-LP361-B361-F02-202
PROP-B361-F02-U203,B361,LP361,2,203,143.6,Office,IND-AP-VSP-DVD-LP361-B361-F02-203
PROP-B361-F03-U301,B361,LP361,3,301,143.6,Office,IND-AP-VSP-DVD-LP361-B361-F03-301
PROP-B361-F03-U302,B361,LP361,3,302,143.6,Office,IND-AP-VSP-DVD-LP361-B361-F03-302
PROP-B361-F03-U303,B361,LP361,3,303,143.6,Office,IND-AP-VSP-DVD-LP361-B361-F03-303
PROP-B361-F04-U401,B361,LP361,4,401,143.6,Office,IND-AP-VSP-DVD-LP361-B361-F04-401
PROP-B361-F04-U402,B361,LP361,4,402,143.6,Office,IND-AP-VSP-DVD-LP361-B361-F04-402
PROP-B361-F04-U403,B361,LP361,4,403,143.6,Office,IND-AP-VSP-DVD-LP361-B361-F04-403
PROP-B362-F01-U101,B362,LP362,1,101,143.5,Shop,IND-AP-VSP-DVD-LP362-B362-F01-101
PROP-B362-F01-U102,B362,LP362,1,102,143.5,Shop,IND-AP-VSP-DVD-LP362-B362-F01-102
PROP-B362-F01-U103,B362,LP362,1,103,143.5,Shop,IND-AP-VSP-DVD-LP362-B362-F01-103
PROP-B362-F02-U201,B362,LP362,2,201,143.5,Office,IND-AP-VSP-DVD-LP362-B362-F02-201
PROP-B362-F02-U202,B362,LP362,2,202,143.5,Office,IND-AP-VSP-DVD-LP362-B362-F02-202
PROP-B362-F02-U203,B362,LP362,2,203,143.5,Office,IND-AP-VSP-DVD-LP362-B362-F02-203
PROP-B362-F03-U301,B362,LP362,3,301,143.5,Office,IND-AP-VSP-DVD-LP362-B362-F03-301
PROP-B362-F03-U302,B362,LP362,3,302,143.5,Office,IND-AP-VSP-DVD-LP362-B362-F03-302
PROP-B362-F03-U303,B362,LP362,3,303,143.5,Office,IND-AP-VSP-DVD-LP362-B362-F03-303
PROP-B362-F04-U401,B362,LP362,4,401,143.5,Office,IND-AP-VSP-DVD-LP362-B362-F04-401
PROP-B362-F04-U402,B362,LP362,4,402,143.5,Office,IND-AP-VSP-DVD-LP362-B362-F04-402
PROP-B362-F04-U403,B362,LP362,4,403,143.5,Office,IND-AP-VSP-DVD-LP362-B362-F04-403
PROP-B363-F01-U101,B363,LP363,1,101,143.5,Shop,IND-AP-VSP-DVD-LP363-B363-F01-101
PROP-B363-F01-U102,B363,LP363,1,102,143.5,Shop,IND-AP-VSP-DVD-LP363-B363-F01-102
PROP-B363-F01-U103,B363,LP363,1,103,143.5,Shop,IND-AP-VSP-DVD-LP363-B363-F01-103
PROP-B363-F02-U201,B363,LP363,2,201,143.5,Office,IND-AP-VSP-DVD-LP363-B363-F02-201
PROP-B363-F02-U202,B363,LP363,2,202,143.5,Office,IND-AP-VSP-DVD-LP363-B363-F02-202
PROP-B363-F02-U203,B363,LP363,2,203,143.5,Office,IND-AP-VSP-DVD-LP363-B363-F02-203
PROP-B363-F03-U301,B363,LP363,3,301,143.5,Office,IND-AP-VSP-DVD-LP363-B363-F03-301
PROP-B363-F03-U302,B363,LP363,3,302,143.5,Office,IND-AP-VSP-DVD-LP363-B363-F03-302
PROP-B363-F03-U303,B363,LP363,3,303,143.5,Office,IND-AP-VSP-DVD-LP363-B363-F03-303
PROP-B363-F04-U401,B363,LP363,4,401,143.5,Office,IND-AP-VSP-DVD-LP363-B363-F04-401
PROP-B363-F04-U402,B363,LP363,4,402,143.5,Office,IND-AP-VSP-DVD-LP363-B363-F04-402
PROP-B363-F04-U403,B363,LP363,4,403,143.5,Office,IND-AP-VSP-DVD-LP363-B363-F04-403
PROP-B364-F01-U101,B364,LP364,1,101,143.5,Shop,IND-AP-VSP-DVD-LP364-B364-F01-101
PROP-B364-F01-U102,B364,LP364,1,102,143.5,Shop,IND-AP-VSP-DVD-LP364-B364-F01-102
PROP-B364-F01-U103,B364,LP364,1,103,143.5,Shop,IND-AP-VSP-DVD-LP364-B364-F01-103
PROP-B364-F02-U201,B364,LP364,2,201,143.5,Office,IND-AP-VSP-DVD-LP364-B364-F02-201
PROP-B364-F02-U202,B364,LP364,2,202,143.5,Office,IND-AP-VSP-DVD-LP364-B364-F02-202
PROP-B364-F02-U203,B364,LP364,2,203,143.5,Office,IND-AP-VSP-DVD-LP364-B364-F02-203
PROP-B364-F03-U301,B364,LP364,3,301,143.5,Office,IND-AP-VSP-DVD-LP364-B364-F03-301
PROP-B364-F03-U302,B364,LP364,3,302,143.5,Office,IND-AP-VSP-DVD-LP364-B364-F03-302
PROP-B364-F03-U303,B364,LP364,3,303,143.5,Office,IND-AP-VSP-DVD-LP364-B364-F03-303
PROP-B364-F04-U401,B364,LP364,4,401,143.5,Office,IND-AP-VSP-DVD-LP364-B364-F04-401
PROP-B364-F04-U402,B364,LP364,4,402,143.5,Office,IND-AP-VSP-DVD-LP364-B364-F04-402
PROP-B364-F04-U403,B364,LP364,4,403,143.5,Office,IND-AP-VSP-DVD-LP364-B364-F04-403
PROP-B365-F01-U101,B365,LP365,1,101,143.5,Shop,IND-AP-VSP-DVD-LP365-B365-F01-101
PROP-B365-F01-U102,B365,LP365,1,102,143.5,Shop,IND-AP-VSP-DVD-LP365-B365-F01-102
PROP-B365-F01-U103,B365,LP365,1,103,143.5,Shop,IND-AP-VSP-DVD-LP365-B365-F01-103
PROP-B365-F02-U201,B365,LP365,2,201,143.5,Office,IND-AP-VSP-DVD-LP365-B365-F02-201
PROP-B365-F02-U202,B365,LP365,2,202,143.5,Office,IND-AP-VSP-DVD-LP365-B365-F02-202
PROP-B365-F02-U203,B365,LP365,2,203,143.5,Office,IND-AP-VSP-DVD-LP365-B365-F02-203
PROP-B365-F03-U301,B365,LP365,3,301,143.5,Office,IND-AP-VSP-DVD-LP365-B365-F03-301
PROP-B365-F03-U302,B365,LP365,3,302,143.5,Office,IND-AP-VSP-DVD-LP365-B365-F03-302
PROP-B365-F03-U303,B365,LP365,3,303,143.5,Office,IND-AP-VSP-DVD-LP365-B365-F03-303
PROP-B365-F04-U401,B365,LP365,4,401,143.5,Office,IND-AP-VSP-DVD-LP365-B365-F04-401
PROP-B365-F04-U402,B365,LP365,4,402,143.5,Office,IND-AP-VSP-DVD-LP365-B365-F04-402
PROP-B365-F04-U403,B365,LP365,4,403,143.5,Office,IND-AP-VSP-DVD-LP365-B365-F04-403
PROP-B366-F01-U101,B366,LP366,1,101,143.5,Shop,IND-AP-VSP-DVD-LP366-B366-F01-101
PROP-B366-F01-U102,B366,LP366,1,102,143.5,Shop,IND-AP-VSP-DVD-LP366-B366-F01-102
PROP-B366-F01-U103,B366,LP366,1,103,143.5,Shop,IND-AP-VSP-DVD-LP366-B366-F01-103
PROP-B366-F02-U201,B366,LP366,2,201,143.5,Office,IND-AP-VSP-DVD-LP366-B366-F02-201
PROP-B366-F02-U202,B366,LP366,2,202,143.5,Office,IND-AP-VSP-DVD-LP366-B366-F02-202
PROP-B366-F02-U203,B366,LP366,2,203,143.5,Office,IND-AP-VSP-DVD-LP366-B366-F02-203
PROP-B366-F03-U301,B366,LP366,3,301,143.5,Office,IND-AP-VSP-DVD-LP366-B366-F03-301
PROP-B366-F03-U302,B366,LP366,3,302,143.5,Office,IND-AP-VSP-DVD-LP366-B366-F03-302
PROP-B366-F03-U303,B366,LP366,3,303,143.5,Office,IND-AP-VSP-DVD-LP366-B366-F03-303
PROP-B366-F04-U401,B366,LP366,4,401,143.5,Office,IND-AP-VSP-DVD-LP366-B366-F04-401
PROP-B366-F04-U402,B366,LP366,4,402,143.5,Office,IND-AP-VSP-DVD-LP366-B366-F04-402
PROP-B366-F04-U403,B366,LP366,4,403,143.5,Office,IND-AP-VSP-DVD-LP366-B366-F04-403
PROP-B367-F01-U101,B367,LP367,1,101,143.5,Shop,IND-AP-VSP-DVD-LP367-B367-F01-101
PROP-B367-F01-U102,B367,LP367,1,102,143.5,Shop,IND-AP-VSP-DVD-LP367-B367-F01-102
PROP-B367-F01-U103,B367,LP367,1,103,143.5,Shop,IND-AP-VSP-DVD-LP367-B367-F01-103
PROP-B367-F02-U201,B367,LP367,2,201,143.5,Office,IND-AP-VSP-DVD-LP367-B367-F02-201
PROP-B367-F02-U202,B367,LP367,2,202,143.5,Office,IND-AP-VSP-DVD-LP367-B367-F02-202
PROP-B367-F02-U203,B367,LP367,2,203,143.5,Office,IND-AP-VSP-DVD-LP367-B367-F02-203
PROP-B367-F03-U301,B367,LP367,3,301,143.5,Office,IND-AP-VSP-DVD-LP367-B367-F03-301
PROP-B367-F03-U302,B367,LP367,3,302,143.5,Office,IND-AP-VSP-DVD-LP367-B367-F03-302
PROP-B367-F03-U303,B367,LP367,3,303,143.5,Office,IND-AP-VSP-DVD-LP367-B367-F03-303
PROP-B367-F04-U401,B367,LP367,4,401,143.5,Office,IND-AP-VSP-DVD-LP367-B367-F04-401
PROP-B367-F04-U402,B367,LP367,4,402,143.5,Office,IND-AP-VSP-DVD-LP367-B367-F04-402
PROP-B367-F04-U403,B367,LP367,4,403,143.5,Office,IND-AP-VSP-DVD-LP367-B367-F04-403
PROP-B368-F01-U101,B368,LP368,1,101,143.5,Shop,IND-AP-VSP-DVD-LP368-B368-F01-101
PROP-B368-F01-U102,B368,LP368,1,102,143.5,Shop,IND-AP-VSP-DVD-LP368-B368-F01-102
PROP-B368-F01-U103,B368,LP368,1,103,143.5,Shop,IND-AP-VSP-DVD-LP368-B368-F01-103
PROP-B368-F02-U201,B368,LP368,2,201,143.5,Office,IND-AP-VSP-DVD-LP368-B368-F02-201
PROP-B368-F02-U202,B368,LP368,2,202,143.5,Office,IND-AP-VSP-DVD-LP368-B368-F02-202
PROP-B368-F02-U203,B368,LP368,2,203,143.5,Office,IND-AP-VSP-DVD-LP368-B368-F02-203
PROP-B368-F03-U301,B368,LP368,3,301,143.5,Office,IND-AP-VSP-DVD-LP368-B368-F03-301
PROP-B368-F03-U302,B368,LP368,3,302,143.5,Office,IND-AP-VSP-DVD-LP368-B368-F03-302
PROP-B368-F03-U303,B368,LP368,3,303,143.5,Office,IND-AP-VSP-DVD-LP368-B368-F03-303
PROP-B368-F04-U401,B368,LP368,4,401,143.5,Office,IND-AP-VSP-DVD-LP368-B368-F04-401
PROP-B368-F04-U402,B368,LP368,4,402,143.5,Office,IND-AP-VSP-DVD-LP368-B368-F04-402
PROP-B368-F04-U403,B368,LP368,4,403,143.5,Office,IND-AP-VSP-DVD-LP368-B368-F04-403
PROP-B369-F01-U101,B369,LP369,1,101,143.5,Shop,IND-AP-VSP-DVD-LP369-B369-F01-101
PROP-B369-F01-U102,B369,LP369,1,102,143.5,Shop,IND-AP-VSP-DVD-LP369-B369-F01-102
PROP-B369-F01-U103,B369,LP369,1,103,143.5,Shop,IND-AP-VSP-DVD-LP369-B369-F01-103
PROP-B369-F02-U201,B369,LP369,2,201,143.5,Office,IND-AP-VSP-DVD-LP369-B369-F02-201
PROP-B369-F02-U202,B369,LP369,2,202,143.5,Office,IND-AP-VSP-DVD-LP369-B369-F02-202
PROP-B369-F02-U203,B369,LP369,2,203,143.5,Office,IND-AP-VSP-DVD-LP369-B369-F02-203
PROP-B369-F03-U301,B369,LP369,3,301,143.5,Office,IND-AP-VSP-DVD-LP369-B369-F03-301
PROP-B369-F03-U302,B369,LP369,3,302,143.5,Office,IND-AP-VSP-DVD-LP369-B369-F03-302
PROP-B369-F03-U303,B369,LP369,3,303,143.5,Office,IND-AP-VSP-DVD-LP369-B369-F03-303
PROP-B369-F04-U401,B369,LP369,4,401,143.5,Office,IND-AP-VSP-DVD-LP369-B369-F04-401
PROP-B369-F04-U402,B369,LP369,4,402,143.5,Office,IND-AP-VSP-DVD-LP369-B369-F04-402
PROP-B369-F04-U403,B369,LP369,4,403,143.5,Office,IND-AP-VSP-DVD-LP369-B369-F04-403
PROP-B370-F01-U101,B370,LP370,1,101,143.5,Shop,IND-AP-VSP-DVD-LP370-B370-F01-101
PROP-B370-F01-U102,B370,LP370,1,102,143.5,Shop,IND-AP-VSP-DVD-LP370-B370-F01-102
PROP-B370-F01-U103,B370,LP370,1,103,143.5,Shop,IND-AP-VSP-DVD-LP370-B370-F01-103
PROP-B370-F02-U201,B370,LP370,2,201,143.5,Office,IND-AP-VSP-DVD-LP370-B370-F02-201
PROP-B370-F02-U202,B370,LP370,2,202,143.5,Office,IND-AP-VSP-DVD-LP370-B370-F02-202
PROP-B370-F02-U203,B370,LP370,2,203,143.5,Office,IND-AP-VSP-DVD-LP370-B370-F02-203
PROP-B370-F03-U301,B370,LP370,3,301,143.5,Office,IND-AP-VSP-DVD-LP370-B370-F03-301
PROP-B370-F03-U302,B370,LP370,3,302,143.5,Office,IND-AP-VSP-DVD-LP370-B370-F03-302
PROP-B370-F03-U303,B370,LP370,3,303,143.5,Office,IND-AP-VSP-DVD-LP370-B370-F03-303
PROP-B370-F04-U401,B370,LP370,4,401,143.5,Office,IND-AP-VSP-DVD-LP370-B370-F04-401
PROP-B370-F04-U402,B370,LP370,4,402,143.5,Office,IND-AP-VSP-DVD-LP370-B370-F04-402
PROP-B370-F04-U403,B370,LP370,4,403,143.5,Office,IND-AP-VSP-DVD-LP370-B370-F04-403
PROP-B371-F01-U101,B371,LP371,1,101,143.5,Shop,IND-AP-VSP-DVD-LP371-B371-F01-101
PROP-B371-F01-U102,B371,LP371,1,102,143.5,Shop,IND-AP-VSP-DVD-LP371-B371-F01-102
PROP-B371-F01-U103,B371,LP371,1,103,143.5,Shop,IND-AP-VSP-DVD-LP371-B371-F01-103
PROP-B371-F02-U201,B371,LP371,2,201,143.5,Office,IND-AP-VSP-DVD-LP371-B371-F02-201
PROP-B371-F02-U202,B371,LP371,2,202,143.5,Office,IND-AP-VSP-DVD-LP371-B371-F02-202
PROP-B371-F02-U203,B371,LP371,2,203,143.5,Office,IND-AP-VSP-DVD-LP371-B371-F02-203
PROP-B371-F03-U301,B371,LP371,3,301,143.5,Office,IND-AP-VSP-DVD-LP371-B371-F03-301
PROP-B371-F03-U302,B371,LP371,3,302,143.5,Office,IND-AP-VSP-DVD-LP371-B371-F03-302
PROP-B371-F03-U303,B371,LP371,3,303,143.5,Office,IND-AP-VSP-DVD-LP371-B371-F03-303
PROP-B371-F04-U401,B371,LP371,4,401,143.5,Office,IND-AP-VSP-DVD-LP371-B371-F04-401
PROP-B371-F04-U402,B371,LP371,4,402,143.5,Office,IND-AP-VSP-DVD-LP371-B371-F04-402
PROP-B371-F04-U403,B371,LP371,4,403,143.5,Office,IND-AP-VSP-DVD-LP371-B371-F04-403
PROP-B372-F01-U101,B372,LP372,1,101,127.9,Shop,IND-AP-VSP-DVD-LP372-B372-F01-101
PROP-B372-F01-U102,B372,LP372,1,102,127.9,Shop,IND-AP-VSP-DVD-LP372-B372-F01-102
PROP-B372-F01-U103,B372,LP372,1,103,127.9,Shop,IND-AP-VSP-DVD-LP372-B372-F01-103
PROP-B372-F02-U201,B372,LP372,2,201,127.9,Office,IND-AP-VSP-DVD-LP372-B372-F02-201
PROP-B372-F02-U202,B372,LP372,2,202,127.9,Office,IND-AP-VSP-DVD-LP372-B372-F02-202
PROP-B372-F02-U203,B372,LP372,2,203,127.9,Office,IND-AP-VSP-DVD-LP372-B372-F02-203
PROP-B372-F03-U301,B372,LP372,3,301,127.9,Office,IND-AP-VSP-DVD-LP372-B372-F03-301
PROP-B372-F03-U302,B372,LP372,3,302,127.9,Office,IND-AP-VSP-DVD-LP372-B372-F03-302
PROP-B372-F03-U303,B372,LP372,3,303,127.9,Office,IND-AP-VSP-DVD-LP372-B372-F03-303
PROP-B372-F04-U401,B372,LP372,4,401,127.9,Office,IND-AP-VSP-DVD-LP372-B372-F04-401
PROP-B372-F04-U402,B372,LP372,4,402,127.9,Office,IND-AP-VSP-DVD-LP372-B372-F04-402
PROP-B372-F04-U403,B372,LP372,4,403,127.9,Office,IND-AP-VSP-DVD-LP372-B372-F04-403
PROP-B373-F01-U101,B373,LP373,1,101,143.5,Shop,IND-AP-VSP-DVD-LP373-B373-F01-101
PROP-B373-F01-U102,B373,LP373,1,102,143.5,Shop,IND-AP-VSP-DVD-LP373-B373-F01-102
PROP-B373-F01-U103,B373,LP373,1,103,143.5,Shop,IND-AP-VSP-DVD-LP373-B373-F01-103
PROP-B373-F02-U201,B373,LP373,2,201,143.5,Office,IND-AP-VSP-DVD-LP373-B373-F02-201
PROP-B373-F02-U202,B373,LP373,2,202,143.5,Office,IND-AP-VSP-DVD-LP373-B373-F02-202
PROP-B373-F02-U203,B373,LP373,2,203,143.5,Office,IND-AP-VSP-DVD-LP373-B373-F02-203
PROP-B373-F03-U301,B373,LP373,3,301,143.5,Office,IND-AP-VSP-DVD-LP373-B373-F03-301
PROP-B373-F03-U302,B373,LP373,3,302,143.5,Office,IND-AP-VSP-DVD-LP373-B373-F03-302
PROP-B373-F03-U303,B373,LP373,3,303,143.5,Office,IND-AP-VSP-DVD-LP373-B373-F03-303
PROP-B373-F04-U401,B373,LP373,4,401,143.5,Office,IND-AP-VSP-DVD-LP373-B373-F04-401
PROP-B373-F04-U402,B373,LP373,4,402,143.5,Office,IND-AP-VSP-DVD-LP373-B373-F04-402
PROP-B373-F04-U403,B373,LP373,4,403,143.5,Office,IND-AP-VSP-DVD-LP373-B373-F04-403
PROP-B374-F01-U101,B374,LP374,1,101,143.5,Shop,IND-AP-VSP-DVD-LP374-B374-F01-101
PROP-B374-F01-U102,B374,LP374,1,102,143.5,Shop,IND-AP-VSP-DVD-LP374-B374-F01-102
PROP-B374-F01-U103,B374,LP374,1,103,143.5,Shop,IND-AP-VSP-DVD-LP374-B374-F01-103
PROP-B374-F02-U201,B374,LP374,2,201,143.5,Office,IND-AP-VSP-DVD-LP374-B374-F02-201
PROP-B374-F02-U202,B374,LP374,2,202,143.5,Office,IND-AP-VSP-DVD-LP374-B374-F02-202
PROP-B374-F02-U203,B374,LP374,2,203,143.5,Office,IND-AP-VSP-DVD-LP374-B374-F02-203
PROP-B374-F03-U301,B374,LP374,3,301,143.5,Office,IND-AP-VSP-DVD-LP374-B374-F03-301
PROP-B374-F03-U302,B374,LP374,3,302,143.5,Office,IND-AP-VSP-DVD-LP374-B374-F03-302
PROP-B374-F03-U303,B374,LP374,3,303,143.5,Office,IND-AP-VSP-DVD-LP374-B374-F03-303
PROP-B374-F04-U401,B374,LP374,4,401,143.5,Office,IND-AP-VSP-DVD-LP374-B374-F04-401
PROP-B374-F04-U402,B374,LP374,4,402,143.5,Office,IND-AP-VSP-DVD-LP374-B374-F04-402
PROP-B374-F04-U403,B374,LP374,4,403,143.5,Office,IND-AP-VSP-DVD-LP374-B374-F04-403
PROP-B375-F01-U101,B375,LP375,1,101,143.5,Shop,IND-AP-VSP-DVD-LP375-B375-F01-101
PROP-B375-F01-U102,B375,LP375,1,102,143.5,Shop,IND-AP-VSP-DVD-LP375-B375-F01-102
PROP-B375-F01-U103,B375,LP375,1,103,143.5,Shop,IND-AP-VSP-DVD-LP375-B375-F01-103
PROP-B375-F02-U201,B375,LP375,2,201,143.5,Office,IND-AP-VSP-DVD-LP375-B375-F02-201
PROP-B375-F02-U202,B375,LP375,2,202,143.5,Office,IND-AP-VSP-DVD-LP375-B375-F02-202
PROP-B375-F02-U203,B375,LP375,2,203,143.5,Office,IND-AP-VSP-DVD-LP375-B375-F02-203
PROP-B375-F03-U301,B375,LP375,3,301,143.5,Office,IND-AP-VSP-DVD-LP375-B375-F03-301
PROP-B375-F03-U302,B375,LP375,3,302,143.5,Office,IND-AP-VSP-DVD-LP375-B375-F03-302
PROP-B375-F03-U303,B375,LP375,3,303,143.5,Office,IND-AP-VSP-DVD-LP375-B375-F03-303
PROP-B375-F04-U401,B375,LP375,4,401,143.5,Office,IND-AP-VSP-DVD-LP375-B375-F04-401
PROP-B375-F04-U402,B375,LP375,4,402,143.5,Office,IND-AP-VSP-DVD-LP375-B375-F04-402
PROP-B375-F04-U403,B375,LP375,4,403,143.5,Office,IND-AP-VSP-DVD-LP375-B375-F04-403
PROP-B376-F01-U101,B376,LP376,1,101,143.5,Shop,IND-AP-VSP-DVD-LP376-B376-F01-101
PROP-B376-F01-U102,B376,LP376,1,102,143.5,Shop,IND-AP-VSP-DVD-LP376-B376-F01-102
PROP-B376-F01-U103,B376,LP376,1,103,143.5,Shop,IND-AP-VSP-DVD-LP376-B376-F01-103
PROP-B376-F02-U201,B376,LP376,2,201,143.5,Office,IND-AP-VSP-DVD-LP376-B376-F02-201
PROP-B376-F02-U202,B376,LP376,2,202,143.5,Office,IND-AP-VSP-DVD-LP376-B376-F02-202
PROP-B376-F02-U203,B376,LP376,2,203,143.5,Office,IND-AP-VSP-DVD-LP376-B376-F02-203
PROP-B376-F03-U301,B376,LP376,3,301,143.5,Office,IND-AP-VSP-DVD-LP376-B376-F03-301
PROP-B376-F03-U302,B376,LP376,3,302,143.5,Office,IND-AP-VSP-DVD-LP376-B376-F03-302
PROP-B376-F03-U303,B376,LP376,3,303,143.5,Office,IND-AP-VSP-DVD-LP376-B376-F03-303
PROP-B376-F04-U401,B376,LP376,4,401,143.5,Office,IND-AP-VSP-DVD-LP376-B376-F04-401
PROP-B376-F04-U402,B376,LP376,4,402,143.5,Office,IND-AP-VSP-DVD-LP376-B376-F04-402
PROP-B376-F04-U403,B376,LP376,4,403,143.5,Office,IND-AP-VSP-DVD-LP376-B376-F04-403
PROP-B377-F01-U101,B377,LP377,1,101,143.5,Shop,IND-AP-VSP-DVD-LP377-B377-F01-101
PROP-B377-F01-U102,B377,LP377,1,102,143.5,Shop,IND-AP-VSP-DVD-LP377-B377-F01-102
PROP-B377-F01-U103,B377,LP377,1,103,143.5,Shop,IND-AP-VSP-DVD-LP377-B377-F01-103
PROP-B377-F02-U201,B377,LP377,2,201,143.5,Office,IND-AP-VSP-DVD-LP377-B377-F02-201
PROP-B377-F02-U202,B377,LP377,2,202,143.5,Office,IND-AP-VSP-DVD-LP377-B377-F02-202
PROP-B377-F02-U203,B377,LP377,2,203,143.5,Office,IND-AP-VSP-DVD-LP377-B377-F02-203
PROP-B377-F03-U301,B377,LP377,3,301,143.5,Office,IND-AP-VSP-DVD-LP377-B377-F03-301
PROP-B377-F03-U302,B377,LP377,3,302,143.5,Office,IND-AP-VSP-DVD-LP377-B377-F03-302
PROP-B377-F03-U303,B377,LP377,3,303,143.5,Office,IND-AP-VSP-DVD-LP377-B377-F03-303
PROP-B377-F04-U401,B377,LP377,4,401,143.5,Office,IND-AP-VSP-DVD-LP377-B377-F04-401
PROP-B377-F04-U402,B377,LP377,4,402,143.5,Office,IND-AP-VSP-DVD-LP377-B377-F04-402
PROP-B377-F04-U403,B377,LP377,4,403,143.5,Office,IND-AP-VSP-DVD-LP377-B377-F04-403
PROP-B378-F01-U101,B378,LP378,1,101,143.5,Shop,IND-AP-VSP-DVD-LP378-B378-F01-101
PROP-B378-F01-U102,B378,LP378,1,102,143.5,Shop,IND-AP-VSP-DVD-LP378-B378-F01-102
PROP-B378-F01-U103,B378,LP378,1,103,143.5,Shop,IND-AP-VSP-DVD-LP378-B378-F01-103
PROP-B378-F02-U201,B378,LP378,2,201,143.5,Office,IND-AP-VSP-DVD-LP378-B378-F02-201
PROP-B378-F02-U202,B378,LP378,2,202,143.5,Office,IND-AP-VSP-DVD-LP378-B378-F02-202
PROP-B378-F02-U203,B378,LP378,2,203,143.5,Office,IND-AP-VSP-DVD-LP378-B378-F02-203
PROP-B378-F03-U301,B378,LP378,3,301,143.5,Office,IND-AP-VSP-DVD-LP378-B378-F03-301
PROP-B378-F03-U302,B378,LP378,3,302,143.5,Office,IND-AP-VSP-DVD-LP378-B378-F03-302
PROP-B378-F03-U303,B378,LP378,3,303,143.5,Office,IND-AP-VSP-DVD-LP378-B378-F03-303
PROP-B378-F04-U401,B378,LP378,4,401,143.5,Office,IND-AP-VSP-DVD-LP378-B378-F04-401
PROP-B378-F04-U402,B378,LP378,4,402,143.5,Office,IND-AP-VSP-DVD-LP378-B378-F04-402
PROP-B378-F04-U403,B378,LP378,4,403,143.5,Office,IND-AP-VSP-DVD-LP378-B378-F04-403
PROP-B379-F01-U101,B379,LP379,1,101,23.2,Residential,IND-AP-VSP-DVD-LP379-B379-F01-101
PROP-B379-F02-U201,B379,LP379,2,201,23.2,Residential,IND-AP-VSP-DVD-LP379-B379-F02-201
PROP-B380-F01-U101,B380,LP380,1,101,23.2,Residential,IND-AP-VSP-DVD-LP380-B380-F01-101
PROP-B380-F02-U201,B380,LP380,2,201,23.2,Residential,IND-AP-VSP-DVD-LP380-B380-F02-201
PROP-B381-F01-U101,B381,LP381,1,101,23.2,Residential,IND-AP-VSP-DVD-LP381-B381-F01-101
PROP-B381-F02-U201,B381,LP381,2,201,23.2,Residential,IND-AP-VSP-DVD-LP381-B381-F02-201
PROP-B382-F01-U101,B382,LP382,1,101,23.2,Residential,IND-AP-VSP-DVD-LP382-B382-F01-101
PROP-B382-F02-U201,B382,LP382,2,201,23.2,Residential,IND-AP-VSP-DVD-LP382-B382-F02-201
PROP-B383-F01-U101,B383,LP383,1,101,23.2,Residential,IND-AP-VSP-DVD-LP383-B383-F01-101
PROP-B383-F02-U201,B383,LP383,2,201,23.2,Residential,IND-AP-VSP-DVD-LP383-B383-F02-201
PROP-B384-F01-U101,B384,LP384,1,101,23.2,Residential,IND-AP-VSP-DVD-LP384-B384-F01-101
PROP-B384-F02-U201,B384,LP384,2,201,23.2,Residential,IND-AP-VSP-DVD-LP384-B384-F02-201
PROP-B385-F01-U101,B385,LP385,1,101,23.2,Residential,IND-AP-VSP-DVD-LP385-B385-F01-101
PROP-B385-F02-U201,B385,LP385,2,201,23.2,Residential,IND-AP-VSP-DVD-LP385-B385-F02-201
PROP-B386-F01-U101,B386,LP386,1,101,23.2,Residential,IND-AP-VSP-DVD-LP386-B386-F01-101
PROP-B386-F02-U201,B386,LP386,2,201,23.2,Residential,IND-AP-VSP-DVD-LP386-B386-F02-201
PROP-B387-F01-U101,B387,LP387,1,101,23.2,Residential,IND-AP-VSP-DVD-LP387-B387-F01-101
PROP-B387-F02-U201,B387,LP387,2,201,23.2,Residential,IND-AP-VSP-DVD-LP387-B387-F02-201
PROP-B388-F01-U101,B388,LP388,1,101,23.2,Residential,IND-AP-VSP-DVD-LP388-B388-F01-101
PROP-B388-F02-U201,B388,LP388,2,201,23.2,Residential,IND-AP-VSP-DVD-LP388-B388-F02-201
PROP-B389-F01-U101,B389,LP389,1,101,23.2,Residential,IND-AP-VSP-DVD-LP389-B389-F01-101
PROP-B389-F02-U201,B389,LP389,2,201,23.2,Residential,IND-AP-VSP-DVD-LP389-B389-F02-201
PROP-B390-F01-U101,B390,LP390,1,101,23.2,Residential,IND-AP-VSP-DVD-LP390-B390-F01-101
PROP-B390-F02-U201,B390,LP390,2,201,23.2,Residential,IND-AP-VSP-DVD-LP390-B390-F02-201
PROP-B391-F01-U101,B391,LP391,1,101,23.2,Residential,IND-AP-VSP-DVD-LP391-B391-F01-101
PROP-B391-F02-U201,B391,LP391,2,201,23.2,Residential,IND-AP-VSP-DVD-LP391-B391-F02-201
PROP-B392-F01-U101,B392,LP392,1,101,23.2,Residential,IND-AP-VSP-DVD-LP392-B392-F01-101
PROP-B392-F02-U201,B392,LP392,2,201,23.2,Residential,IND-AP-VSP-DVD-LP392-B392-F02-201
PROP-B393-F01-U101,B393,LP393,1,101,23.2,Residential,IND-AP-VSP-DVD-LP393-B393-F01-101
PROP-B393-F02-U201,B393,LP393,2,201,23.2,Residential,IND-AP-VSP-DVD-LP393-B393-F02-201
PROP-B394-F01-U101,B394,LP394,1,101,23.2,Residential,IND-AP-VSP-DVD-LP394-B394-F01-101
PROP-B394-F02-U201,B394,LP394,2,201,23.2,Residential,IND-AP-VSP-DVD-LP394-B394-F02-201
PROP-B395-F01-U101,B395,LP395,1,101,23.2,Residential,IND-AP-VSP-DVD-LP395-B395-F01-101
PROP-B395-F02-U201,B395,LP395,2,201,23.2,Residential,IND-AP-VSP-DVD-LP395-B395-F02-201
PROP-B396-F01-U101,B396,LP396,1,101,23.2,Residential,IND-AP-VSP-DVD-LP396-B396-F01-101
PROP-B396-F02-U201,B396,LP396,2,201,23.2,Residential,IND-AP-VSP-DVD-LP396-B396-F02-201
PROP-B397-F01-U101,B397,LP397,1,101,23.2,Residential,IND-AP-VSP-DVD-LP397-B397-F01-101
PROP-B397-F02-U201,B397,LP397,2,201,23.2,Residential,IND-AP-VSP-DVD-LP397-B397-F02-201
PROP-B398-F01-U101,B398,LP398,1,101,23.2,Residential,IND-AP-VSP-DVD-LP398-B398-F01-101
PROP-B398-F02-U201,B398,LP398,2,201,23.2,Residential,IND-AP-VSP-DVD-LP398-B398-F02-201
PROP-B399-F01-U101,B399,LP399,1,101,23.2,Residential,IND-AP-VSP-DVD-LP399-B399-F01-101
PROP-B399-F02-U201,B399,LP399,2,201,23.2,Residential,IND-AP-VSP-DVD-LP399-B399-F02-201
PROP-B400-F01-U101,B400,LP400,1,101,23.2,Residential,IND-AP-VSP-DVD-LP400-B400-F01-101
PROP-B400-F02-U201,B400,LP400,2,201,23.2,Residential,IND-AP-VSP-DVD-LP400-B400-F02-201
PROP-B401-F01-U101,B401,LP401,1,101,23.2,Residential,IND-AP-VSP-DVD-LP401-B401-F01-101
PROP-B401-F02-U201,B401,LP401,2,201,23.2,Residential,IND-AP-VSP-DVD-LP401-B401-F02-201
PROP-B402-F01-U101,B402,LP402,1,101,23.2,Residential,IND-AP-VSP-DVD-LP402-B402-F01-101
PROP-B402-F02-U201,B402,LP402,2,201,23.2,Residential,IND-AP-VSP-DVD-LP402-B402-F02-201
PROP-B403-F01-U101,B403,LP403,1,101,23.2,Residential,IND-AP-VSP-DVD-LP403-B403-F01-101
PROP-B403-F02-U201,B403,LP403,2,201,23.2,Residential,IND-AP-VSP-DVD-LP403-B403-F02-201
PROP-B404-F01-U101,B404,LP404,1,101,23.2,Residential,IND-AP-VSP-DVD-LP404-B404-F01-101
PROP-B404-F02-U201,B404,LP404,2,201,23.2,Residential,IND-AP-VSP-DVD-LP404-B404-F02-201
PROP-B405-F01-U101,B405,LP405,1,101,23.2,Residential,IND-AP-VSP-DVD-LP405-B405-F01-101
PROP-B405-F02-U201,B405,LP405,2,201,23.2,Residential,IND-AP-VSP-DVD-LP405-B405-F02-201
PROP-B406-F01-U101,B406,LP406,1,101,23.2,Residential,IND-AP-VSP-DVD-LP406-B406-F01-101
PROP-B406-F02-U201,B406,LP406,2,201,23.2,Residential,IND-AP-VSP-DVD-LP406-B406-F02-201
PROP-B407-F01-U101,B407,LP407,1,101,23.2,Residential,IND-AP-VSP-DVD-LP407-B407-F01-101
PROP-B407-F02-U201,B407,LP407,2,201,23.2,Residential,IND-AP-VSP-DVD-LP407-B407-F02-201
PROP-B408-F01-U101,B408,LP408,1,101,23.2,Residential,IND-AP-VSP-DVD-LP408-B408-F01-101
PROP-B408-F02-U201,B408,LP408,2,201,23.2,Residential,IND-AP-VSP-DVD-LP408-B408-F02-201
PROP-B409-F01-U101,B409,LP409,1,101,23.2,Residential,IND-AP-VSP-DVD-LP409-B409-F01-101
PROP-B409-F02-U201,B409,LP409,2,201,23.2,Residential,IND-AP-VSP-DVD-LP409-B409-F02-201
PROP-B410-F01-U101,B410,LP410,1,101,23.2,Residential,IND-AP-VSP-DVD-LP410-B410-F01-101
PROP-B410-F02-U201,B410,LP410,2,201,23.2,Residential,IND-AP-VSP-DVD-LP410-B410-F02-201
PROP-B411-F01-U101,B411,LP411,1,101,23.2,Residential,IND-AP-VSP-DVD-LP411-B411-F01-101
PROP-B411-F02-U201,B411,LP411,2,201,23.2,Residential,IND-AP-VSP-DVD-LP411-B411-F02-201
PROP-B412-F01-U101,B412,LP412,1,101,23.2,Residential,IND-AP-VSP-DVD-LP412-B412-F01-101
PROP-B412-F02-U201,B412,LP412,2,201,23.2,Residential,IND-AP-VSP-DVD-LP412-B412-F02-201
PROP-B413-F01-U101,B413,LP413,1,101,23.2,Residential,IND-AP-VSP-DVD-LP413-B413-F01-101
PROP-B413-F02-U201,B413,LP413,2,201,23.2,Residential,IND-AP-VSP-DVD-LP413-B413-F02-201
PROP-B414-F01-U101,B414,LP414,1,101,23.2,Residential,IND-AP-VSP-DVD-LP414-B414-F01-101
PROP-B414-F02-U201,B414,LP414,2,201,23.2,Residential,IND-AP-VSP-DVD-LP414-B414-F02-201
PROP-B415-F01-U101,B415,LP415,1,101,23.2,Residential,IND-AP-VSP-DVD-LP415-B415-F01-101
PROP-B415-F02-U201,B415,LP415,2,201,23.2,Residential,IND-AP-VSP-DVD-LP415-B415-F02-201
PROP-B416-F01-U101,B416,LP416,1,101,23.2,Residential,IND-AP-VSP-DVD-LP416-B416-F01-101
PROP-B416-F02-U201,B416,LP416,2,201,23.2,Residential,IND-AP-VSP-DVD-LP416-B416-F02-201
PROP-B417-F01-U101,B417,LP417,1,101,23.2,Residential,IND-AP-VSP-DVD-LP417-B417-F01-101
PROP-B417-F02-U201,B417,LP417,2,201,23.2,Residential,IND-AP-VSP-DVD-LP417-B417-F02-201
PROP-B418-F01-U101,B418,LP418,1,101,47.7,Residential,IND-AP-VSP-DVD-LP418-B418-F01-101
PROP-B418-F01-U102,B418,LP418,1,102,47.7,Residential,IND-AP-VSP-DVD-LP418-B418-F01-102
PROP-B418-F01-U103,B418,LP418,1,103,47.7,Residential,IND-AP-VSP-DVD-LP418-B418-F01-103
PROP-B418-F01-U104,B418,LP418,1,104,47.7,Residential,IND-AP-VSP-DVD-LP418-B418-F01-104
PROP-B418-F02-U201,B418,LP418,2,201,47.7,Residential,IND-AP-VSP-DVD-LP418-B418-F02-201
PROP-B418-F02-U202,B418,LP418,2,202,47.7,Residential,IND-AP-VSP-DVD-LP418-B418-F02-202
PROP-B418-F02-U203,B418,LP418,2,203,47.7,Residential,IND-AP-VSP-DVD-LP418-B418-F02-203
PROP-B418-F02-U204,B418,LP418,2,204,47.7,Residential,IND-AP-VSP-DVD-LP418-B418-F02-204
PROP-B418-F03-U301,B418,LP418,3,301,47.7,Residential,IND-AP-VSP-DVD-LP418-B418-F03-301
PROP-B418-F03-U302,B418,LP418,3,302,47.7,Residential,IND-AP-VSP-DVD-LP418-B418-F03-302
PROP-B418-F03-U303,B418,LP418,3,303,47.7,Residential,IND-AP-VSP-DVD-LP418-B418-F03-303
PROP-B418-F03-U304,B418,LP418,3,304,47.7,Residential,IND-AP-VSP-DVD-LP418-B418-F03-304
PROP-B418-F04-U401,B418,LP418,4,401,47.7,Residential,IND-AP-VSP-DVD-LP418-B418-F04-401
PROP-B418-F04-U402,B418,LP418,4,402,47.7,Residential,IND-AP-VSP-DVD-LP418-B418-F04-402
PROP-B418-F04-U403,B418,LP418,4,403,47.7,Residential,IND-AP-VSP-DVD-LP418-B418-F04-403
PROP-B418-F04-U404,B418,LP418,4,404,47.7,Residential,IND-AP-VSP-DVD-LP418-B418-F04-404
PROP-B418-F05-U501,B418,LP418,5,501,47.7,Residential,IND-AP-VSP-DVD-LP418-B418-F05-501
PROP-B418-F05-U502,B418,LP418,5,502,47.7,Residential,IND-AP-VSP-DVD-LP418-B418-F05-502
PROP-B418-F05-U503,B418,LP418,5,503,47.7,Residential,IND-AP-VSP-DVD-LP418-B418-F05-503
PROP-B418-F05-U504,B418,LP418,5,504,47.7,Residential,IND-AP-VSP-DVD-LP418-B418-F05-504
PROP-B419-F01-U101,B419,LP419,1,101,47.7,Residential,IND-AP-VSP-DVD-LP419-B419-F01-101
PROP-B419-F01-U102,B419,LP419,1,102,47.7,Residential,IND-AP-VSP-DVD-LP419-B419-F01-102
PROP-B419-F01-U103,B419,LP419,1,103,47.7,Residential,IND-AP-VSP-DVD-LP419-B419-F01-103
PROP-B419-F01-U104,B419,LP419,1,104,47.7,Residential,IND-AP-VSP-DVD-LP419-B419-F01-104
PROP-B419-F02-U201,B419,LP419,2,201,47.7,Residential,IND-AP-VSP-DVD-LP419-B419-F02-201
PROP-B419-F02-U202,B419,LP419,2,202,47.7,Residential,IND-AP-VSP-DVD-LP419-B419-F02-202
PROP-B419-F02-U203,B419,LP419,2,203,47.7,Residential,IND-AP-VSP-DVD-LP419-B419-F02-203
PROP-B419-F02-U204,B419,LP419,2,204,47.7,Residential,IND-AP-VSP-DVD-LP419-B419-F02-204
PROP-B419-F03-U301,B419,LP419,3,301,47.7,Residential,IND-AP-VSP-DVD-LP419-B419-F03-301
PROP-B419-F03-U302,B419,LP419,3,302,47.7,Residential,IND-AP-VSP-DVD-LP419-B419-F03-302
PROP-B419-F03-U303,B419,LP419,3,303,47.7,Residential,IND-AP-VSP-DVD-LP419-B419-F03-303
PROP-B419-F03-U304,B419,LP419,3,304,47.7,Residential,IND-AP-VSP-DVD-LP419-B419-F03-304
PROP-B419-F04-U401,B419,LP419,4,401,47.7,Residential,IND-AP-VSP-DVD-LP419-B419-F04-401
PROP-B419-F04-U402,B419,LP419,4,402,47.7,Residential,IND-AP-VSP-DVD-LP419-B419-F04-402
PROP-B419-F04-U403,B419,LP419,4,403,47.7,Residential,IND-AP-VSP-DVD-LP419-B419-F04-403
PROP-B419-F04-U404,B419,LP419,4,404,47.7,Residential,IND-AP-VSP-DVD-LP419-B419-F04-404
PROP-B419-F05-U501,B419,LP419,5,501,47.7,Residential,IND-AP-VSP-DVD-LP419-B419-F05-501
PROP-B419-F05-U502,B419,LP419,5,502,47.7,Residential,IND-AP-VSP-DVD-LP419-B419-F05-502
PROP-B419-F05-U503,B419,LP419,5,503,47.7,Residential,IND-AP-VSP-DVD-LP419-B419-F05-503
PROP-B419-F05-U504,B419,LP419,5,504,47.7,Residential,IND-AP-VSP-DVD-LP419-B419-F05-504
PROP-B420-F01-U101,B420,LP420,1,101,47.7,Residential,IND-AP-VSP-DVD-LP420-B420-F01-101
PROP-B420-F01-U102,B420,LP420,1,102,47.7,Residential,IND-AP-VSP-DVD-LP420-B420-F01-102
PROP-B420-F01-U103,B420,LP420,1,103,47.7,Residential,IND-AP-VSP-DVD-LP420-B420-F01-103
PROP-B420-F01-U104,B420,LP420,1,104,47.7,Residential,IND-AP-VSP-DVD-LP420-B420-F01-104
PROP-B420-F02-U201,B420,LP420,2,201,47.7,Residential,IND-AP-VSP-DVD-LP420-B420-F02-201
PROP-B420-F02-U202,B420,LP420,2,202,47.7,Residential,IND-AP-VSP-DVD-LP420-B420-F02-202
PROP-B420-F02-U203,B420,LP420,2,203,47.7,Residential,IND-AP-VSP-DVD-LP420-B420-F02-203
PROP-B420-F02-U204,B420,LP420,2,204,47.7,Residential,IND-AP-VSP-DVD-LP420-B420-F02-204
PROP-B420-F03-U301,B420,LP420,3,301,47.7,Residential,IND-AP-VSP-DVD-LP420-B420-F03-301
PROP-B420-F03-U302,B420,LP420,3,302,47.7,Residential,IND-AP-VSP-DVD-LP420-B420-F03-302
PROP-B420-F03-U303,B420,LP420,3,303,47.7,Residential,IND-AP-VSP-DVD-LP420-B420-F03-303
PROP-B420-F03-U304,B420,LP420,3,304,47.7,Residential,IND-AP-VSP-DVD-LP420-B420-F03-304
PROP-B420-F04-U401,B420,LP420,4,401,47.7,Residential,IND-AP-VSP-DVD-LP420-B420-F04-401
PROP-B420-F04-U402,B420,LP420,4,402,47.7,Residential,IND-AP-VSP-DVD-LP420-B420-F04-402
PROP-B420-F04-U403,B420,LP420,4,403,47.7,Residential,IND-AP-VSP-DVD-LP420-B420-F04-403
PROP-B420-F04-U404,B420,LP420,4,404,47.7,Residential,IND-AP-VSP-DVD-LP420-B420-F04-404
PROP-B420-F05-U501,B420,LP420,5,501,47.7,Residential,IND-AP-VSP-DVD-LP420-B420-F05-501
PROP-B420-F05-U502,B420,LP420,5,502,47.7,Residential,IND-AP-VSP-DVD-LP420-B420-F05-502
PROP-B420-F05-U503,B420,LP420,5,503,47.7,Residential,IND-AP-VSP-DVD-LP420-B420-F05-503
PROP-B420-F05-U504,B420,LP420,5,504,47.7,Residential,IND-AP-VSP-DVD-LP420-B420-F05-504
PROP-B421-F01-U101,B421,LP421,1,101,70.6,Residential,IND-AP-VSP-DVD-LP421-B421-F01-101
PROP-B421-F01-U102,B421,LP421,1,102,70.6,Residential,IND-AP-VSP-DVD-LP421-B421-F01-102
PROP-B421-F01-U103,B421,LP421,1,103,70.6,Residential,IND-AP-VSP-DVD-LP421-B421-F01-103
PROP-B421-F01-U104,B421,LP421,1,104,70.6,Residential,IND-AP-VSP-DVD-LP421-B421-F01-104
PROP-B421-F02-U201,B421,LP421,2,201,70.6,Residential,IND-AP-VSP-DVD-LP421-B421-F02-201
PROP-B421-F02-U202,B421,LP421,2,202,70.6,Residential,IND-AP-VSP-DVD-LP421-B421-F02-202
PROP-B421-F02-U203,B421,LP421,2,203,70.6,Residential,IND-AP-VSP-DVD-LP421-B421-F02-203
PROP-B421-F02-U204,B421,LP421,2,204,70.6,Residential,IND-AP-VSP-DVD-LP421-B421-F02-204
PROP-B421-F03-U301,B421,LP421,3,301,70.6,Residential,IND-AP-VSP-DVD-LP421-B421-F03-301
PROP-B421-F03-U302,B421,LP421,3,302,70.6,Residential,IND-AP-VSP-DVD-LP421-B421-F03-302
PROP-B421-F03-U303,B421,LP421,3,303,70.6,Residential,IND-AP-VSP-DVD-LP421-B421-F03-303
PROP-B421-F03-U304,B421,LP421,3,304,70.6,Residential,IND-AP-VSP-DVD-LP421-B421-F03-304
PROP-B421-F04-U401,B421,LP421,4,401,70.6,Residential,IND-AP-VSP-DVD-LP421-B421-F04-401
PROP-B421-F04-U402,B421,LP421,4,402,70.6,Residential,IND-AP-VSP-DVD-LP421-B421-F04-402
PROP-B421-F04-U403,B421,LP421,4,403,70.6,Residential,IND-AP-VSP-DVD-LP421-B421-F04-403
PROP-B421-F04-U404,B421,LP421,4,404,70.6,Residential,IND-AP-VSP-DVD-LP421-B421-F04-404
PROP-B421-F05-U501,B421,LP421,5,501,70.6,Residential,IND-AP-VSP-DVD-LP421-B421-F05-501
PROP-B421-F05-U502,B421,LP421,5,502,70.6,Residential,IND-AP-VSP-DVD-LP421-B421-F05-502
PROP-B421-F05-U503,B421,LP421,5,503,70.6,Residential,IND-AP-VSP-DVD-LP421-B421-F05-503
PROP-B421-F05-U504,B421,LP421,5,504,70.6,Residential,IND-AP-VSP-DVD-LP421-B421-F05-504
PROP-B422-F01-U101,B422,LP422,1,101,70.6,Residential,IND-AP-VSP-DVD-LP422-B422-F01-101
PROP-B422-F01-U102,B422,LP422,1,102,70.6,Residential,IND-AP-VSP-DVD-LP422-B422-F01-102
PROP-B422-F01-U103,B422,LP422,1,103,70.6,Residential,IND-AP-VSP-DVD-LP422-B422-F01-103
PROP-B422-F01-U104,B422,LP422,1,104,70.6,Residential,IND-AP-VSP-DVD-LP422-B422-F01-104
PROP-B422-F02-U201,B422,LP422,2,201,70.6,Residential,IND-AP-VSP-DVD-LP422-B422-F02-201
PROP-B422-F02-U202,B422,LP422,2,202,70.6,Residential,IND-AP-VSP-DVD-LP422-B422-F02-202
PROP-B422-F02-U203,B422,LP422,2,203,70.6,Residential,IND-AP-VSP-DVD-LP422-B422-F02-203
PROP-B422-F02-U204,B422,LP422,2,204,70.6,Residential,IND-AP-VSP-DVD-LP422-B422-F02-204
PROP-B422-F03-U301,B422,LP422,3,301,70.6,Residential,IND-AP-VSP-DVD-LP422-B422-F03-301
PROP-B422-F03-U302,B422,LP422,3,302,70.6,Residential,IND-AP-VSP-DVD-LP422-B422-F03-302
PROP-B422-F03-U303,B422,LP422,3,303,70.6,Residential,IND-AP-VSP-DVD-LP422-B422-F03-303
PROP-B422-F03-U304,B422,LP422,3,304,70.6,Residential,IND-AP-VSP-DVD-LP422-B422-F03-304
PROP-B422-F04-U401,B422,LP422,4,401,70.6,Residential,IND-AP-VSP-DVD-LP422-B422-F04-401
PROP-B422-F04-U402,B422,LP422,4,402,70.6,Residential,IND-AP-VSP-DVD-LP422-B422-F04-402
PROP-B422-F04-U403,B422,LP422,4,403,70.6,Residential,IND-AP-VSP-DVD-LP422-B422-F04-403
PROP-B422-F04-U404,B422,LP422,4,404,70.6,Residential,IND-AP-VSP-DVD-LP422-B422-F04-404
PROP-B422-F05-U501,B422,LP422,5,501,70.6,Residential,IND-AP-VSP-DVD-LP422-B422-F05-501
PROP-B422-F05-U502,B422,LP422,5,502,70.6,Residential,IND-AP-VSP-DVD-LP422-B422-F05-502
PROP-B422-F05-U503,B422,LP422,5,503,70.6,Residential,IND-AP-VSP-DVD-LP422-B422-F05-503
PROP-B422-F05-U504,B422,LP422,5,504,70.6,Residential,IND-AP-VSP-DVD-LP422-B422-F05-504
PROP-B423-F01-U101,B423,LP423,1,101,70.6,Residential,IND-AP-VSP-DVD-LP423-B423-F01-101
PROP-B423-F01-U102,B423,LP423,1,102,70.6,Residential,IND-AP-VSP-DVD-LP423-B423-F01-102
PROP-B423-F01-U103,B423,LP423,1,103,70.6,Residential,IND-AP-VSP-DVD-LP423-B423-F01-103
PROP-B423-F01-U104,B423,LP423,1,104,70.6,Residential,IND-AP-VSP-DVD-LP423-B423-F01-104
PROP-B423-F02-U201,B423,LP423,2,201,70.6,Residential,IND-AP-VSP-DVD-LP423-B423-F02-201
PROP-B423-F02-U202,B423,LP423,2,202,70.6,Residential,IND-AP-VSP-DVD-LP423-B423-F02-202
PROP-B423-F02-U203,B423,LP423,2,203,70.6,Residential,IND-AP-VSP-DVD-LP423-B423-F02-203
PROP-B423-F02-U204,B423,LP423,2,204,70.6,Residential,IND-AP-VSP-DVD-LP423-B423-F02-204
PROP-B423-F03-U301,B423,LP423,3,301,70.6,Residential,IND-AP-VSP-DVD-LP423-B423-F03-301
PROP-B423-F03-U302,B423,LP423,3,302,70.6,Residential,IND-AP-VSP-DVD-LP423-B423-F03-302
PROP-B423-F03-U303,B423,LP423,3,303,70.6,Residential,IND-AP-VSP-DVD-LP423-B423-F03-303
PROP-B423-F03-U304,B423,LP423,3,304,70.6,Residential,IND-AP-VSP-DVD-LP423-B423-F03-304
PROP-B423-F04-U401,B423,LP423,4,401,70.6,Residential,IND-AP-VSP-DVD-LP423-B423-F04-401
PROP-B423-F04-U402,B423,LP423,4,402,70.6,Residential,IND-AP-VSP-DVD-LP423-B423-F04-402
PROP-B423-F04-U403,B423,LP423,4,403,70.6,Residential,IND-AP-VSP-DVD-LP423-B423-F04-403
PROP-B423-F04-U404,B423,LP423,4,404,70.6,Residential,IND-AP-VSP-DVD-LP423-B423-F04-404
PROP-B423-F05-U501,B423,LP423,5,501,70.6,Residential,IND-AP-VSP-DVD-LP423-B423-F05-501
PROP-B423-F05-U502,B423,LP423,5,502,70.6,Residential,IND-AP-VSP-DVD-LP423-B423-F05-502
PROP-B423-F05-U503,B423,LP423,5,503,70.6,Residential,IND-AP-VSP-DVD-LP423-B423-F05-503
PROP-B423-F05-U504,B423,LP423,5,504,70.6,Residential,IND-AP-VSP-DVD-LP423-B423-F05-504
PROP-B424-F01-U101,B424,LP424,1,101,70.6,Residential,IND-AP-VSP-DVD-LP424-B424-F01-101
PROP-B424-F01-U102,B424,LP424,1,102,70.6,Residential,IND-AP-VSP-DVD-LP424-B424-F01-102
PROP-B424-F01-U103,B424,LP424,1,103,70.6,Residential,IND-AP-VSP-DVD-LP424-B424-F01-103
PROP-B424-F01-U104,B424,LP424,1,104,70.6,Residential,IND-AP-VSP-DVD-LP424-B424-F01-104
PROP-B424-F02-U201,B424,LP424,2,201,70.6,Residential,IND-AP-VSP-DVD-LP424-B424-F02-201
PROP-B424-F02-U202,B424,LP424,2,202,70.6,Residential,IND-AP-VSP-DVD-LP424-B424-F02-202
PROP-B424-F02-U203,B424,LP424,2,203,70.6,Residential,IND-AP-VSP-DVD-LP424-B424-F02-203
PROP-B424-F02-U204,B424,LP424,2,204,70.6,Residential,IND-AP-VSP-DVD-LP424-B424-F02-204
PROP-B424-F03-U301,B424,LP424,3,301,70.6,Residential,IND-AP-VSP-DVD-LP424-B424-F03-301
PROP-B424-F03-U302,B424,LP424,3,302,70.6,Residential,IND-AP-VSP-DVD-LP424-B424-F03-302
PROP-B424-F03-U303,B424,LP424,3,303,70.6,Residential,IND-AP-VSP-DVD-LP424-B424-F03-303
PROP-B424-F03-U304,B424,LP424,3,304,70.6,Residential,IND-AP-VSP-DVD-LP424-B424-F03-304
PROP-B424-F04-U401,B424,LP424,4,401,70.6,Residential,IND-AP-VSP-DVD-LP424-B424-F04-401
PROP-B424-F04-U402,B424,LP424,4,402,70.6,Residential,IND-AP-VSP-DVD-LP424-B424-F04-402
PROP-B424-F04-U403,B424,LP424,4,403,70.6,Residential,IND-AP-VSP-DVD-LP424-B424-F04-403
PROP-B424-F04-U404,B424,LP424,4,404,70.6,Residential,IND-AP-VSP-DVD-LP424-B424-F04-404
PROP-B424-F05-U501,B424,LP424,5,501,70.6,Residential,IND-AP-VSP-DVD-LP424-B424-F05-501
PROP-B424-F05-U502,B424,LP424,5,502,70.6,Residential,IND-AP-VSP-DVD-LP424-B424-F05-502
PROP-B424-F05-U503,B424,LP424,5,503,70.6,Residential,IND-AP-VSP-DVD-LP424-B424-F05-503
PROP-B424-F05-U504,B424,LP424,5,504,70.6,Residential,IND-AP-VSP-DVD-LP424-B424-F05-504
PROP-B425-F01-U101,B425,LP425,1,101,70.6,Residential,IND-AP-VSP-DVD-LP425-B425-F01-101
PROP-B425-F01-U102,B425,LP425,1,102,70.6,Residential,IND-AP-VSP-DVD-LP425-B425-F01-102
PROP-B425-F01-U103,B425,LP425,1,103,70.6,Residential,IND-AP-VSP-DVD-LP425-B425-F01-103
PROP-B425-F01-U104,B425,LP425,1,104,70.6,Residential,IND-AP-VSP-DVD-LP425-B425-F01-104
PROP-B425-F02-U201,B425,LP425,2,201,70.6,Residential,IND-AP-VSP-DVD-LP425-B425-F02-201
PROP-B425-F02-U202,B425,LP425,2,202,70.6,Residential,IND-AP-VSP-DVD-LP425-B425-F02-202
PROP-B425-F02-U203,B425,LP425,2,203,70.6,Residential,IND-AP-VSP-DVD-LP425-B425-F02-203
PROP-B425-F02-U204,B425,LP425,2,204,70.6,Residential,IND-AP-VSP-DVD-LP425-B425-F02-204
PROP-B425-F03-U301,B425,LP425,3,301,70.6,Residential,IND-AP-VSP-DVD-LP425-B425-F03-301
PROP-B425-F03-U302,B425,LP425,3,302,70.6,Residential,IND-AP-VSP-DVD-LP425-B425-F03-302
PROP-B425-F03-U303,B425,LP425,3,303,70.6,Residential,IND-AP-VSP-DVD-LP425-B425-F03-303
PROP-B425-F03-U304,B425,LP425,3,304,70.6,Residential,IND-AP-VSP-DVD-LP425-B425-F03-304
PROP-B425-F04-U401,B425,LP425,4,401,70.6,Residential,IND-AP-VSP-DVD-LP425-B425-F04-401
PROP-B425-F04-U402,B425,LP425,4,402,70.6,Residential,IND-AP-VSP-DVD-LP425-B425-F04-402
PROP-B425-F04-U403,B425,LP425,4,403,70.6,Residential,IND-AP-VSP-DVD-LP425-B425-F04-403
PROP-B425-F04-U404,B425,LP425,4,404,70.6,Residential,IND-AP-VSP-DVD-LP425-B425-F04-404
PROP-B425-F05-U501,B425,LP425,5,501,70.6,Residential,IND-AP-VSP-DVD-LP425-B425-F05-501
PROP-B425-F05-U502,B425,LP425,5,502,70.6,Residential,IND-AP-VSP-DVD-LP425-B425-F05-502
PROP-B425-F05-U503,B425,LP425,5,503,70.6,Residential,IND-AP-VSP-DVD-LP425-B425-F05-503
PROP-B425-F05-U504,B425,LP425,5,504,70.6,Residential,IND-AP-VSP-DVD-LP425-B425-F05-504
PROP-B426-F01-U101,B426,LP426,1,101,70.6,Residential,IND-AP-VSP-DVD-LP426-B426-F01-101
PROP-B426-F01-U102,B426,LP426,1,102,70.6,Residential,IND-AP-VSP-DVD-LP426-B426-F01-102
PROP-B426-F01-U103,B426,LP426,1,103,70.6,Residential,IND-AP-VSP-DVD-LP426-B426-F01-103
PROP-B426-F01-U104,B426,LP426,1,104,70.6,Residential,IND-AP-VSP-DVD-LP426-B426-F01-104
PROP-B426-F02-U201,B426,LP426,2,201,70.6,Residential,IND-AP-VSP-DVD-LP426-B426-F02-201
PROP-B426-F02-U202,B426,LP426,2,202,70.6,Residential,IND-AP-VSP-DVD-LP426-B426-F02-202
PROP-B426-F02-U203,B426,LP426,2,203,70.6,Residential,IND-AP-VSP-DVD-LP426-B426-F02-203
PROP-B426-F02-U204,B426,LP426,2,204,70.6,Residential,IND-AP-VSP-DVD-LP426-B426-F02-204
PROP-B426-F03-U301,B426,LP426,3,301,70.6,Residential,IND-AP-VSP-DVD-LP426-B426-F03-301
PROP-B426-F03-U302,B426,LP426,3,302,70.6,Residential,IND-AP-VSP-DVD-LP426-B426-F03-302
PROP-B426-F03-U303,B426,LP426,3,303,70.6,Residential,IND-AP-VSP-DVD-LP426-B426-F03-303
PROP-B426-F03-U304,B426,LP426,3,304,70.6,Residential,IND-AP-VSP-DVD-LP426-B426-F03-304
PROP-B426-F04-U401,B426,LP426,4,401,70.6,Residential,IND-AP-VSP-DVD-LP426-B426-F04-401
PROP-B426-F04-U402,B426,LP426,4,402,70.6,Residential,IND-AP-VSP-DVD-LP426-B426-F04-402
PROP-B426-F04-U403,B426,LP426,4,403,70.6,Residential,IND-AP-VSP-DVD-LP426-B426-F04-403
PROP-B426-F04-U404,B426,LP426,4,404,70.6,Residential,IND-AP-VSP-DVD-LP426-B426-F04-404
PROP-B426-F05-U501,B426,LP426,5,501,70.6,Residential,IND-AP-VSP-DVD-LP426-B426-F05-501
PROP-B426-F05-U502,B426,LP426,5,502,70.6,Residential,IND-AP-VSP-DVD-LP426-B426-F05-502
PROP-B426-F05-U503,B426,LP426,5,503,70.6,Residential,IND-AP-VSP-DVD-LP426-B426-F05-503
PROP-B426-F05-U504,B426,LP426,5,504,70.6,Residential,IND-AP-VSP-DVD-LP426-B426-F05-504
PROP-B427-F01-U101,B427,LP427,1,101,70.6,Residential,IND-AP-VSP-DVD-LP427-B427-F01-101
PROP-B427-F01-U102,B427,LP427,1,102,70.6,Residential,IND-AP-VSP-DVD-LP427-B427-F01-102
PROP-B427-F01-U103,B427,LP427,1,103,70.6,Residential,IND-AP-VSP-DVD-LP427-B427-F01-103
PROP-B427-F01-U104,B427,LP427,1,104,70.6,Residential,IND-AP-VSP-DVD-LP427-B427-F01-104
PROP-B427-F02-U201,B427,LP427,2,201,70.6,Residential,IND-AP-VSP-DVD-LP427-B427-F02-201
PROP-B427-F02-U202,B427,LP427,2,202,70.6,Residential,IND-AP-VSP-DVD-LP427-B427-F02-202
PROP-B427-F02-U203,B427,LP427,2,203,70.6,Residential,IND-AP-VSP-DVD-LP427-B427-F02-203
PROP-B427-F02-U204,B427,LP427,2,204,70.6,Residential,IND-AP-VSP-DVD-LP427-B427-F02-204
PROP-B427-F03-U301,B427,LP427,3,301,70.6,Residential,IND-AP-VSP-DVD-LP427-B427-F03-301
PROP-B427-F03-U302,B427,LP427,3,302,70.6,Residential,IND-AP-VSP-DVD-LP427-B427-F03-302
PROP-B427-F03-U303,B427,LP427,3,303,70.6,Residential,IND-AP-VSP-DVD-LP427-B427-F03-303
PROP-B427-F03-U304,B427,LP427,3,304,70.6,Residential,IND-AP-VSP-DVD-LP427-B427-F03-304
PROP-B427-F04-U401,B427,LP427,4,401,70.6,Residential,IND-AP-VSP-DVD-LP427-B427-F04-401
PROP-B427-F04-U402,B427,LP427,4,402,70.6,Residential,IND-AP-VSP-DVD-LP427-B427-F04-402
PROP-B427-F04-U403,B427,LP427,4,403,70.6,Residential,IND-AP-VSP-DVD-LP427-B427-F04-403
PROP-B427-F04-U404,B427,LP427,4,404,70.6,Residential,IND-AP-VSP-DVD-LP427-B427-F04-404
PROP-B427-F05-U501,B427,LP427,5,501,70.6,Residential,IND-AP-VSP-DVD-LP427-B427-F05-501
PROP-B427-F05-U502,B427,LP427,5,502,70.6,Residential,IND-AP-VSP-DVD-LP427-B427-F05-502
PROP-B427-F05-U503,B427,LP427,5,503,70.6,Residential,IND-AP-VSP-DVD-LP427-B427-F05-503
PROP-B427-F05-U504,B427,LP427,5,504,70.6,Residential,IND-AP-VSP-DVD-LP427-B427-F05-504
PROP-B428-F01-U101,B428,LP428,1,101,44.3,Residential,IND-AP-VSP-DVD-LP428-B428-F01-101
PROP-B428-F01-U102,B428,LP428,1,102,44.3,Residential,IND-AP-VSP-DVD-LP428-B428-F01-102
PROP-B428-F01-U103,B428,LP428,1,103,44.3,Residential,IND-AP-VSP-DVD-LP428-B428-F01-103
PROP-B428-F01-U104,B428,LP428,1,104,44.3,Residential,IND-AP-VSP-DVD-LP428-B428-F01-104
PROP-B428-F02-U201,B428,LP428,2,201,44.3,Residential,IND-AP-VSP-DVD-LP428-B428-F02-201
PROP-B428-F02-U202,B428,LP428,2,202,44.3,Residential,IND-AP-VSP-DVD-LP428-B428-F02-202
PROP-B428-F02-U203,B428,LP428,2,203,44.3,Residential,IND-AP-VSP-DVD-LP428-B428-F02-203
PROP-B428-F02-U204,B428,LP428,2,204,44.3,Residential,IND-AP-VSP-DVD-LP428-B428-F02-204
PROP-B428-F03-U301,B428,LP428,3,301,44.3,Residential,IND-AP-VSP-DVD-LP428-B428-F03-301
PROP-B428-F03-U302,B428,LP428,3,302,44.3,Residential,IND-AP-VSP-DVD-LP428-B428-F03-302
PROP-B428-F03-U303,B428,LP428,3,303,44.3,Residential,IND-AP-VSP-DVD-LP428-B428-F03-303
PROP-B428-F03-U304,B428,LP428,3,304,44.3,Residential,IND-AP-VSP-DVD-LP428-B428-F03-304
PROP-B428-F04-U401,B428,LP428,4,401,44.3,Residential,IND-AP-VSP-DVD-LP428-B428-F04-401
PROP-B428-F04-U402,B428,LP428,4,402,44.3,Residential,IND-AP-VSP-DVD-LP428-B428-F04-402
PROP-B428-F04-U403,B428,LP428,4,403,44.3,Residential,IND-AP-VSP-DVD-LP428-B428-F04-403
PROP-B428-F04-U404,B428,LP428,4,404,44.3,Residential,IND-AP-VSP-DVD-LP428-B428-F04-404
PROP-B428-F05-U501,B428,LP428,5,501,44.3,Residential,IND-AP-VSP-DVD-LP428-B428-F05-501
PROP-B428-F05-U502,B428,LP428,5,502,44.3,Residential,IND-AP-VSP-DVD-LP428-B428-F05-502
PROP-B428-F05-U503,B428,LP428,5,503,44.3,Residential,IND-AP-VSP-DVD-LP428-B428-F05-503
PROP-B428-F05-U504,B428,LP428,5,504,44.3,Residential,IND-AP-VSP-DVD-LP428-B428-F05-504
PROP-B429-F01-U101,B429,LP429,1,101,51.1,Residential,IND-AP-VSP-DVD-LP429-B429-F01-101
PROP-B429-F01-U102,B429,LP429,1,102,51.1,Residential,IND-AP-VSP-DVD-LP429-B429-F01-102
PROP-B429-F01-U103,B429,LP429,1,103,51.1,Residential,IND-AP-VSP-DVD-LP429-B429-F01-103
PROP-B429-F01-U104,B429,LP429,1,104,51.1,Residential,IND-AP-VSP-DVD-LP429-B429-F01-104
PROP-B429-F02-U201,B429,LP429,2,201,51.1,Residential,IND-AP-VSP-DVD-LP429-B429-F02-201
PROP-B429-F02-U202,B429,LP429,2,202,51.1,Residential,IND-AP-VSP-DVD-LP429-B429-F02-202
PROP-B429-F02-U203,B429,LP429,2,203,51.1,Residential,IND-AP-VSP-DVD-LP429-B429-F02-203
PROP-B429-F02-U204,B429,LP429,2,204,51.1,Residential,IND-AP-VSP-DVD-LP429-B429-F02-204
PROP-B429-F03-U301,B429,LP429,3,301,51.1,Residential,IND-AP-VSP-DVD-LP429-B429-F03-301
PROP-B429-F03-U302,B429,LP429,3,302,51.1,Residential,IND-AP-VSP-DVD-LP429-B429-F03-302
PROP-B429-F03-U303,B429,LP429,3,303,51.1,Residential,IND-AP-VSP-DVD-LP429-B429-F03-303
PROP-B429-F03-U304,B429,LP429,3,304,51.1,Residential,IND-AP-VSP-DVD-LP429-B429-F03-304
PROP-B429-F04-U401,B429,LP429,4,401,51.1,Residential,IND-AP-VSP-DVD-LP429-B429-F04-401
PROP-B429-F04-U402,B429,LP429,4,402,51.1,Residential,IND-AP-VSP-DVD-LP429-B429-F04-402
PROP-B429-F04-U403,B429,LP429,4,403,51.1,Residential,IND-AP-VSP-DVD-LP429-B429-F04-403
PROP-B429-F04-U404,B429,LP429,4,404,51.1,Residential,IND-AP-VSP-DVD-LP429-B429-F04-404
PROP-B429-F05-U501,B429,LP429,5,501,51.1,Residential,IND-AP-VSP-DVD-LP429-B429-F05-501
PROP-B429-F05-U502,B429,LP429,5,502,51.1,Residential,IND-AP-VSP-DVD-LP429-B429-F05-502
PROP-B429-F05-U503,B429,LP429,5,503,51.1,Residential,IND-AP-VSP-DVD-LP429-B429-F05-503
PROP-B429-F05-U504,B429,LP429,5,504,51.1,Residential,IND-AP-VSP-DVD-LP429-B429-F05-504
PROP-B430-F01-U101,B430,LP430,1,101,51.1,Residential,IND-AP-VSP-DVD-LP430-B430-F01-101
PROP-B430-F01-U102,B430,LP430,1,102,51.1,Residential,IND-AP-VSP-DVD-LP430-B430-F01-102
PROP-B430-F01-U103,B430,LP430,1,103,51.1,Residential,IND-AP-VSP-DVD-LP430-B430-F01-103
PROP-B430-F01-U104,B430,LP430,1,104,51.1,Residential,IND-AP-VSP-DVD-LP430-B430-F01-104
PROP-B430-F02-U201,B430,LP430,2,201,51.1,Residential,IND-AP-VSP-DVD-LP430-B430-F02-201
PROP-B430-F02-U202,B430,LP430,2,202,51.1,Residential,IND-AP-VSP-DVD-LP430-B430-F02-202
PROP-B430-F02-U203,B430,LP430,2,203,51.1,Residential,IND-AP-VSP-DVD-LP430-B430-F02-203
PROP-B430-F02-U204,B430,LP430,2,204,51.1,Residential,IND-AP-VSP-DVD-LP430-B430-F02-204
PROP-B430-F03-U301,B430,LP430,3,301,51.1,Residential,IND-AP-VSP-DVD-LP430-B430-F03-301
PROP-B430-F03-U302,B430,LP430,3,302,51.1,Residential,IND-AP-VSP-DVD-LP430-B430-F03-302
PROP-B430-F03-U303,B430,LP430,3,303,51.1,Residential,IND-AP-VSP-DVD-LP430-B430-F03-303
PROP-B430-F03-U304,B430,LP430,3,304,51.1,Residential,IND-AP-VSP-DVD-LP430-B430-F03-304
PROP-B430-F04-U401,B430,LP430,4,401,51.1,Residential,IND-AP-VSP-DVD-LP430-B430-F04-401
PROP-B430-F04-U402,B430,LP430,4,402,51.1,Residential,IND-AP-VSP-DVD-LP430-B430-F04-402
PROP-B430-F04-U403,B430,LP430,4,403,51.1,Residential,IND-AP-VSP-DVD-LP430-B430-F04-403
PROP-B430-F04-U404,B430,LP430,4,404,51.1,Residential,IND-AP-VSP-DVD-LP430-B430-F04-404
PROP-B430-F05-U501,B430,LP430,5,501,51.1,Residential,IND-AP-VSP-DVD-LP430-B430-F05-501
PROP-B430-F05-U502,B430,LP430,5,502,51.1,Residential,IND-AP-VSP-DVD-LP430-B430-F05-502
PROP-B430-F05-U503,B430,LP430,5,503,51.1,Residential,IND-AP-VSP-DVD-LP430-B430-F05-503
PROP-B430-F05-U504,B430,LP430,5,504,51.1,Residential,IND-AP-VSP-DVD-LP430-B430-F05-504
PROP-B431-F01-U101,B431,LP431,1,101,51,Residential,IND-AP-VSP-DVD-LP431-B431-F01-101
PROP-B431-F01-U102,B431,LP431,1,102,51,Residential,IND-AP-VSP-DVD-LP431-B431-F01-102
PROP-B431-F01-U103,B431,LP431,1,103,51,Residential,IND-AP-VSP-DVD-LP431-B431-F01-103
PROP-B431-F01-U104,B431,LP431,1,104,51,Residential,IND-AP-VSP-DVD-LP431-B431-F01-104
PROP-B431-F02-U201,B431,LP431,2,201,51,Residential,IND-AP-VSP-DVD-LP431-B431-F02-201
PROP-B431-F02-U202,B431,LP431,2,202,51,Residential,IND-AP-VSP-DVD-LP431-B431-F02-202
PROP-B431-F02-U203,B431,LP431,2,203,51,Residential,IND-AP-VSP-DVD-LP431-B431-F02-203
PROP-B431-F02-U204,B431,LP431,2,204,51,Residential,IND-AP-VSP-DVD-LP431-B431-F02-204
PROP-B431-F03-U301,B431,LP431,3,301,51,Residential,IND-AP-VSP-DVD-LP431-B431-F03-301
PROP-B431-F03-U302,B431,LP431,3,302,51,Residential,IND-AP-VSP-DVD-LP431-B431-F03-302
PROP-B431-F03-U303,B431,LP431,3,303,51,Residential,IND-AP-VSP-DVD-LP431-B431-F03-303
PROP-B431-F03-U304,B431,LP431,3,304,51,Residential,IND-AP-VSP-DVD-LP431-B431-F03-304
PROP-B431-F04-U401,B431,LP431,4,401,51,Residential,IND-AP-VSP-DVD-LP431-B431-F04-401
PROP-B431-F04-U402,B431,LP431,4,402,51,Residential,IND-AP-VSP-DVD-LP431-B431-F04-402
PROP-B431-F04-U403,B431,LP431,4,403,51,Residential,IND-AP-VSP-DVD-LP431-B431-F04-403
PROP-B431-F04-U404,B431,LP431,4,404,51,Residential,IND-AP-VSP-DVD-LP431-B431-F04-404
PROP-B431-F05-U501,B431,LP431,5,501,51,Residential,IND-AP-VSP-DVD-LP431-B431-F05-501
PROP-B431-F05-U502,B431,LP431,5,502,51,Residential,IND-AP-VSP-DVD-LP431-B431-F05-502
PROP-B431-F05-U503,B431,LP431,5,503,51,Residential,IND-AP-VSP-DVD-LP431-B431-F05-503
PROP-B431-F05-U504,B431,LP431,5,504,51,Residential,IND-AP-VSP-DVD-LP431-B431-F05-504
PROP-B432-F01-U101,B432,LP432,1,101,51.1,Residential,IND-AP-VSP-DVD-LP432-B432-F01-101
PROP-B432-F01-U102,B432,LP432,1,102,51.1,Residential,IND-AP-VSP-DVD-LP432-B432-F01-102
PROP-B432-F01-U103,B432,LP432,1,103,51.1,Residential,IND-AP-VSP-DVD-LP432-B432-F01-103
PROP-B432-F01-U104,B432,LP432,1,104,51.1,Residential,IND-AP-VSP-DVD-LP432-B432-F01-104
PROP-B432-F02-U201,B432,LP432,2,201,51.1,Residential,IND-AP-VSP-DVD-LP432-B432-F02-201
PROP-B432-F02-U202,B432,LP432,2,202,51.1,Residential,IND-AP-VSP-DVD-LP432-B432-F02-202
PROP-B432-F02-U203,B432,LP432,2,203,51.1,Residential,IND-AP-VSP-DVD-LP432-B432-F02-203
PROP-B432-F02-U204,B432,LP432,2,204,51.1,Residential,IND-AP-VSP-DVD-LP432-B432-F02-204
PROP-B432-F03-U301,B432,LP432,3,301,51.1,Residential,IND-AP-VSP-DVD-LP432-B432-F03-301
PROP-B432-F03-U302,B432,LP432,3,302,51.1,Residential,IND-AP-VSP-DVD-LP432-B432-F03-302
PROP-B432-F03-U303,B432,LP432,3,303,51.1,Residential,IND-AP-VSP-DVD-LP432-B432-F03-303
PROP-B432-F03-U304,B432,LP432,3,304,51.1,Residential,IND-AP-VSP-DVD-LP432-B432-F03-304
PROP-B432-F04-U401,B432,LP432,4,401,51.1,Residential,IND-AP-VSP-DVD-LP432-B432-F04-401
PROP-B432-F04-U402,B432,LP432,4,402,51.1,Residential,IND-AP-VSP-DVD-LP432-B432-F04-402
PROP-B432-F04-U403,B432,LP432,4,403,51.1,Residential,IND-AP-VSP-DVD-LP432-B432-F04-403
PROP-B432-F04-U404,B432,LP432,4,404,51.1,Residential,IND-AP-VSP-DVD-LP432-B432-F04-404
PROP-B432-F05-U501,B432,LP432,5,501,51.1,Residential,IND-AP-VSP-DVD-LP432-B432-F05-501
PROP-B432-F05-U502,B432,LP432,5,502,51.1,Residential,IND-AP-VSP-DVD-LP432-B432-F05-502
PROP-B432-F05-U503,B432,LP432,5,503,51.1,Residential,IND-AP-VSP-DVD-LP432-B432-F05-503
PROP-B432-F05-U504,B432,LP432,5,504,51.1,Residential,IND-AP-VSP-DVD-LP432-B432-F05-504
PROP-B433-F01-U101,B433,LP433,1,101,51.1,Residential,IND-AP-VSP-DVD-LP433-B433-F01-101
PROP-B433-F01-U102,B433,LP433,1,102,51.1,Residential,IND-AP-VSP-DVD-LP433-B433-F01-102
PROP-B433-F01-U103,B433,LP433,1,103,51.1,Residential,IND-AP-VSP-DVD-LP433-B433-F01-103
PROP-B433-F01-U104,B433,LP433,1,104,51.1,Residential,IND-AP-VSP-DVD-LP433-B433-F01-104
PROP-B433-F02-U201,B433,LP433,2,201,51.1,Residential,IND-AP-VSP-DVD-LP433-B433-F02-201
PROP-B433-F02-U202,B433,LP433,2,202,51.1,Residential,IND-AP-VSP-DVD-LP433-B433-F02-202
PROP-B433-F02-U203,B433,LP433,2,203,51.1,Residential,IND-AP-VSP-DVD-LP433-B433-F02-203
PROP-B433-F02-U204,B433,LP433,2,204,51.1,Residential,IND-AP-VSP-DVD-LP433-B433-F02-204
PROP-B433-F03-U301,B433,LP433,3,301,51.1,Residential,IND-AP-VSP-DVD-LP433-B433-F03-301
PROP-B433-F03-U302,B433,LP433,3,302,51.1,Residential,IND-AP-VSP-DVD-LP433-B433-F03-302
PROP-B433-F03-U303,B433,LP433,3,303,51.1,Residential,IND-AP-VSP-DVD-LP433-B433-F03-303
PROP-B433-F03-U304,B433,LP433,3,304,51.1,Residential,IND-AP-VSP-DVD-LP433-B433-F03-304
PROP-B433-F04-U401,B433,LP433,4,401,51.1,Residential,IND-AP-VSP-DVD-LP433-B433-F04-401
PROP-B433-F04-U402,B433,LP433,4,402,51.1,Residential,IND-AP-VSP-DVD-LP433-B433-F04-402
PROP-B433-F04-U403,B433,LP433,4,403,51.1,Residential,IND-AP-VSP-DVD-LP433-B433-F04-403
PROP-B433-F04-U404,B433,LP433,4,404,51.1,Residential,IND-AP-VSP-DVD-LP433-B433-F04-404
PROP-B433-F05-U501,B433,LP433,5,501,51.1,Residential,IND-AP-VSP-DVD-LP433-B433-F05-501
PROP-B433-F05-U502,B433,LP433,5,502,51.1,Residential,IND-AP-VSP-DVD-LP433-B433-F05-502
PROP-B433-F05-U503,B433,LP433,5,503,51.1,Residential,IND-AP-VSP-DVD-LP433-B433-F05-503
PROP-B433-F05-U504,B433,LP433,5,504,51.1,Residential,IND-AP-VSP-DVD-LP433-B433-F05-504
PROP-B434-F01-U101,B434,LP434,1,101,51.1,Residential,IND-AP-VSP-DVD-LP434-B434-F01-101
PROP-B434-F01-U102,B434,LP434,1,102,51.1,Residential,IND-AP-VSP-DVD-LP434-B434-F01-102
PROP-B434-F01-U103,B434,LP434,1,103,51.1,Residential,IND-AP-VSP-DVD-LP434-B434-F01-103
PROP-B434-F01-U104,B434,LP434,1,104,51.1,Residential,IND-AP-VSP-DVD-LP434-B434-F01-104
PROP-B434-F02-U201,B434,LP434,2,201,51.1,Residential,IND-AP-VSP-DVD-LP434-B434-F02-201
PROP-B434-F02-U202,B434,LP434,2,202,51.1,Residential,IND-AP-VSP-DVD-LP434-B434-F02-202
PROP-B434-F02-U203,B434,LP434,2,203,51.1,Residential,IND-AP-VSP-DVD-LP434-B434-F02-203
PROP-B434-F02-U204,B434,LP434,2,204,51.1,Residential,IND-AP-VSP-DVD-LP434-B434-F02-204
PROP-B434-F03-U301,B434,LP434,3,301,51.1,Residential,IND-AP-VSP-DVD-LP434-B434-F03-301
PROP-B434-F03-U302,B434,LP434,3,302,51.1,Residential,IND-AP-VSP-DVD-LP434-B434-F03-302
PROP-B434-F03-U303,B434,LP434,3,303,51.1,Residential,IND-AP-VSP-DVD-LP434-B434-F03-303
PROP-B434-F03-U304,B434,LP434,3,304,51.1,Residential,IND-AP-VSP-DVD-LP434-B434-F03-304
PROP-B434-F04-U401,B434,LP434,4,401,51.1,Residential,IND-AP-VSP-DVD-LP434-B434-F04-401
PROP-B434-F04-U402,B434,LP434,4,402,51.1,Residential,IND-AP-VSP-DVD-LP434-B434-F04-402
PROP-B434-F04-U403,B434,LP434,4,403,51.1,Residential,IND-AP-VSP-DVD-LP434-B434-F04-403
PROP-B434-F04-U404,B434,LP434,4,404,51.1,Residential,IND-AP-VSP-DVD-LP434-B434-F04-404
PROP-B434-F05-U501,B434,LP434,5,501,51.1,Residential,IND-AP-VSP-DVD-LP434-B434-F05-501
PROP-B434-F05-U502,B434,LP434,5,502,51.1,Residential,IND-AP-VSP-DVD-LP434-B434-F05-502
PROP-B434-F05-U503,B434,LP434,5,503,51.1,Residential,IND-AP-VSP-DVD-LP434-B434-F05-503
PROP-B434-F05-U504,B434,LP434,5,504,51.1,Residential,IND-AP-VSP-DVD-LP434-B434-F05-504
PROP-B435-F01-U101,B435,LP435,1,101,51.1,Residential,IND-AP-VSP-DVD-LP435-B435-F01-101
PROP-B435-F01-U102,B435,LP435,1,102,51.1,Residential,IND-AP-VSP-DVD-LP435-B435-F01-102
PROP-B435-F01-U103,B435,LP435,1,103,51.1,Residential,IND-AP-VSP-DVD-LP435-B435-F01-103
PROP-B435-F01-U104,B435,LP435,1,104,51.1,Residential,IND-AP-VSP-DVD-LP435-B435-F01-104
PROP-B435-F02-U201,B435,LP435,2,201,51.1,Residential,IND-AP-VSP-DVD-LP435-B435-F02-201
PROP-B435-F02-U202,B435,LP435,2,202,51.1,Residential,IND-AP-VSP-DVD-LP435-B435-F02-202
PROP-B435-F02-U203,B435,LP435,2,203,51.1,Residential,IND-AP-VSP-DVD-LP435-B435-F02-203
PROP-B435-F02-U204,B435,LP435,2,204,51.1,Residential,IND-AP-VSP-DVD-LP435-B435-F02-204
PROP-B435-F03-U301,B435,LP435,3,301,51.1,Residential,IND-AP-VSP-DVD-LP435-B435-F03-301
PROP-B435-F03-U302,B435,LP435,3,302,51.1,Residential,IND-AP-VSP-DVD-LP435-B435-F03-302
PROP-B435-F03-U303,B435,LP435,3,303,51.1,Residential,IND-AP-VSP-DVD-LP435-B435-F03-303
PROP-B435-F03-U304,B435,LP435,3,304,51.1,Residential,IND-AP-VSP-DVD-LP435-B435-F03-304
PROP-B435-F04-U401,B435,LP435,4,401,51.1,Residential,IND-AP-VSP-DVD-LP435-B435-F04-401
PROP-B435-F04-U402,B435,LP435,4,402,51.1,Residential,IND-AP-VSP-DVD-LP435-B435-F04-402
PROP-B435-F04-U403,B435,LP435,4,403,51.1,Residential,IND-AP-VSP-DVD-LP435-B435-F04-403
PROP-B435-F04-U404,B435,LP435,4,404,51.1,Residential,IND-AP-VSP-DVD-LP435-B435-F04-404
PROP-B435-F05-U501,B435,LP435,5,501,51.1,Residential,IND-AP-VSP-DVD-LP435-B435-F05-501
PROP-B435-F05-U502,B435,LP435,5,502,51.1,Residential,IND-AP-VSP-DVD-LP435-B435-F05-502
PROP-B435-F05-U503,B435,LP435,5,503,51.1,Residential,IND-AP-VSP-DVD-LP435-B435-F05-503
PROP-B435-F05-U504,B435,LP435,5,504,51.1,Residential,IND-AP-VSP-DVD-LP435-B435-F05-504
PROP-B436-F01-U101,B436,LP436,1,101,55.6,Residential,IND-AP-VSP-DVD-LP436-B436-F01-101
PROP-B436-F01-U102,B436,LP436,1,102,55.6,Residential,IND-AP-VSP-DVD-LP436-B436-F01-102
PROP-B436-F01-U103,B436,LP436,1,103,55.6,Residential,IND-AP-VSP-DVD-LP436-B436-F01-103
PROP-B436-F01-U104,B436,LP436,1,104,55.6,Residential,IND-AP-VSP-DVD-LP436-B436-F01-104
PROP-B436-F02-U201,B436,LP436,2,201,55.6,Residential,IND-AP-VSP-DVD-LP436-B436-F02-201
PROP-B436-F02-U202,B436,LP436,2,202,55.6,Residential,IND-AP-VSP-DVD-LP436-B436-F02-202
PROP-B436-F02-U203,B436,LP436,2,203,55.6,Residential,IND-AP-VSP-DVD-LP436-B436-F02-203
PROP-B436-F02-U204,B436,LP436,2,204,55.6,Residential,IND-AP-VSP-DVD-LP436-B436-F02-204
PROP-B436-F03-U301,B436,LP436,3,301,55.6,Residential,IND-AP-VSP-DVD-LP436-B436-F03-301
PROP-B436-F03-U302,B436,LP436,3,302,55.6,Residential,IND-AP-VSP-DVD-LP436-B436-F03-302
PROP-B436-F03-U303,B436,LP436,3,303,55.6,Residential,IND-AP-VSP-DVD-LP436-B436-F03-303
PROP-B436-F03-U304,B436,LP436,3,304,55.6,Residential,IND-AP-VSP-DVD-LP436-B436-F03-304
PROP-B436-F04-U401,B436,LP436,4,401,55.6,Residential,IND-AP-VSP-DVD-LP436-B436-F04-401
PROP-B436-F04-U402,B436,LP436,4,402,55.6,Residential,IND-AP-VSP-DVD-LP436-B436-F04-402
PROP-B436-F04-U403,B436,LP436,4,403,55.6,Residential,IND-AP-VSP-DVD-LP436-B436-F04-403
PROP-B436-F04-U404,B436,LP436,4,404,55.6,Residential,IND-AP-VSP-DVD-LP436-B436-F04-404
PROP-B436-F05-U501,B436,LP436,5,501,55.6,Residential,IND-AP-VSP-DVD-LP436-B436-F05-501
PROP-B436-F05-U502,B436,LP436,5,502,55.6,Residential,IND-AP-VSP-DVD-LP436-B436-F05-502
PROP-B436-F05-U503,B436,LP436,5,503,55.6,Residential,IND-AP-VSP-DVD-LP436-B436-F05-503
PROP-B436-F05-U504,B436,LP436,5,504,55.6,Residential,IND-AP-VSP-DVD-LP436-B436-F05-504
PROP-B437-F01-U101,B437,LP437,1,101,55.6,Residential,IND-AP-VSP-DVD-LP437-B437-F01-101
PROP-B437-F01-U102,B437,LP437,1,102,55.6,Residential,IND-AP-VSP-DVD-LP437-B437-F01-102
PROP-B437-F01-U103,B437,LP437,1,103,55.6,Residential,IND-AP-VSP-DVD-LP437-B437-F01-103
PROP-B437-F01-U104,B437,LP437,1,104,55.6,Residential,IND-AP-VSP-DVD-LP437-B437-F01-104
PROP-B437-F02-U201,B437,LP437,2,201,55.6,Residential,IND-AP-VSP-DVD-LP437-B437-F02-201
PROP-B437-F02-U202,B437,LP437,2,202,55.6,Residential,IND-AP-VSP-DVD-LP437-B437-F02-202
PROP-B437-F02-U203,B437,LP437,2,203,55.6,Residential,IND-AP-VSP-DVD-LP437-B437-F02-203
PROP-B437-F02-U204,B437,LP437,2,204,55.6,Residential,IND-AP-VSP-DVD-LP437-B437-F02-204
PROP-B437-F03-U301,B437,LP437,3,301,55.6,Residential,IND-AP-VSP-DVD-LP437-B437-F03-301
PROP-B437-F03-U302,B437,LP437,3,302,55.6,Residential,IND-AP-VSP-DVD-LP437-B437-F03-302
PROP-B437-F03-U303,B437,LP437,3,303,55.6,Residential,IND-AP-VSP-DVD-LP437-B437-F03-303
PROP-B437-F03-U304,B437,LP437,3,304,55.6,Residential,IND-AP-VSP-DVD-LP437-B437-F03-304
PROP-B437-F04-U401,B437,LP437,4,401,55.6,Residential,IND-AP-VSP-DVD-LP437-B437-F04-401
PROP-B437-F04-U402,B437,LP437,4,402,55.6,Residential,IND-AP-VSP-DVD-LP437-B437-F04-402
PROP-B437-F04-U403,B437,LP437,4,403,55.6,Residential,IND-AP-VSP-DVD-LP437-B437-F04-403
PROP-B437-F04-U404,B437,LP437,4,404,55.6,Residential,IND-AP-VSP-DVD-LP437-B437-F04-404
PROP-B437-F05-U501,B437,LP437,5,501,55.6,Residential,IND-AP-VSP-DVD-LP437-B437-F05-501
PROP-B437-F05-U502,B437,LP437,5,502,55.6,Residential,IND-AP-VSP-DVD-LP437-B437-F05-502
PROP-B437-F05-U503,B437,LP437,5,503,55.6,Residential,IND-AP-VSP-DVD-LP437-B437-F05-503
PROP-B437-F05-U504,B437,LP437,5,504,55.6,Residential,IND-AP-VSP-DVD-LP437-B437-F05-504
PROP-B438-F01-U101,B438,LP438,1,101,50.1,Residential,IND-AP-VSP-DVD-LP438-B438-F01-101
PROP-B438-F01-U102,B438,LP438,1,102,50.1,Residential,IND-AP-VSP-DVD-LP438-B438-F01-102
PROP-B438-F01-U103,B438,LP438,1,103,50.1,Residential,IND-AP-VSP-DVD-LP438-B438-F01-103
PROP-B438-F01-U104,B438,LP438,1,104,50.1,Residential,IND-AP-VSP-DVD-LP438-B438-F01-104
PROP-B438-F02-U201,B438,LP438,2,201,50.1,Residential,IND-AP-VSP-DVD-LP438-B438-F02-201
PROP-B438-F02-U202,B438,LP438,2,202,50.1,Residential,IND-AP-VSP-DVD-LP438-B438-F02-202
PROP-B438-F02-U203,B438,LP438,2,203,50.1,Residential,IND-AP-VSP-DVD-LP438-B438-F02-203
PROP-B438-F02-U204,B438,LP438,2,204,50.1,Residential,IND-AP-VSP-DVD-LP438-B438-F02-204
PROP-B438-F03-U301,B438,LP438,3,301,50.1,Residential,IND-AP-VSP-DVD-LP438-B438-F03-301
PROP-B438-F03-U302,B438,LP438,3,302,50.1,Residential,IND-AP-VSP-DVD-LP438-B438-F03-302
PROP-B438-F03-U303,B438,LP438,3,303,50.1,Residential,IND-AP-VSP-DVD-LP438-B438-F03-303
PROP-B438-F03-U304,B438,LP438,3,304,50.1,Residential,IND-AP-VSP-DVD-LP438-B438-F03-304
PROP-B438-F04-U401,B438,LP438,4,401,50.1,Residential,IND-AP-VSP-DVD-LP438-B438-F04-401
PROP-B438-F04-U402,B438,LP438,4,402,50.1,Residential,IND-AP-VSP-DVD-LP438-B438-F04-402
PROP-B438-F04-U403,B438,LP438,4,403,50.1,Residential,IND-AP-VSP-DVD-LP438-B438-F04-403
PROP-B438-F04-U404,B438,LP438,4,404,50.1,Residential,IND-AP-VSP-DVD-LP438-B438-F04-404
PROP-B438-F05-U501,B438,LP438,5,501,50.1,Residential,IND-AP-VSP-DVD-LP438-B438-F05-501
PROP-B438-F05-U502,B438,LP438,5,502,50.1,Residential,IND-AP-VSP-DVD-LP438-B438-F05-502
PROP-B438-F05-U503,B438,LP438,5,503,50.1,Residential,IND-AP-VSP-DVD-LP438-B438-F05-503
PROP-B438-F05-U504,B438,LP438,5,504,50.1,Residential,IND-AP-VSP-DVD-LP438-B438-F05-504
PROP-B439-F01-U101,B439,LP439,1,101,50.1,Residential,IND-AP-VSP-DVD-LP439-B439-F01-101
PROP-B439-F01-U102,B439,LP439,1,102,50.1,Residential,IND-AP-VSP-DVD-LP439-B439-F01-102
PROP-B439-F01-U103,B439,LP439,1,103,50.1,Residential,IND-AP-VSP-DVD-LP439-B439-F01-103
PROP-B439-F01-U104,B439,LP439,1,104,50.1,Residential,IND-AP-VSP-DVD-LP439-B439-F01-104
PROP-B439-F02-U201,B439,LP439,2,201,50.1,Residential,IND-AP-VSP-DVD-LP439-B439-F02-201
PROP-B439-F02-U202,B439,LP439,2,202,50.1,Residential,IND-AP-VSP-DVD-LP439-B439-F02-202
PROP-B439-F02-U203,B439,LP439,2,203,50.1,Residential,IND-AP-VSP-DVD-LP439-B439-F02-203
PROP-B439-F02-U204,B439,LP439,2,204,50.1,Residential,IND-AP-VSP-DVD-LP439-B439-F02-204
PROP-B439-F03-U301,B439,LP439,3,301,50.1,Residential,IND-AP-VSP-DVD-LP439-B439-F03-301
PROP-B439-F03-U302,B439,LP439,3,302,50.1,Residential,IND-AP-VSP-DVD-LP439-B439-F03-302
PROP-B439-F03-U303,B439,LP439,3,303,50.1,Residential,IND-AP-VSP-DVD-LP439-B439-F03-303
PROP-B439-F03-U304,B439,LP439,3,304,50.1,Residential,IND-AP-VSP-DVD-LP439-B439-F03-304
PROP-B439-F04-U401,B439,LP439,4,401,50.1,Residential,IND-AP-VSP-DVD-LP439-B439-F04-401
PROP-B439-F04-U402,B439,LP439,4,402,50.1,Residential,IND-AP-VSP-DVD-LP439-B439-F04-402
PROP-B439-F04-U403,B439,LP439,4,403,50.1,Residential,IND-AP-VSP-DVD-LP439-B439-F04-403
PROP-B439-F04-U404,B439,LP439,4,404,50.1,Residential,IND-AP-VSP-DVD-LP439-B439-F04-404
PROP-B439-F05-U501,B439,LP439,5,501,50.1,Residential,IND-AP-VSP-DVD-LP439-B439-F05-501
PROP-B439-F05-U502,B439,LP439,5,502,50.1,Residential,IND-AP-VSP-DVD-LP439-B439-F05-502
PROP-B439-F05-U503,B439,LP439,5,503,50.1,Residential,IND-AP-VSP-DVD-LP439-B439-F05-503
PROP-B439-F05-U504,B439,LP439,5,504,50.1,Residential,IND-AP-VSP-DVD-LP439-B439-F05-504
PROP-B440-F01-U101,B440,LP440,1,101,50.1,Residential,IND-AP-VSP-DVD-LP440-B440-F01-101
PROP-B440-F01-U102,B440,LP440,1,102,50.1,Residential,IND-AP-VSP-DVD-LP440-B440-F01-102
PROP-B440-F01-U103,B440,LP440,1,103,50.1,Residential,IND-AP-VSP-DVD-LP440-B440-F01-103
PROP-B440-F01-U104,B440,LP440,1,104,50.1,Residential,IND-AP-VSP-DVD-LP440-B440-F01-104
PROP-B440-F02-U201,B440,LP440,2,201,50.1,Residential,IND-AP-VSP-DVD-LP440-B440-F02-201
PROP-B440-F02-U202,B440,LP440,2,202,50.1,Residential,IND-AP-VSP-DVD-LP440-B440-F02-202
PROP-B440-F02-U203,B440,LP440,2,203,50.1,Residential,IND-AP-VSP-DVD-LP440-B440-F02-203
PROP-B440-F02-U204,B440,LP440,2,204,50.1,Residential,IND-AP-VSP-DVD-LP440-B440-F02-204
PROP-B440-F03-U301,B440,LP440,3,301,50.1,Residential,IND-AP-VSP-DVD-LP440-B440-F03-301
PROP-B440-F03-U302,B440,LP440,3,302,50.1,Residential,IND-AP-VSP-DVD-LP440-B440-F03-302
PROP-B440-F03-U303,B440,LP440,3,303,50.1,Residential,IND-AP-VSP-DVD-LP440-B440-F03-303
PROP-B440-F03-U304,B440,LP440,3,304,50.1,Residential,IND-AP-VSP-DVD-LP440-B440-F03-304
PROP-B440-F04-U401,B440,LP440,4,401,50.1,Residential,IND-AP-VSP-DVD-LP440-B440-F04-401
PROP-B440-F04-U402,B440,LP440,4,402,50.1,Residential,IND-AP-VSP-DVD-LP440-B440-F04-402
PROP-B440-F04-U403,B440,LP440,4,403,50.1,Residential,IND-AP-VSP-DVD-LP440-B440-F04-403
PROP-B440-F04-U404,B440,LP440,4,404,50.1,Residential,IND-AP-VSP-DVD-LP440-B440-F04-404
PROP-B440-F05-U501,B440,LP440,5,501,50.1,Residential,IND-AP-VSP-DVD-LP440-B440-F05-501
PROP-B440-F05-U502,B440,LP440,5,502,50.1,Residential,IND-AP-VSP-DVD-LP440-B440-F05-502
PROP-B440-F05-U503,B440,LP440,5,503,50.1,Residential,IND-AP-VSP-DVD-LP440-B440-F05-503
PROP-B440-F05-U504,B440,LP440,5,504,50.1,Residential,IND-AP-VSP-DVD-LP440-B440-F05-504
PROP-B441-F01-U101,B441,LP441,1,101,50.1,Residential,IND-AP-VSP-DVD-LP441-B441-F01-101
PROP-B441-F01-U102,B441,LP441,1,102,50.1,Residential,IND-AP-VSP-DVD-LP441-B441-F01-102
PROP-B441-F01-U103,B441,LP441,1,103,50.1,Residential,IND-AP-VSP-DVD-LP441-B441-F01-103
PROP-B441-F01-U104,B441,LP441,1,104,50.1,Residential,IND-AP-VSP-DVD-LP441-B441-F01-104
PROP-B441-F02-U201,B441,LP441,2,201,50.1,Residential,IND-AP-VSP-DVD-LP441-B441-F02-201
PROP-B441-F02-U202,B441,LP441,2,202,50.1,Residential,IND-AP-VSP-DVD-LP441-B441-F02-202
PROP-B441-F02-U203,B441,LP441,2,203,50.1,Residential,IND-AP-VSP-DVD-LP441-B441-F02-203
PROP-B441-F02-U204,B441,LP441,2,204,50.1,Residential,IND-AP-VSP-DVD-LP441-B441-F02-204
PROP-B441-F03-U301,B441,LP441,3,301,50.1,Residential,IND-AP-VSP-DVD-LP441-B441-F03-301
PROP-B441-F03-U302,B441,LP441,3,302,50.1,Residential,IND-AP-VSP-DVD-LP441-B441-F03-302
PROP-B441-F03-U303,B441,LP441,3,303,50.1,Residential,IND-AP-VSP-DVD-LP441-B441-F03-303
PROP-B441-F03-U304,B441,LP441,3,304,50.1,Residential,IND-AP-VSP-DVD-LP441-B441-F03-304
PROP-B441-F04-U401,B441,LP441,4,401,50.1,Residential,IND-AP-VSP-DVD-LP441-B441-F04-401
PROP-B441-F04-U402,B441,LP441,4,402,50.1,Residential,IND-AP-VSP-DVD-LP441-B441-F04-402
PROP-B441-F04-U403,B441,LP441,4,403,50.1,Residential,IND-AP-VSP-DVD-LP441-B441-F04-403
PROP-B441-F04-U404,B441,LP441,4,404,50.1,Residential,IND-AP-VSP-DVD-LP441-B441-F04-404
PROP-B441-F05-U501,B441,LP441,5,501,50.1,Residential,IND-AP-VSP-DVD-LP441-B441-F05-501
PROP-B441-F05-U502,B441,LP441,5,502,50.1,Residential,IND-AP-VSP-DVD-LP441-B441-F05-502
PROP-B441-F05-U503,B441,LP441,5,503,50.1,Residential,IND-AP-VSP-DVD-LP441-B441-F05-503
PROP-B441-F05-U504,B441,LP441,5,504,50.1,Residential,IND-AP-VSP-DVD-LP441-B441-F05-504
PROP-B442-F01-U101,B442,LP442,1,101,50.1,Residential,IND-AP-VSP-DVD-LP442-B442-F01-101
PROP-B442-F01-U102,B442,LP442,1,102,50.1,Residential,IND-AP-VSP-DVD-LP442-B442-F01-102
PROP-B442-F01-U103,B442,LP442,1,103,50.1,Residential,IND-AP-VSP-DVD-LP442-B442-F01-103
PROP-B442-F01-U104,B442,LP442,1,104,50.1,Residential,IND-AP-VSP-DVD-LP442-B442-F01-104
PROP-B442-F02-U201,B442,LP442,2,201,50.1,Residential,IND-AP-VSP-DVD-LP442-B442-F02-201
PROP-B442-F02-U202,B442,LP442,2,202,50.1,Residential,IND-AP-VSP-DVD-LP442-B442-F02-202
PROP-B442-F02-U203,B442,LP442,2,203,50.1,Residential,IND-AP-VSP-DVD-LP442-B442-F02-203
PROP-B442-F02-U204,B442,LP442,2,204,50.1,Residential,IND-AP-VSP-DVD-LP442-B442-F02-204
PROP-B442-F03-U301,B442,LP442,3,301,50.1,Residential,IND-AP-VSP-DVD-LP442-B442-F03-301
PROP-B442-F03-U302,B442,LP442,3,302,50.1,Residential,IND-AP-VSP-DVD-LP442-B442-F03-302
PROP-B442-F03-U303,B442,LP442,3,303,50.1,Residential,IND-AP-VSP-DVD-LP442-B442-F03-303
PROP-B442-F03-U304,B442,LP442,3,304,50.1,Residential,IND-AP-VSP-DVD-LP442-B442-F03-304
PROP-B442-F04-U401,B442,LP442,4,401,50.1,Residential,IND-AP-VSP-DVD-LP442-B442-F04-401
PROP-B442-F04-U402,B442,LP442,4,402,50.1,Residential,IND-AP-VSP-DVD-LP442-B442-F04-402
PROP-B442-F04-U403,B442,LP442,4,403,50.1,Residential,IND-AP-VSP-DVD-LP442-B442-F04-403
PROP-B442-F04-U404,B442,LP442,4,404,50.1,Residential,IND-AP-VSP-DVD-LP442-B442-F04-404
PROP-B442-F05-U501,B442,LP442,5,501,50.1,Residential,IND-AP-VSP-DVD-LP442-B442-F05-501
PROP-B442-F05-U502,B442,LP442,5,502,50.1,Residential,IND-AP-VSP-DVD-LP442-B442-F05-502
PROP-B442-F05-U503,B442,LP442,5,503,50.1,Residential,IND-AP-VSP-DVD-LP442-B442-F05-503
PROP-B442-F05-U504,B442,LP442,5,504,50.1,Residential,IND-AP-VSP-DVD-LP442-B442-F05-504
PROP-B443-F01-U101,B443,LP443,1,101,50.1,Residential,IND-AP-VSP-DVD-LP443-B443-F01-101
PROP-B443-F01-U102,B443,LP443,1,102,50.1,Residential,IND-AP-VSP-DVD-LP443-B443-F01-102
PROP-B443-F01-U103,B443,LP443,1,103,50.1,Residential,IND-AP-VSP-DVD-LP443-B443-F01-103
PROP-B443-F01-U104,B443,LP443,1,104,50.1,Residential,IND-AP-VSP-DVD-LP443-B443-F01-104
PROP-B443-F02-U201,B443,LP443,2,201,50.1,Residential,IND-AP-VSP-DVD-LP443-B443-F02-201
PROP-B443-F02-U202,B443,LP443,2,202,50.1,Residential,IND-AP-VSP-DVD-LP443-B443-F02-202
PROP-B443-F02-U203,B443,LP443,2,203,50.1,Residential,IND-AP-VSP-DVD-LP443-B443-F02-203
PROP-B443-F02-U204,B443,LP443,2,204,50.1,Residential,IND-AP-VSP-DVD-LP443-B443-F02-204
PROP-B443-F03-U301,B443,LP443,3,301,50.1,Residential,IND-AP-VSP-DVD-LP443-B443-F03-301
PROP-B443-F03-U302,B443,LP443,3,302,50.1,Residential,IND-AP-VSP-DVD-LP443-B443-F03-302
PROP-B443-F03-U303,B443,LP443,3,303,50.1,Residential,IND-AP-VSP-DVD-LP443-B443-F03-303
PROP-B443-F03-U304,B443,LP443,3,304,50.1,Residential,IND-AP-VSP-DVD-LP443-B443-F03-304
PROP-B443-F04-U401,B443,LP443,4,401,50.1,Residential,IND-AP-VSP-DVD-LP443-B443-F04-401
PROP-B443-F04-U402,B443,LP443,4,402,50.1,Residential,IND-AP-VSP-DVD-LP443-B443-F04-402
PROP-B443-F04-U403,B443,LP443,4,403,50.1,Residential,IND-AP-VSP-DVD-LP443-B443-F04-403
PROP-B443-F04-U404,B443,LP443,4,404,50.1,Residential,IND-AP-VSP-DVD-LP443-B443-F04-404
PROP-B443-F05-U501,B443,LP443,5,501,50.1,Residential,IND-AP-VSP-DVD-LP443-B443-F05-501
PROP-B443-F05-U502,B443,LP443,5,502,50.1,Residential,IND-AP-VSP-DVD-LP443-B443-F05-502
PROP-B443-F05-U503,B443,LP443,5,503,50.1,Residential,IND-AP-VSP-DVD-LP443-B443-F05-503
PROP-B443-F05-U504,B443,LP443,5,504,50.1,Residential,IND-AP-VSP-DVD-LP443-B443-F05-504
PROP-B444-F01-U101,B444,LP444,1,101,50.1,Residential,IND-AP-VSP-DVD-LP444-B444-F01-101
PROP-B444-F01-U102,B444,LP444,1,102,50.1,Residential,IND-AP-VSP-DVD-LP444-B444-F01-102
PROP-B444-F01-U103,B444,LP444,1,103,50.1,Residential,IND-AP-VSP-DVD-LP444-B444-F01-103
PROP-B444-F01-U104,B444,LP444,1,104,50.1,Residential,IND-AP-VSP-DVD-LP444-B444-F01-104
PROP-B444-F02-U201,B444,LP444,2,201,50.1,Residential,IND-AP-VSP-DVD-LP444-B444-F02-201
PROP-B444-F02-U202,B444,LP444,2,202,50.1,Residential,IND-AP-VSP-DVD-LP444-B444-F02-202
PROP-B444-F02-U203,B444,LP444,2,203,50.1,Residential,IND-AP-VSP-DVD-LP444-B444-F02-203
PROP-B444-F02-U204,B444,LP444,2,204,50.1,Residential,IND-AP-VSP-DVD-LP444-B444-F02-204
PROP-B444-F03-U301,B444,LP444,3,301,50.1,Residential,IND-AP-VSP-DVD-LP444-B444-F03-301
PROP-B444-F03-U302,B444,LP444,3,302,50.1,Residential,IND-AP-VSP-DVD-LP444-B444-F03-302
PROP-B444-F03-U303,B444,LP444,3,303,50.1,Residential,IND-AP-VSP-DVD-LP444-B444-F03-303
PROP-B444-F03-U304,B444,LP444,3,304,50.1,Residential,IND-AP-VSP-DVD-LP444-B444-F03-304
PROP-B444-F04-U401,B444,LP444,4,401,50.1,Residential,IND-AP-VSP-DVD-LP444-B444-F04-401
PROP-B444-F04-U402,B444,LP444,4,402,50.1,Residential,IND-AP-VSP-DVD-LP444-B444-F04-402
PROP-B444-F04-U403,B444,LP444,4,403,50.1,Residential,IND-AP-VSP-DVD-LP444-B444-F04-403
PROP-B444-F04-U404,B444,LP444,4,404,50.1,Residential,IND-AP-VSP-DVD-LP444-B444-F04-404
PROP-B444-F05-U501,B444,LP444,5,501,50.1,Residential,IND-AP-VSP-DVD-LP444-B444-F05-501
PROP-B444-F05-U502,B444,LP444,5,502,50.1,Residential,IND-AP-VSP-DVD-LP444-B444-F05-502
PROP-B444-F05-U503,B444,LP444,5,503,50.1,Residential,IND-AP-VSP-DVD-LP444-B444-F05-503
PROP-B444-F05-U504,B444,LP444,5,504,50.1,Residential,IND-AP-VSP-DVD-LP444-B444-F05-504
PROP-B445-F01-U101,B445,LP445,1,101,50.1,Residential,IND-AP-VSP-DVD-LP445-B445-F01-101
PROP-B445-F01-U102,B445,LP445,1,102,50.1,Residential,IND-AP-VSP-DVD-LP445-B445-F01-102
PROP-B445-F01-U103,B445,LP445,1,103,50.1,Residential,IND-AP-VSP-DVD-LP445-B445-F01-103
PROP-B445-F01-U104,B445,LP445,1,104,50.1,Residential,IND-AP-VSP-DVD-LP445-B445-F01-104
PROP-B445-F02-U201,B445,LP445,2,201,50.1,Residential,IND-AP-VSP-DVD-LP445-B445-F02-201
PROP-B445-F02-U202,B445,LP445,2,202,50.1,Residential,IND-AP-VSP-DVD-LP445-B445-F02-202
PROP-B445-F02-U203,B445,LP445,2,203,50.1,Residential,IND-AP-VSP-DVD-LP445-B445-F02-203
PROP-B445-F02-U204,B445,LP445,2,204,50.1,Residential,IND-AP-VSP-DVD-LP445-B445-F02-204
PROP-B445-F03-U301,B445,LP445,3,301,50.1,Residential,IND-AP-VSP-DVD-LP445-B445-F03-301
PROP-B445-F03-U302,B445,LP445,3,302,50.1,Residential,IND-AP-VSP-DVD-LP445-B445-F03-302
PROP-B445-F03-U303,B445,LP445,3,303,50.1,Residential,IND-AP-VSP-DVD-LP445-B445-F03-303
PROP-B445-F03-U304,B445,LP445,3,304,50.1,Residential,IND-AP-VSP-DVD-LP445-B445-F03-304
PROP-B445-F04-U401,B445,LP445,4,401,50.1,Residential,IND-AP-VSP-DVD-LP445-B445-F04-401
PROP-B445-F04-U402,B445,LP445,4,402,50.1,Residential,IND-AP-VSP-DVD-LP445-B445-F04-402
PROP-B445-F04-U403,B445,LP445,4,403,50.1,Residential,IND-AP-VSP-DVD-LP445-B445-F04-403
PROP-B445-F04-U404,B445,LP445,4,404,50.1,Residential,IND-AP-VSP-DVD-LP445-B445-F04-404
PROP-B445-F05-U501,B445,LP445,5,501,50.1,Residential,IND-AP-VSP-DVD-LP445-B445-F05-501
PROP-B445-F05-U502,B445,LP445,5,502,50.1,Residential,IND-AP-VSP-DVD-LP445-B445-F05-502
PROP-B445-F05-U503,B445,LP445,5,503,50.1,Residential,IND-AP-VSP-DVD-LP445-B445-F05-503
PROP-B445-F05-U504,B445,LP445,5,504,50.1,Residential,IND-AP-VSP-DVD-LP445-B445-F05-504
PROP-B446-F01-U101,B446,LP446,1,101,50.1,Residential,IND-AP-VSP-DVD-LP446-B446-F01-101
PROP-B446-F01-U102,B446,LP446,1,102,50.1,Residential,IND-AP-VSP-DVD-LP446-B446-F01-102
PROP-B446-F01-U103,B446,LP446,1,103,50.1,Residential,IND-AP-VSP-DVD-LP446-B446-F01-103
PROP-B446-F01-U104,B446,LP446,1,104,50.1,Residential,IND-AP-VSP-DVD-LP446-B446-F01-104
PROP-B446-F02-U201,B446,LP446,2,201,50.1,Residential,IND-AP-VSP-DVD-LP446-B446-F02-201
PROP-B446-F02-U202,B446,LP446,2,202,50.1,Residential,IND-AP-VSP-DVD-LP446-B446-F02-202
PROP-B446-F02-U203,B446,LP446,2,203,50.1,Residential,IND-AP-VSP-DVD-LP446-B446-F02-203
PROP-B446-F02-U204,B446,LP446,2,204,50.1,Residential,IND-AP-VSP-DVD-LP446-B446-F02-204
PROP-B446-F03-U301,B446,LP446,3,301,50.1,Residential,IND-AP-VSP-DVD-LP446-B446-F03-301
PROP-B446-F03-U302,B446,LP446,3,302,50.1,Residential,IND-AP-VSP-DVD-LP446-B446-F03-302
PROP-B446-F03-U303,B446,LP446,3,303,50.1,Residential,IND-AP-VSP-DVD-LP446-B446-F03-303
PROP-B446-F03-U304,B446,LP446,3,304,50.1,Residential,IND-AP-VSP-DVD-LP446-B446-F03-304
PROP-B446-F04-U401,B446,LP446,4,401,50.1,Residential,IND-AP-VSP-DVD-LP446-B446-F04-401
PROP-B446-F04-U402,B446,LP446,4,402,50.1,Residential,IND-AP-VSP-DVD-LP446-B446-F04-402
PROP-B446-F04-U403,B446,LP446,4,403,50.1,Residential,IND-AP-VSP-DVD-LP446-B446-F04-403
PROP-B446-F04-U404,B446,LP446,4,404,50.1,Residential,IND-AP-VSP-DVD-LP446-B446-F04-404
PROP-B446-F05-U501,B446,LP446,5,501,50.1,Residential,IND-AP-VSP-DVD-LP446-B446-F05-501
PROP-B446-F05-U502,B446,LP446,5,502,50.1,Residential,IND-AP-VSP-DVD-LP446-B446-F05-502
PROP-B446-F05-U503,B446,LP446,5,503,50.1,Residential,IND-AP-VSP-DVD-LP446-B446-F05-503
PROP-B446-F05-U504,B446,LP446,5,504,50.1,Residential,IND-AP-VSP-DVD-LP446-B446-F05-504
PROP-B447-F01-U101,B447,LP447,1,101,50.1,Residential,IND-AP-VSP-DVD-LP447-B447-F01-101
PROP-B447-F01-U102,B447,LP447,1,102,50.1,Residential,IND-AP-VSP-DVD-LP447-B447-F01-102
PROP-B447-F01-U103,B447,LP447,1,103,50.1,Residential,IND-AP-VSP-DVD-LP447-B447-F01-103
PROP-B447-F01-U104,B447,LP447,1,104,50.1,Residential,IND-AP-VSP-DVD-LP447-B447-F01-104
PROP-B447-F02-U201,B447,LP447,2,201,50.1,Residential,IND-AP-VSP-DVD-LP447-B447-F02-201
PROP-B447-F02-U202,B447,LP447,2,202,50.1,Residential,IND-AP-VSP-DVD-LP447-B447-F02-202
PROP-B447-F02-U203,B447,LP447,2,203,50.1,Residential,IND-AP-VSP-DVD-LP447-B447-F02-203
PROP-B447-F02-U204,B447,LP447,2,204,50.1,Residential,IND-AP-VSP-DVD-LP447-B447-F02-204
PROP-B447-F03-U301,B447,LP447,3,301,50.1,Residential,IND-AP-VSP-DVD-LP447-B447-F03-301
PROP-B447-F03-U302,B447,LP447,3,302,50.1,Residential,IND-AP-VSP-DVD-LP447-B447-F03-302
PROP-B447-F03-U303,B447,LP447,3,303,50.1,Residential,IND-AP-VSP-DVD-LP447-B447-F03-303
PROP-B447-F03-U304,B447,LP447,3,304,50.1,Residential,IND-AP-VSP-DVD-LP447-B447-F03-304
PROP-B447-F04-U401,B447,LP447,4,401,50.1,Residential,IND-AP-VSP-DVD-LP447-B447-F04-401
PROP-B447-F04-U402,B447,LP447,4,402,50.1,Residential,IND-AP-VSP-DVD-LP447-B447-F04-402
PROP-B447-F04-U403,B447,LP447,4,403,50.1,Residential,IND-AP-VSP-DVD-LP447-B447-F04-403
PROP-B447-F04-U404,B447,LP447,4,404,50.1,Residential,IND-AP-VSP-DVD-LP447-B447-F04-404
PROP-B447-F05-U501,B447,LP447,5,501,50.1,Residential,IND-AP-VSP-DVD-LP447-B447-F05-501
PROP-B447-F05-U502,B447,LP447,5,502,50.1,Residential,IND-AP-VSP-DVD-LP447-B447-F05-502
PROP-B447-F05-U503,B447,LP447,5,503,50.1,Residential,IND-AP-VSP-DVD-LP447-B447-F05-503
PROP-B447-F05-U504,B447,LP447,5,504,50.1,Residential,IND-AP-VSP-DVD-LP447-B447-F05-504
PROP-B448-F01-U101,B448,LP448,1,101,50.1,Residential,IND-AP-VSP-DVD-LP448-B448-F01-101
PROP-B448-F01-U102,B448,LP448,1,102,50.1,Residential,IND-AP-VSP-DVD-LP448-B448-F01-102
PROP-B448-F01-U103,B448,LP448,1,103,50.1,Residential,IND-AP-VSP-DVD-LP448-B448-F01-103
PROP-B448-F01-U104,B448,LP448,1,104,50.1,Residential,IND-AP-VSP-DVD-LP448-B448-F01-104
PROP-B448-F02-U201,B448,LP448,2,201,50.1,Residential,IND-AP-VSP-DVD-LP448-B448-F02-201
PROP-B448-F02-U202,B448,LP448,2,202,50.1,Residential,IND-AP-VSP-DVD-LP448-B448-F02-202
PROP-B448-F02-U203,B448,LP448,2,203,50.1,Residential,IND-AP-VSP-DVD-LP448-B448-F02-203
PROP-B448-F02-U204,B448,LP448,2,204,50.1,Residential,IND-AP-VSP-DVD-LP448-B448-F02-204
PROP-B448-F03-U301,B448,LP448,3,301,50.1,Residential,IND-AP-VSP-DVD-LP448-B448-F03-301
PROP-B448-F03-U302,B448,LP448,3,302,50.1,Residential,IND-AP-VSP-DVD-LP448-B448-F03-302
PROP-B448-F03-U303,B448,LP448,3,303,50.1,Residential,IND-AP-VSP-DVD-LP448-B448-F03-303
PROP-B448-F03-U304,B448,LP448,3,304,50.1,Residential,IND-AP-VSP-DVD-LP448-B448-F03-304
PROP-B448-F04-U401,B448,LP448,4,401,50.1,Residential,IND-AP-VSP-DVD-LP448-B448-F04-401
PROP-B448-F04-U402,B448,LP448,4,402,50.1,Residential,IND-AP-VSP-DVD-LP448-B448-F04-402
PROP-B448-F04-U403,B448,LP448,4,403,50.1,Residential,IND-AP-VSP-DVD-LP448-B448-F04-403
PROP-B448-F04-U404,B448,LP448,4,404,50.1,Residential,IND-AP-VSP-DVD-LP448-B448-F04-404
PROP-B448-F05-U501,B448,LP448,5,501,50.1,Residential,IND-AP-VSP-DVD-LP448-B448-F05-501
PROP-B448-F05-U502,B448,LP448,5,502,50.1,Residential,IND-AP-VSP-DVD-LP448-B448-F05-502
PROP-B448-F05-U503,B448,LP448,5,503,50.1,Residential,IND-AP-VSP-DVD-LP448-B448-F05-503
PROP-B448-F05-U504,B448,LP448,5,504,50.1,Residential,IND-AP-VSP-DVD-LP448-B448-F05-504
PROP-B449-F01-U101,B449,LP449,1,101,50.1,Residential,IND-AP-VSP-DVD-LP449-B449-F01-101
PROP-B449-F01-U102,B449,LP449,1,102,50.1,Residential,IND-AP-VSP-DVD-LP449-B449-F01-102
PROP-B449-F01-U103,B449,LP449,1,103,50.1,Residential,IND-AP-VSP-DVD-LP449-B449-F01-103
PROP-B449-F01-U104,B449,LP449,1,104,50.1,Residential,IND-AP-VSP-DVD-LP449-B449-F01-104
PROP-B449-F02-U201,B449,LP449,2,201,50.1,Residential,IND-AP-VSP-DVD-LP449-B449-F02-201
PROP-B449-F02-U202,B449,LP449,2,202,50.1,Residential,IND-AP-VSP-DVD-LP449-B449-F02-202
PROP-B449-F02-U203,B449,LP449,2,203,50.1,Residential,IND-AP-VSP-DVD-LP449-B449-F02-203
PROP-B449-F02-U204,B449,LP449,2,204,50.1,Residential,IND-AP-VSP-DVD-LP449-B449-F02-204
PROP-B449-F03-U301,B449,LP449,3,301,50.1,Residential,IND-AP-VSP-DVD-LP449-B449-F03-301
PROP-B449-F03-U302,B449,LP449,3,302,50.1,Residential,IND-AP-VSP-DVD-LP449-B449-F03-302
PROP-B449-F03-U303,B449,LP449,3,303,50.1,Residential,IND-AP-VSP-DVD-LP449-B449-F03-303
PROP-B449-F03-U304,B449,LP449,3,304,50.1,Residential,IND-AP-VSP-DVD-LP449-B449-F03-304
PROP-B449-F04-U401,B449,LP449,4,401,50.1,Residential,IND-AP-VSP-DVD-LP449-B449-F04-401
PROP-B449-F04-U402,B449,LP449,4,402,50.1,Residential,IND-AP-VSP-DVD-LP449-B449-F04-402
PROP-B449-F04-U403,B449,LP449,4,403,50.1,Residential,IND-AP-VSP-DVD-LP449-B449-F04-403
PROP-B449-F04-U404,B449,LP449,4,404,50.1,Residential,IND-AP-VSP-DVD-LP449-B449-F04-404
PROP-B449-F05-U501,B449,LP449,5,501,50.1,Residential,IND-AP-VSP-DVD-LP449-B449-F05-501
PROP-B449-F05-U502,B449,LP449,5,502,50.1,Residential,IND-AP-VSP-DVD-LP449-B449-F05-502
PROP-B449-F05-U503,B449,LP449,5,503,50.1,Residential,IND-AP-VSP-DVD-LP449-B449-F05-503
PROP-B449-F05-U504,B449,LP449,5,504,50.1,Residential,IND-AP-VSP-DVD-LP449-B449-F05-504
PROP-B450-F01-U101,B450,LP450,1,101,50.1,Residential,IND-AP-VSP-DVD-LP450-B450-F01-101
PROP-B450-F01-U102,B450,LP450,1,102,50.1,Residential,IND-AP-VSP-DVD-LP450-B450-F01-102
PROP-B450-F01-U103,B450,LP450,1,103,50.1,Residential,IND-AP-VSP-DVD-LP450-B450-F01-103
PROP-B450-F01-U104,B450,LP450,1,104,50.1,Residential,IND-AP-VSP-DVD-LP450-B450-F01-104
PROP-B450-F02-U201,B450,LP450,2,201,50.1,Residential,IND-AP-VSP-DVD-LP450-B450-F02-201
PROP-B450-F02-U202,B450,LP450,2,202,50.1,Residential,IND-AP-VSP-DVD-LP450-B450-F02-202
PROP-B450-F02-U203,B450,LP450,2,203,50.1,Residential,IND-AP-VSP-DVD-LP450-B450-F02-203
PROP-B450-F02-U204,B450,LP450,2,204,50.1,Residential,IND-AP-VSP-DVD-LP450-B450-F02-204
PROP-B450-F03-U301,B450,LP450,3,301,50.1,Residential,IND-AP-VSP-DVD-LP450-B450-F03-301
PROP-B450-F03-U302,B450,LP450,3,302,50.1,Residential,IND-AP-VSP-DVD-LP450-B450-F03-302
PROP-B450-F03-U303,B450,LP450,3,303,50.1,Residential,IND-AP-VSP-DVD-LP450-B450-F03-303
PROP-B450-F03-U304,B450,LP450,3,304,50.1,Residential,IND-AP-VSP-DVD-LP450-B450-F03-304
PROP-B450-F04-U401,B450,LP450,4,401,50.1,Residential,IND-AP-VSP-DVD-LP450-B450-F04-401
PROP-B450-F04-U402,B450,LP450,4,402,50.1,Residential,IND-AP-VSP-DVD-LP450-B450-F04-402
PROP-B450-F04-U403,B450,LP450,4,403,50.1,Residential,IND-AP-VSP-DVD-LP450-B450-F04-403
PROP-B450-F04-U404,B450,LP450,4,404,50.1,Residential,IND-AP-VSP-DVD-LP450-B450-F04-404
PROP-B450-F05-U501,B450,LP450,5,501,50.1,Residential,IND-AP-VSP-DVD-LP450-B450-F05-501
PROP-B450-F05-U502,B450,LP450,5,502,50.1,Residential,IND-AP-VSP-DVD-LP450-B450-F05-502
PROP-B450-F05-U503,B450,LP450,5,503,50.1,Residential,IND-AP-VSP-DVD-LP450-B450-F05-503
PROP-B450-F05-U504,B450,LP450,5,504,50.1,Residential,IND-AP-VSP-DVD-LP450-B450-F05-504
PROP-B451-F01-U101,B451,LP451,1,101,50.1,Residential,IND-AP-VSP-DVD-LP451-B451-F01-101
PROP-B451-F01-U102,B451,LP451,1,102,50.1,Residential,IND-AP-VSP-DVD-LP451-B451-F01-102
PROP-B451-F01-U103,B451,LP451,1,103,50.1,Residential,IND-AP-VSP-DVD-LP451-B451-F01-103
PROP-B451-F01-U104,B451,LP451,1,104,50.1,Residential,IND-AP-VSP-DVD-LP451-B451-F01-104
PROP-B451-F02-U201,B451,LP451,2,201,50.1,Residential,IND-AP-VSP-DVD-LP451-B451-F02-201
PROP-B451-F02-U202,B451,LP451,2,202,50.1,Residential,IND-AP-VSP-DVD-LP451-B451-F02-202
PROP-B451-F02-U203,B451,LP451,2,203,50.1,Residential,IND-AP-VSP-DVD-LP451-B451-F02-203
PROP-B451-F02-U204,B451,LP451,2,204,50.1,Residential,IND-AP-VSP-DVD-LP451-B451-F02-204
PROP-B451-F03-U301,B451,LP451,3,301,50.1,Residential,IND-AP-VSP-DVD-LP451-B451-F03-301
PROP-B451-F03-U302,B451,LP451,3,302,50.1,Residential,IND-AP-VSP-DVD-LP451-B451-F03-302
PROP-B451-F03-U303,B451,LP451,3,303,50.1,Residential,IND-AP-VSP-DVD-LP451-B451-F03-303
PROP-B451-F03-U304,B451,LP451,3,304,50.1,Residential,IND-AP-VSP-DVD-LP451-B451-F03-304
PROP-B451-F04-U401,B451,LP451,4,401,50.1,Residential,IND-AP-VSP-DVD-LP451-B451-F04-401
PROP-B451-F04-U402,B451,LP451,4,402,50.1,Residential,IND-AP-VSP-DVD-LP451-B451-F04-402
PROP-B451-F04-U403,B451,LP451,4,403,50.1,Residential,IND-AP-VSP-DVD-LP451-B451-F04-403
PROP-B451-F04-U404,B451,LP451,4,404,50.1,Residential,IND-AP-VSP-DVD-LP451-B451-F04-404
PROP-B451-F05-U501,B451,LP451,5,501,50.1,Residential,IND-AP-VSP-DVD-LP451-B451-F05-501
PROP-B451-F05-U502,B451,LP451,5,502,50.1,Residential,IND-AP-VSP-DVD-LP451-B451-F05-502
PROP-B451-F05-U503,B451,LP451,5,503,50.1,Residential,IND-AP-VSP-DVD-LP451-B451-F05-503
PROP-B451-F05-U504,B451,LP451,5,504,50.1,Residential,IND-AP-VSP-DVD-LP451-B451-F05-504
PROP-B452-F01-U101,B452,LP452,1,101,50.1,Residential,IND-AP-VSP-DVD-LP452-B452-F01-101
PROP-B452-F01-U102,B452,LP452,1,102,50.1,Residential,IND-AP-VSP-DVD-LP452-B452-F01-102
PROP-B452-F01-U103,B452,LP452,1,103,50.1,Residential,IND-AP-VSP-DVD-LP452-B452-F01-103
PROP-B452-F01-U104,B452,LP452,1,104,50.1,Residential,IND-AP-VSP-DVD-LP452-B452-F01-104
PROP-B452-F02-U201,B452,LP452,2,201,50.1,Residential,IND-AP-VSP-DVD-LP452-B452-F02-201
PROP-B452-F02-U202,B452,LP452,2,202,50.1,Residential,IND-AP-VSP-DVD-LP452-B452-F02-202
PROP-B452-F02-U203,B452,LP452,2,203,50.1,Residential,IND-AP-VSP-DVD-LP452-B452-F02-203
PROP-B452-F02-U204,B452,LP452,2,204,50.1,Residential,IND-AP-VSP-DVD-LP452-B452-F02-204
PROP-B452-F03-U301,B452,LP452,3,301,50.1,Residential,IND-AP-VSP-DVD-LP452-B452-F03-301
PROP-B452-F03-U302,B452,LP452,3,302,50.1,Residential,IND-AP-VSP-DVD-LP452-B452-F03-302
PROP-B452-F03-U303,B452,LP452,3,303,50.1,Residential,IND-AP-VSP-DVD-LP452-B452-F03-303
PROP-B452-F03-U304,B452,LP452,3,304,50.1,Residential,IND-AP-VSP-DVD-LP452-B452-F03-304
PROP-B452-F04-U401,B452,LP452,4,401,50.1,Residential,IND-AP-VSP-DVD-LP452-B452-F04-401
PROP-B452-F04-U402,B452,LP452,4,402,50.1,Residential,IND-AP-VSP-DVD-LP452-B452-F04-402
PROP-B452-F04-U403,B452,LP452,4,403,50.1,Residential,IND-AP-VSP-DVD-LP452-B452-F04-403
PROP-B452-F04-U404,B452,LP452,4,404,50.1,Residential,IND-AP-VSP-DVD-LP452-B452-F04-404
PROP-B452-F05-U501,B452,LP452,5,501,50.1,Residential,IND-AP-VSP-DVD-LP452-B452-F05-501
PROP-B452-F05-U502,B452,LP452,5,502,50.1,Residential,IND-AP-VSP-DVD-LP452-B452-F05-502
PROP-B452-F05-U503,B452,LP452,5,503,50.1,Residential,IND-AP-VSP-DVD-LP452-B452-F05-503
PROP-B452-F05-U504,B452,LP452,5,504,50.1,Residential,IND-AP-VSP-DVD-LP452-B452-F05-504
PROP-B453-F01-U101,B453,LP453,1,101,50.1,Residential,IND-AP-VSP-DVD-LP453-B453-F01-101
PROP-B453-F01-U102,B453,LP453,1,102,50.1,Residential,IND-AP-VSP-DVD-LP453-B453-F01-102
PROP-B453-F01-U103,B453,LP453,1,103,50.1,Residential,IND-AP-VSP-DVD-LP453-B453-F01-103
PROP-B453-F01-U104,B453,LP453,1,104,50.1,Residential,IND-AP-VSP-DVD-LP453-B453-F01-104
PROP-B453-F02-U201,B453,LP453,2,201,50.1,Residential,IND-AP-VSP-DVD-LP453-B453-F02-201
PROP-B453-F02-U202,B453,LP453,2,202,50.1,Residential,IND-AP-VSP-DVD-LP453-B453-F02-202
PROP-B453-F02-U203,B453,LP453,2,203,50.1,Residential,IND-AP-VSP-DVD-LP453-B453-F02-203
PROP-B453-F02-U204,B453,LP453,2,204,50.1,Residential,IND-AP-VSP-DVD-LP453-B453-F02-204
PROP-B453-F03-U301,B453,LP453,3,301,50.1,Residential,IND-AP-VSP-DVD-LP453-B453-F03-301
PROP-B453-F03-U302,B453,LP453,3,302,50.1,Residential,IND-AP-VSP-DVD-LP453-B453-F03-302
PROP-B453-F03-U303,B453,LP453,3,303,50.1,Residential,IND-AP-VSP-DVD-LP453-B453-F03-303
PROP-B453-F03-U304,B453,LP453,3,304,50.1,Residential,IND-AP-VSP-DVD-LP453-B453-F03-304
PROP-B453-F04-U401,B453,LP453,4,401,50.1,Residential,IND-AP-VSP-DVD-LP453-B453-F04-401
PROP-B453-F04-U402,B453,LP453,4,402,50.1,Residential,IND-AP-VSP-DVD-LP453-B453-F04-402
PROP-B453-F04-U403,B453,LP453,4,403,50.1,Residential,IND-AP-VSP-DVD-LP453-B453-F04-403
PROP-B453-F04-U404,B453,LP453,4,404,50.1,Residential,IND-AP-VSP-DVD-LP453-B453-F04-404
PROP-B453-F05-U501,B453,LP453,5,501,50.1,Residential,IND-AP-VSP-DVD-LP453-B453-F05-501
PROP-B453-F05-U502,B453,LP453,5,502,50.1,Residential,IND-AP-VSP-DVD-LP453-B453-F05-502
PROP-B453-F05-U503,B453,LP453,5,503,50.1,Residential,IND-AP-VSP-DVD-LP453-B453-F05-503
PROP-B453-F05-U504,B453,LP453,5,504,50.1,Residential,IND-AP-VSP-DVD-LP453-B453-F05-504
PROP-B454-F01-U101,B454,LP454,1,101,50.1,Residential,IND-AP-VSP-DVD-LP454-B454-F01-101
PROP-B454-F01-U102,B454,LP454,1,102,50.1,Residential,IND-AP-VSP-DVD-LP454-B454-F01-102
PROP-B454-F01-U103,B454,LP454,1,103,50.1,Residential,IND-AP-VSP-DVD-LP454-B454-F01-103
PROP-B454-F01-U104,B454,LP454,1,104,50.1,Residential,IND-AP-VSP-DVD-LP454-B454-F01-104
PROP-B454-F02-U201,B454,LP454,2,201,50.1,Residential,IND-AP-VSP-DVD-LP454-B454-F02-201
PROP-B454-F02-U202,B454,LP454,2,202,50.1,Residential,IND-AP-VSP-DVD-LP454-B454-F02-202
PROP-B454-F02-U203,B454,LP454,2,203,50.1,Residential,IND-AP-VSP-DVD-LP454-B454-F02-203
PROP-B454-F02-U204,B454,LP454,2,204,50.1,Residential,IND-AP-VSP-DVD-LP454-B454-F02-204
PROP-B454-F03-U301,B454,LP454,3,301,50.1,Residential,IND-AP-VSP-DVD-LP454-B454-F03-301
PROP-B454-F03-U302,B454,LP454,3,302,50.1,Residential,IND-AP-VSP-DVD-LP454-B454-F03-302
PROP-B454-F03-U303,B454,LP454,3,303,50.1,Residential,IND-AP-VSP-DVD-LP454-B454-F03-303
PROP-B454-F03-U304,B454,LP454,3,304,50.1,Residential,IND-AP-VSP-DVD-LP454-B454-F03-304
PROP-B454-F04-U401,B454,LP454,4,401,50.1,Residential,IND-AP-VSP-DVD-LP454-B454-F04-401
PROP-B454-F04-U402,B454,LP454,4,402,50.1,Residential,IND-AP-VSP-DVD-LP454-B454-F04-402
PROP-B454-F04-U403,B454,LP454,4,403,50.1,Residential,IND-AP-VSP-DVD-LP454-B454-F04-403
PROP-B454-F04-U404,B454,LP454,4,404,50.1,Residential,IND-AP-VSP-DVD-LP454-B454-F04-404
PROP-B454-F05-U501,B454,LP454,5,501,50.1,Residential,IND-AP-VSP-DVD-LP454-B454-F05-501
PROP-B454-F05-U502,B454,LP454,5,502,50.1,Residential,IND-AP-VSP-DVD-LP454-B454-F05-502
PROP-B454-F05-U503,B454,LP454,5,503,50.1,Residential,IND-AP-VSP-DVD-LP454-B454-F05-503
PROP-B454-F05-U504,B454,LP454,5,504,50.1,Residential,IND-AP-VSP-DVD-LP454-B454-F05-504
PROP-B455-F01-U101,B455,LP455,1,101,50.1,Residential,IND-AP-VSP-DVD-LP455-B455-F01-101
PROP-B455-F01-U102,B455,LP455,1,102,50.1,Residential,IND-AP-VSP-DVD-LP455-B455-F01-102
PROP-B455-F01-U103,B455,LP455,1,103,50.1,Residential,IND-AP-VSP-DVD-LP455-B455-F01-103
PROP-B455-F01-U104,B455,LP455,1,104,50.1,Residential,IND-AP-VSP-DVD-LP455-B455-F01-104
PROP-B455-F02-U201,B455,LP455,2,201,50.1,Residential,IND-AP-VSP-DVD-LP455-B455-F02-201
PROP-B455-F02-U202,B455,LP455,2,202,50.1,Residential,IND-AP-VSP-DVD-LP455-B455-F02-202
PROP-B455-F02-U203,B455,LP455,2,203,50.1,Residential,IND-AP-VSP-DVD-LP455-B455-F02-203
PROP-B455-F02-U204,B455,LP455,2,204,50.1,Residential,IND-AP-VSP-DVD-LP455-B455-F02-204
PROP-B455-F03-U301,B455,LP455,3,301,50.1,Residential,IND-AP-VSP-DVD-LP455-B455-F03-301
PROP-B455-F03-U302,B455,LP455,3,302,50.1,Residential,IND-AP-VSP-DVD-LP455-B455-F03-302
PROP-B455-F03-U303,B455,LP455,3,303,50.1,Residential,IND-AP-VSP-DVD-LP455-B455-F03-303
PROP-B455-F03-U304,B455,LP455,3,304,50.1,Residential,IND-AP-VSP-DVD-LP455-B455-F03-304
PROP-B455-F04-U401,B455,LP455,4,401,50.1,Residential,IND-AP-VSP-DVD-LP455-B455-F04-401
PROP-B455-F04-U402,B455,LP455,4,402,50.1,Residential,IND-AP-VSP-DVD-LP455-B455-F04-402
PROP-B455-F04-U403,B455,LP455,4,403,50.1,Residential,IND-AP-VSP-DVD-LP455-B455-F04-403
PROP-B455-F04-U404,B455,LP455,4,404,50.1,Residential,IND-AP-VSP-DVD-LP455-B455-F04-404
PROP-B455-F05-U501,B455,LP455,5,501,50.1,Residential,IND-AP-VSP-DVD-LP455-B455-F05-501
PROP-B455-F05-U502,B455,LP455,5,502,50.1,Residential,IND-AP-VSP-DVD-LP455-B455-F05-502
PROP-B455-F05-U503,B455,LP455,5,503,50.1,Residential,IND-AP-VSP-DVD-LP455-B455-F05-503
PROP-B455-F05-U504,B455,LP455,5,504,50.1,Residential,IND-AP-VSP-DVD-LP455-B455-F05-504
PROP-B456-F01-U101,B456,LP456,1,101,50.1,Residential,IND-AP-VSP-DVD-LP456-B456-F01-101
PROP-B456-F01-U102,B456,LP456,1,102,50.1,Residential,IND-AP-VSP-DVD-LP456-B456-F01-102
PROP-B456-F01-U103,B456,LP456,1,103,50.1,Residential,IND-AP-VSP-DVD-LP456-B456-F01-103
PROP-B456-F01-U104,B456,LP456,1,104,50.1,Residential,IND-AP-VSP-DVD-LP456-B456-F01-104
PROP-B456-F02-U201,B456,LP456,2,201,50.1,Residential,IND-AP-VSP-DVD-LP456-B456-F02-201
PROP-B456-F02-U202,B456,LP456,2,202,50.1,Residential,IND-AP-VSP-DVD-LP456-B456-F02-202
PROP-B456-F02-U203,B456,LP456,2,203,50.1,Residential,IND-AP-VSP-DVD-LP456-B456-F02-203
PROP-B456-F02-U204,B456,LP456,2,204,50.1,Residential,IND-AP-VSP-DVD-LP456-B456-F02-204
PROP-B456-F03-U301,B456,LP456,3,301,50.1,Residential,IND-AP-VSP-DVD-LP456-B456-F03-301
PROP-B456-F03-U302,B456,LP456,3,302,50.1,Residential,IND-AP-VSP-DVD-LP456-B456-F03-302
PROP-B456-F03-U303,B456,LP456,3,303,50.1,Residential,IND-AP-VSP-DVD-LP456-B456-F03-303
PROP-B456-F03-U304,B456,LP456,3,304,50.1,Residential,IND-AP-VSP-DVD-LP456-B456-F03-304
PROP-B456-F04-U401,B456,LP456,4,401,50.1,Residential,IND-AP-VSP-DVD-LP456-B456-F04-401
PROP-B456-F04-U402,B456,LP456,4,402,50.1,Residential,IND-AP-VSP-DVD-LP456-B456-F04-402
PROP-B456-F04-U403,B456,LP456,4,403,50.1,Residential,IND-AP-VSP-DVD-LP456-B456-F04-403
PROP-B456-F04-U404,B456,LP456,4,404,50.1,Residential,IND-AP-VSP-DVD-LP456-B456-F04-404
PROP-B456-F05-U501,B456,LP456,5,501,50.1,Residential,IND-AP-VSP-DVD-LP456-B456-F05-501
PROP-B456-F05-U502,B456,LP456,5,502,50.1,Residential,IND-AP-VSP-DVD-LP456-B456-F05-502
PROP-B456-F05-U503,B456,LP456,5,503,50.1,Residential,IND-AP-VSP-DVD-LP456-B456-F05-503
PROP-B456-F05-U504,B456,LP456,5,504,50.1,Residential,IND-AP-VSP-DVD-LP456-B456-F05-504
PROP-B457-F01-U101,B457,LP457,1,101,50.1,Residential,IND-AP-VSP-DVD-LP457-B457-F01-101
PROP-B457-F01-U102,B457,LP457,1,102,50.1,Residential,IND-AP-VSP-DVD-LP457-B457-F01-102
PROP-B457-F01-U103,B457,LP457,1,103,50.1,Residential,IND-AP-VSP-DVD-LP457-B457-F01-103
PROP-B457-F01-U104,B457,LP457,1,104,50.1,Residential,IND-AP-VSP-DVD-LP457-B457-F01-104
PROP-B457-F02-U201,B457,LP457,2,201,50.1,Residential,IND-AP-VSP-DVD-LP457-B457-F02-201
PROP-B457-F02-U202,B457,LP457,2,202,50.1,Residential,IND-AP-VSP-DVD-LP457-B457-F02-202
PROP-B457-F02-U203,B457,LP457,2,203,50.1,Residential,IND-AP-VSP-DVD-LP457-B457-F02-203
PROP-B457-F02-U204,B457,LP457,2,204,50.1,Residential,IND-AP-VSP-DVD-LP457-B457-F02-204
PROP-B457-F03-U301,B457,LP457,3,301,50.1,Residential,IND-AP-VSP-DVD-LP457-B457-F03-301
PROP-B457-F03-U302,B457,LP457,3,302,50.1,Residential,IND-AP-VSP-DVD-LP457-B457-F03-302
PROP-B457-F03-U303,B457,LP457,3,303,50.1,Residential,IND-AP-VSP-DVD-LP457-B457-F03-303
PROP-B457-F03-U304,B457,LP457,3,304,50.1,Residential,IND-AP-VSP-DVD-LP457-B457-F03-304
PROP-B457-F04-U401,B457,LP457,4,401,50.1,Residential,IND-AP-VSP-DVD-LP457-B457-F04-401
PROP-B457-F04-U402,B457,LP457,4,402,50.1,Residential,IND-AP-VSP-DVD-LP457-B457-F04-402
PROP-B457-F04-U403,B457,LP457,4,403,50.1,Residential,IND-AP-VSP-DVD-LP457-B457-F04-403
PROP-B457-F04-U404,B457,LP457,4,404,50.1,Residential,IND-AP-VSP-DVD-LP457-B457-F04-404
PROP-B457-F05-U501,B457,LP457,5,501,50.1,Residential,IND-AP-VSP-DVD-LP457-B457-F05-501
PROP-B457-F05-U502,B457,LP457,5,502,50.1,Residential,IND-AP-VSP-DVD-LP457-B457-F05-502
PROP-B457-F05-U503,B457,LP457,5,503,50.1,Residential,IND-AP-VSP-DVD-LP457-B457-F05-503
PROP-B457-F05-U504,B457,LP457,5,504,50.1,Residential,IND-AP-VSP-DVD-LP457-B457-F05-504
PROP-B458-F01-U101,B458,LP458,1,101,50.1,Residential,IND-AP-VSP-DVD-LP458-B458-F01-101
PROP-B458-F01-U102,B458,LP458,1,102,50.1,Residential,IND-AP-VSP-DVD-LP458-B458-F01-102
PROP-B458-F01-U103,B458,LP458,1,103,50.1,Residential,IND-AP-VSP-DVD-LP458-B458-F01-103
PROP-B458-F01-U104,B458,LP458,1,104,50.1,Residential,IND-AP-VSP-DVD-LP458-B458-F01-104
PROP-B458-F02-U201,B458,LP458,2,201,50.1,Residential,IND-AP-VSP-DVD-LP458-B458-F02-201
PROP-B458-F02-U202,B458,LP458,2,202,50.1,Residential,IND-AP-VSP-DVD-LP458-B458-F02-202
PROP-B458-F02-U203,B458,LP458,2,203,50.1,Residential,IND-AP-VSP-DVD-LP458-B458-F02-203
PROP-B458-F02-U204,B458,LP458,2,204,50.1,Residential,IND-AP-VSP-DVD-LP458-B458-F02-204
PROP-B458-F03-U301,B458,LP458,3,301,50.1,Residential,IND-AP-VSP-DVD-LP458-B458-F03-301
PROP-B458-F03-U302,B458,LP458,3,302,50.1,Residential,IND-AP-VSP-DVD-LP458-B458-F03-302
PROP-B458-F03-U303,B458,LP458,3,303,50.1,Residential,IND-AP-VSP-DVD-LP458-B458-F03-303
PROP-B458-F03-U304,B458,LP458,3,304,50.1,Residential,IND-AP-VSP-DVD-LP458-B458-F03-304
PROP-B458-F04-U401,B458,LP458,4,401,50.1,Residential,IND-AP-VSP-DVD-LP458-B458-F04-401
PROP-B458-F04-U402,B458,LP458,4,402,50.1,Residential,IND-AP-VSP-DVD-LP458-B458-F04-402
PROP-B458-F04-U403,B458,LP458,4,403,50.1,Residential,IND-AP-VSP-DVD-LP458-B458-F04-403
PROP-B458-F04-U404,B458,LP458,4,404,50.1,Residential,IND-AP-VSP-DVD-LP458-B458-F04-404
PROP-B458-F05-U501,B458,LP458,5,501,50.1,Residential,IND-AP-VSP-DVD-LP458-B458-F05-501
PROP-B458-F05-U502,B458,LP458,5,502,50.1,Residential,IND-AP-VSP-DVD-LP458-B458-F05-502
PROP-B458-F05-U503,B458,LP458,5,503,50.1,Residential,IND-AP-VSP-DVD-LP458-B458-F05-503
PROP-B458-F05-U504,B458,LP458,5,504,50.1,Residential,IND-AP-VSP-DVD-LP458-B458-F05-504
PROP-B459-F01-U101,B459,LP459,1,101,50.1,Residential,IND-AP-VSP-DVD-LP459-B459-F01-101
PROP-B459-F01-U102,B459,LP459,1,102,50.1,Residential,IND-AP-VSP-DVD-LP459-B459-F01-102
PROP-B459-F01-U103,B459,LP459,1,103,50.1,Residential,IND-AP-VSP-DVD-LP459-B459-F01-103
PROP-B459-F01-U104,B459,LP459,1,104,50.1,Residential,IND-AP-VSP-DVD-LP459-B459-F01-104
PROP-B459-F02-U201,B459,LP459,2,201,50.1,Residential,IND-AP-VSP-DVD-LP459-B459-F02-201
PROP-B459-F02-U202,B459,LP459,2,202,50.1,Residential,IND-AP-VSP-DVD-LP459-B459-F02-202
PROP-B459-F02-U203,B459,LP459,2,203,50.1,Residential,IND-AP-VSP-DVD-LP459-B459-F02-203
PROP-B459-F02-U204,B459,LP459,2,204,50.1,Residential,IND-AP-VSP-DVD-LP459-B459-F02-204
PROP-B459-F03-U301,B459,LP459,3,301,50.1,Residential,IND-AP-VSP-DVD-LP459-B459-F03-301
PROP-B459-F03-U302,B459,LP459,3,302,50.1,Residential,IND-AP-VSP-DVD-LP459-B459-F03-302
PROP-B459-F03-U303,B459,LP459,3,303,50.1,Residential,IND-AP-VSP-DVD-LP459-B459-F03-303
PROP-B459-F03-U304,B459,LP459,3,304,50.1,Residential,IND-AP-VSP-DVD-LP459-B459-F03-304
PROP-B459-F04-U401,B459,LP459,4,401,50.1,Residential,IND-AP-VSP-DVD-LP459-B459-F04-401
PROP-B459-F04-U402,B459,LP459,4,402,50.1,Residential,IND-AP-VSP-DVD-LP459-B459-F04-402
PROP-B459-F04-U403,B459,LP459,4,403,50.1,Residential,IND-AP-VSP-DVD-LP459-B459-F04-403
PROP-B459-F04-U404,B459,LP459,4,404,50.1,Residential,IND-AP-VSP-DVD-LP459-B459-F04-404
PROP-B459-F05-U501,B459,LP459,5,501,50.1,Residential,IND-AP-VSP-DVD-LP459-B459-F05-501
PROP-B459-F05-U502,B459,LP459,5,502,50.1,Residential,IND-AP-VSP-DVD-LP459-B459-F05-502
PROP-B459-F05-U503,B459,LP459,5,503,50.1,Residential,IND-AP-VSP-DVD-LP459-B459-F05-503
PROP-B459-F05-U504,B459,LP459,5,504,50.1,Residential,IND-AP-VSP-DVD-LP459-B459-F05-504
PROP-B460-F01-U101,B460,LP460,1,101,50.1,Residential,IND-AP-VSP-DVD-LP460-B460-F01-101
PROP-B460-F01-U102,B460,LP460,1,102,50.1,Residential,IND-AP-VSP-DVD-LP460-B460-F01-102
PROP-B460-F01-U103,B460,LP460,1,103,50.1,Residential,IND-AP-VSP-DVD-LP460-B460-F01-103
PROP-B460-F01-U104,B460,LP460,1,104,50.1,Residential,IND-AP-VSP-DVD-LP460-B460-F01-104
PROP-B460-F02-U201,B460,LP460,2,201,50.1,Residential,IND-AP-VSP-DVD-LP460-B460-F02-201
PROP-B460-F02-U202,B460,LP460,2,202,50.1,Residential,IND-AP-VSP-DVD-LP460-B460-F02-202
PROP-B460-F02-U203,B460,LP460,2,203,50.1,Residential,IND-AP-VSP-DVD-LP460-B460-F02-203
PROP-B460-F02-U204,B460,LP460,2,204,50.1,Residential,IND-AP-VSP-DVD-LP460-B460-F02-204
PROP-B460-F03-U301,B460,LP460,3,301,50.1,Residential,IND-AP-VSP-DVD-LP460-B460-F03-301
PROP-B460-F03-U302,B460,LP460,3,302,50.1,Residential,IND-AP-VSP-DVD-LP460-B460-F03-302
PROP-B460-F03-U303,B460,LP460,3,303,50.1,Residential,IND-AP-VSP-DVD-LP460-B460-F03-303
PROP-B460-F03-U304,B460,LP460,3,304,50.1,Residential,IND-AP-VSP-DVD-LP460-B460-F03-304
PROP-B460-F04-U401,B460,LP460,4,401,50.1,Residential,IND-AP-VSP-DVD-LP460-B460-F04-401
PROP-B460-F04-U402,B460,LP460,4,402,50.1,Residential,IND-AP-VSP-DVD-LP460-B460-F04-402
PROP-B460-F04-U403,B460,LP460,4,403,50.1,Residential,IND-AP-VSP-DVD-LP460-B460-F04-403
PROP-B460-F04-U404,B460,LP460,4,404,50.1,Residential,IND-AP-VSP-DVD-LP460-B460-F04-404
PROP-B460-F05-U501,B460,LP460,5,501,50.1,Residential,IND-AP-VSP-DVD-LP460-B460-F05-501
PROP-B460-F05-U502,B460,LP460,5,502,50.1,Residential,IND-AP-VSP-DVD-LP460-B460-F05-502
PROP-B460-F05-U503,B460,LP460,5,503,50.1,Residential,IND-AP-VSP-DVD-LP460-B460-F05-503
PROP-B460-F05-U504,B460,LP460,5,504,50.1,Residential,IND-AP-VSP-DVD-LP460-B460-F05-504
PROP-B461-F01-U101,B461,LP461,1,101,50.1,Residential,IND-AP-VSP-DVD-LP461-B461-F01-101
PROP-B461-F01-U102,B461,LP461,1,102,50.1,Residential,IND-AP-VSP-DVD-LP461-B461-F01-102
PROP-B461-F01-U103,B461,LP461,1,103,50.1,Residential,IND-AP-VSP-DVD-LP461-B461-F01-103
PROP-B461-F01-U104,B461,LP461,1,104,50.1,Residential,IND-AP-VSP-DVD-LP461-B461-F01-104
PROP-B461-F02-U201,B461,LP461,2,201,50.1,Residential,IND-AP-VSP-DVD-LP461-B461-F02-201
PROP-B461-F02-U202,B461,LP461,2,202,50.1,Residential,IND-AP-VSP-DVD-LP461-B461-F02-202
PROP-B461-F02-U203,B461,LP461,2,203,50.1,Residential,IND-AP-VSP-DVD-LP461-B461-F02-203
PROP-B461-F02-U204,B461,LP461,2,204,50.1,Residential,IND-AP-VSP-DVD-LP461-B461-F02-204
PROP-B461-F03-U301,B461,LP461,3,301,50.1,Residential,IND-AP-VSP-DVD-LP461-B461-F03-301
PROP-B461-F03-U302,B461,LP461,3,302,50.1,Residential,IND-AP-VSP-DVD-LP461-B461-F03-302
PROP-B461-F03-U303,B461,LP461,3,303,50.1,Residential,IND-AP-VSP-DVD-LP461-B461-F03-303
PROP-B461-F03-U304,B461,LP461,3,304,50.1,Residential,IND-AP-VSP-DVD-LP461-B461-F03-304
PROP-B461-F04-U401,B461,LP461,4,401,50.1,Residential,IND-AP-VSP-DVD-LP461-B461-F04-401
PROP-B461-F04-U402,B461,LP461,4,402,50.1,Residential,IND-AP-VSP-DVD-LP461-B461-F04-402
PROP-B461-F04-U403,B461,LP461,4,403,50.1,Residential,IND-AP-VSP-DVD-LP461-B461-F04-403
PROP-B461-F04-U404,B461,LP461,4,404,50.1,Residential,IND-AP-VSP-DVD-LP461-B461-F04-404
PROP-B461-F05-U501,B461,LP461,5,501,50.1,Residential,IND-AP-VSP-DVD-LP461-B461-F05-501
PROP-B461-F05-U502,B461,LP461,5,502,50.1,Residential,IND-AP-VSP-DVD-LP461-B461-F05-502
PROP-B461-F05-U503,B461,LP461,5,503,50.1,Residential,IND-AP-VSP-DVD-LP461-B461-F05-503
PROP-B461-F05-U504,B461,LP461,5,504,50.1,Residential,IND-AP-VSP-DVD-LP461-B461-F05-504
PROP-B462-F01-U101,B462,LP462,1,101,50.1,Residential,IND-AP-VSP-DVD-LP462-B462-F01-101
PROP-B462-F01-U102,B462,LP462,1,102,50.1,Residential,IND-AP-VSP-DVD-LP462-B462-F01-102
PROP-B462-F01-U103,B462,LP462,1,103,50.1,Residential,IND-AP-VSP-DVD-LP462-B462-F01-103
PROP-B462-F01-U104,B462,LP462,1,104,50.1,Residential,IND-AP-VSP-DVD-LP462-B462-F01-104
PROP-B462-F02-U201,B462,LP462,2,201,50.1,Residential,IND-AP-VSP-DVD-LP462-B462-F02-201
PROP-B462-F02-U202,B462,LP462,2,202,50.1,Residential,IND-AP-VSP-DVD-LP462-B462-F02-202
PROP-B462-F02-U203,B462,LP462,2,203,50.1,Residential,IND-AP-VSP-DVD-LP462-B462-F02-203
PROP-B462-F02-U204,B462,LP462,2,204,50.1,Residential,IND-AP-VSP-DVD-LP462-B462-F02-204
PROP-B462-F03-U301,B462,LP462,3,301,50.1,Residential,IND-AP-VSP-DVD-LP462-B462-F03-301
PROP-B462-F03-U302,B462,LP462,3,302,50.1,Residential,IND-AP-VSP-DVD-LP462-B462-F03-302
PROP-B462-F03-U303,B462,LP462,3,303,50.1,Residential,IND-AP-VSP-DVD-LP462-B462-F03-303
PROP-B462-F03-U304,B462,LP462,3,304,50.1,Residential,IND-AP-VSP-DVD-LP462-B462-F03-304
PROP-B462-F04-U401,B462,LP462,4,401,50.1,Residential,IND-AP-VSP-DVD-LP462-B462-F04-401
PROP-B462-F04-U402,B462,LP462,4,402,50.1,Residential,IND-AP-VSP-DVD-LP462-B462-F04-402
PROP-B462-F04-U403,B462,LP462,4,403,50.1,Residential,IND-AP-VSP-DVD-LP462-B462-F04-403
PROP-B462-F04-U404,B462,LP462,4,404,50.1,Residential,IND-AP-VSP-DVD-LP462-B462-F04-404
PROP-B462-F05-U501,B462,LP462,5,501,50.1,Residential,IND-AP-VSP-DVD-LP462-B462-F05-501
PROP-B462-F05-U502,B462,LP462,5,502,50.1,Residential,IND-AP-VSP-DVD-LP462-B462-F05-502
PROP-B462-F05-U503,B462,LP462,5,503,50.1,Residential,IND-AP-VSP-DVD-LP462-B462-F05-503
PROP-B462-F05-U504,B462,LP462,5,504,50.1,Residential,IND-AP-VSP-DVD-LP462-B462-F05-504
PROP-B463-F01-U101,B463,LP463,1,101,50.1,Residential,IND-AP-VSP-DVD-LP463-B463-F01-101
PROP-B463-F01-U102,B463,LP463,1,102,50.1,Residential,IND-AP-VSP-DVD-LP463-B463-F01-102
PROP-B463-F01-U103,B463,LP463,1,103,50.1,Residential,IND-AP-VSP-DVD-LP463-B463-F01-103
PROP-B463-F01-U104,B463,LP463,1,104,50.1,Residential,IND-AP-VSP-DVD-LP463-B463-F01-104
PROP-B463-F02-U201,B463,LP463,2,201,50.1,Residential,IND-AP-VSP-DVD-LP463-B463-F02-201
PROP-B463-F02-U202,B463,LP463,2,202,50.1,Residential,IND-AP-VSP-DVD-LP463-B463-F02-202
PROP-B463-F02-U203,B463,LP463,2,203,50.1,Residential,IND-AP-VSP-DVD-LP463-B463-F02-203
PROP-B463-F02-U204,B463,LP463,2,204,50.1,Residential,IND-AP-VSP-DVD-LP463-B463-F02-204
PROP-B463-F03-U301,B463,LP463,3,301,50.1,Residential,IND-AP-VSP-DVD-LP463-B463-F03-301
PROP-B463-F03-U302,B463,LP463,3,302,50.1,Residential,IND-AP-VSP-DVD-LP463-B463-F03-302
PROP-B463-F03-U303,B463,LP463,3,303,50.1,Residential,IND-AP-VSP-DVD-LP463-B463-F03-303
PROP-B463-F03-U304,B463,LP463,3,304,50.1,Residential,IND-AP-VSP-DVD-LP463-B463-F03-304
PROP-B463-F04-U401,B463,LP463,4,401,50.1,Residential,IND-AP-VSP-DVD-LP463-B463-F04-401
PROP-B463-F04-U402,B463,LP463,4,402,50.1,Residential,IND-AP-VSP-DVD-LP463-B463-F04-402
PROP-B463-F04-U403,B463,LP463,4,403,50.1,Residential,IND-AP-VSP-DVD-LP463-B463-F04-403
PROP-B463-F04-U404,B463,LP463,4,404,50.1,Residential,IND-AP-VSP-DVD-LP463-B463-F04-404
PROP-B463-F05-U501,B463,LP463,5,501,50.1,Residential,IND-AP-VSP-DVD-LP463-B463-F05-501
PROP-B463-F05-U502,B463,LP463,5,502,50.1,Residential,IND-AP-VSP-DVD-LP463-B463-F05-502
PROP-B463-F05-U503,B463,LP463,5,503,50.1,Residential,IND-AP-VSP-DVD-LP463-B463-F05-503
PROP-B463-F05-U504,B463,LP463,5,504,50.1,Residential,IND-AP-VSP-DVD-LP463-B463-F05-504
PROP-B464-F01-U101,B464,LP464,1,101,25.1,Residential,IND-AP-VSP-DVD-LP464-B464-F01-101
PROP-B464-F02-U201,B464,LP464,2,201,25.1,Residential,IND-AP-VSP-DVD-LP464-B464-F02-201
PROP-B464-F03-U301,B464,LP464,3,301,25.1,Residential,IND-AP-VSP-DVD-LP464-B464-F03-301